Número do Processo,Localização Atual,Foro,Vara,Controle,Classe,Assunto,Distribuição,reu_preso,Relatório Final,Denúncia,Defesa Prévia,Razões de Apelação,Contrarrazões de Apelação,Sigilo,e-SAJ
1500929-97.2026.8.26.0599,11º Promotor de Justiça de Piracicaba,Foro de Piracicaba,1ª Vara Criminal,2026/000645,Ação Penal - Procedimento Ordinário,Lesão Cometida em Razão da Condição de Mulher,2026-05-25,True,2026-05-25,2026-05-26,,,,Restrito,https://esaj.tjsp.jus.br/cpopg/show.do?processo.codigo=GN0004KBL0000&processo.numero=1500929-97.2026.8.26.0599
1500918-68.2026.8.26.0599,6º Promotor de Justiça de Piracicaba,Foro de Piracicaba,1ª Vara Criminal,2026/000643,Ação Penal - Procedimento Ordinário,Decorrente de Violência Doméstica,2026-05-25,True,2026-05-25,2026-05-26,,,,Restrito,https://esaj.tjsp.jus.br/cpopg/show.do?processo.codigo=GN0004KB80000&processo.numero=1500918-68.2026.8.26.0599
1507660-83.2026.8.26.0446,9º Promotor de Justiça de Piracicaba,Juiz das Garantias - 4ª RAJ - Piracicaba,Vara Regional das Garantias da 4ª RAJ - Piracicaba,2026/009775,Inquérito Policial,Tráfico de Drogas e Condutas Afins,2026-05-22,True,2026-05-25,2026-05-27,,,,Público,https://esaj.tjsp.jus.br/cpopg/show.do?processo.codigo=CE00008050000&processo.numero=1507660-83.2026.8.26.0446
1507701-50.2026.8.26.0446,9º Promotor de Justiça de Piracicaba,Juiz das Garantias - 4ª RAJ - Piracicaba,Vara Regional das Garantias da 4ª RAJ - Piracicaba,2026/009897,Inquérito Policial,Tráfico de Drogas e Condutas Afins,2026-05-25,False,2026-05-27,2026-05-30,,,,Público,https://esaj.tjsp.jus.br/cpopg/show.do?processo.codigo=CE000081C0000&processo.numero=1507701-50.2026.8.26.0446
1507533-48.2026.8.26.0446,11º Promotor de Justiça de Piracicaba,Juiz das Garantias - 4ª RAJ - Piracicaba,Vara Regional das Garantias da 4ª RAJ - Piracicaba,2026/009646,Inquérito Policial,Tráfico de Drogas e Condutas Afins,2026-05-20,True,2026-05-25,2026-05-27,,,,Público,https://esaj.tjsp.jus.br/cpopg/show.do?processo.codigo=CE00007WH0000&processo.numero=1507533-48.2026.8.26.0446
1507460-76.2026.8.26.0446,9º Promotor de Justiça de Piracicaba,Juiz das Garantias - 4ª RAJ - Piracicaba,Vara Regional das Garantias da 4ª RAJ - Piracicaba,2026/009555,Inquérito Policial,Constrangimento ilegal,2026-05-19,True,2026-05-27,2026-05-30,,,,Público,https://esaj.tjsp.jus.br/cpopg/show.do?processo.codigo=CE00007UC0000&processo.numero=1507460-76.2026.8.26.0446
1507262-39.2026.8.26.0446,11º Promotor de Justiça de Piracicaba,Foro de Piracicaba,1ª Vara Criminal,2026/000624,Ação Penal - Procedimento Sumário,Leve,2026-05-19,True,2026-05-20,2026-05-21,,,,Restrito,https://esaj.tjsp.jus.br/cpopg/show.do?processo.codigo=CE00007OD0000&processo.numero=1507262-39.2026.8.26.0446
1507268-46.2026.8.26.0446,6º Promotor de Justiça de Piracicaba,Juiz das Garantias - 4ª RAJ - Piracicaba,Vara Regional das Garantias da 4ª RAJ - Piracicaba,2026/009328,Inquérito Policial,Tráfico de Drogas e Condutas Afins,2026-05-18,False,2026-05-25,2026-05-28,,,,Público,https://esaj.tjsp.jus.br/cpopg/show.do?processo.codigo=CE00007OJ0000&processo.numero=1507268-46.2026.8.26.0446
1506866-47.2026.8.26.0451,9º Promotor de Justiça de Piracicaba,Foro de Piracicaba,2ª Vara Criminal,2026/000623,Inquérito Policial,Extorsão,2026-05-28,True,2026-05-22,2026-05-22,,,,Público,https://esaj.tjsp.jus.br/cpopg/show.do?processo.codigo=CJ000XXLG0000&processo.numero=1506866-47.2026.8.26.0451
1506892-45.2026.8.26.0451,11º Promotor de Justiça de Piracicaba,Foro de Piracicaba,1ª Vara Criminal,2026/000644,Termo Circunstanciado,Desacato,2026-05-25,False,,2026-05-25,,,,Público,https://esaj.tjsp.jus.br/cpopg/show.do?processo.codigo=CJ000XXN30000&processo.numero=1506892-45.2026.8.26.0451
1507205-21.2026.8.26.0446,7º Promotor de Justiça de Piracicaba,Foro de Piracicaba,3ª Vara Criminal,2026/000605,Ação Penal - Procedimento Ordinário,Crime de Descumprimento de Medida Protetiva  de Urgência,2026-05-19,True,2026-05-15,2026-05-25,,,,Restrito,https://esaj.tjsp.jus.br/cpopg/show.do?processo.codigo=CE00007MQ0000&processo.numero=1507205-21.2026.8.26.0446
1507117-80.2026.8.26.0446,6º Promotor de Justiça de Piracicaba,Foro de Piracicaba,4ª Vara Criminal,2026/000715,Inquérito Policial,Tráfico de Drogas e Condutas Afins,2026-05-29,True,2026-05-25,2026-05-27,,,,Público,https://esaj.tjsp.jus.br/cpopg/show.do?processo.codigo=CE00007K90000&processo.numero=1507117-80.2026.8.26.0446
1507153-25.2026.8.26.0446,11º Promotor de Justiça de Piracicaba,Juiz das Garantias - 4ª RAJ - Piracicaba,Vara Regional das Garantias da 4ª RAJ - Piracicaba,2026/009207,Inquérito Policial,Tráfico de Drogas e Condutas Afins,2026-05-14,False,2026-05-27,2026-05-29,,,,Público,https://esaj.tjsp.jus.br/cpopg/show.do?processo.codigo=CE00007LA0000&processo.numero=1507153-25.2026.8.26.0446
1506997-37.2026.8.26.0446,7º Promotor de Justiça de Piracicaba,Juiz das Garantias - 4ª RAJ - Piracicaba,Vara Regional das Garantias da 4ª RAJ - Piracicaba,2026/009040,Auto de Prisão em Flagrante,Tráfico de Drogas e Condutas Afins,2026-05-12,False,,2026-05-13,,,,Público,https://esaj.tjsp.jus.br/cpopg/show.do?processo.codigo=CE00007GU0000&processo.numero=1506997-37.2026.8.26.0446
1507023-35.2026.8.26.0446,18º Promotor de Justiça de Piracicaba,Foro de Piracicaba,4ª Vara Criminal,2026/000617,Ação Penal - Procedimento Ordinário,Crime de Descumprimento de Medida Protetiva  de Urgência,2026-05-13,True,2026-05-15,2026-05-19,,,,Restrito,https://esaj.tjsp.jus.br/cpopg/show.do?processo.codigo=CE00007HK0000&processo.numero=1507023-35.2026.8.26.0446
1506840-64.2026.8.26.0446,11º Promotor de Justiça de Piracicaba,Foro de Piracicaba,1ª Vara Criminal,2026/000656,Inquérito Policial,Tráfico de Drogas e Condutas Afins,2026-05-26,True,2026-05-20,2026-05-20,,,,Público,https://esaj.tjsp.jus.br/cpopg/show.do?processo.codigo=CE00007C80000&processo.numero=1506840-64.2026.8.26.0446
1506899-52.2026.8.26.0446,18º Promotor de Justiça de Piracicaba,Foro de Piracicaba,4ª Vara Criminal,2026/000655,Inquérito Policial,Tráfico de Drogas e Condutas Afins,2026-05-20,True,2026-05-15,2026-05-18,,,,Público,https://esaj.tjsp.jus.br/cpopg/show.do?processo.codigo=CE00007DX0000&processo.numero=1506899-52.2026.8.26.0446
1506942-86.2026.8.26.0446,6º Promotor de Justiça de Piracicaba,Foro de Piracicaba,1ª Vara Criminal,2026/000600,Ação Penal - Procedimento Ordinário,Crime de Descumprimento de Medida Protetiva  de Urgência,2026-05-12,True,2026-05-13,2026-05-13,,,,Restrito,https://esaj.tjsp.jus.br/cpopg/show.do?processo.codigo=CE00007F40000&processo.numero=1506942-86.2026.8.26.0446
1500853-73.2026.8.26.0599,11º Promotor de Justiça de Piracicaba,Foro de Piracicaba,1ª Vara Criminal,2026/000595,Ação Penal - Procedimento Ordinário,Crime de Descumprimento de Medida Protetiva  de Urgência,2026-05-11,True,2026-05-11,2026-05-12,,,,Restrito,https://esaj.tjsp.jus.br/cpopg/show.do?processo.codigo=GN0004K9D0000&processo.numero=1500853-73.2026.8.26.0599
1500834-67.2026.8.26.0599,11º Promotor de Justiça de Piracicaba,Foro de Piracicaba,1ª Vara Criminal,2026/000586,Ação Penal - Procedimento Ordinário,Lesão Cometida em Razão da Condição de Mulher,2026-05-11,False,2026-05-12,2026-05-12,2026-05-14,,,Restrito,https://esaj.tjsp.jus.br/cpopg/show.do?processo.codigo=GN0004K8R0000&processo.numero=1500834-67.2026.8.26.0599
1500838-07.2026.8.26.0599,10º Promotor de Justiça de Piracicaba,Foro de Piracicaba,2ª Vara Criminal,2026/000607,Ação Penal - Procedimento Ordinário,Furto,2026-05-22,True,2026-05-15,2026-05-19,,,,Público,https://esaj.tjsp.jus.br/cpopg/show.do?processo.codigo=GN0004K8V0000&processo.numero=1500838-07.2026.8.26.0599
1506758-33.2026.8.26.0446,7º Promotor de Justiça de Piracicaba,Foro de Piracicaba,3ª Vara Criminal,2026/000618,Ação Penal - Procedimento Ordinário,Roubo,2026-05-22,True,2026-05-18,2026-05-20,,,,Público,https://esaj.tjsp.jus.br/cpopg/show.do?processo.codigo=CE000079X0000&processo.numero=1506758-33.2026.8.26.0446
1506715-81.2026.8.26.0451,10º Promotor de Justiça de Piracicaba,Foro de Piracicaba,2ª Vara Criminal,2026/000558,Ação Penal - Procedimento Ordinário,Lesão Cometida em Razão da Condição de Mulher,2026-05-11,True,2026-05-07,2026-05-13,,,,Restrito,https://esaj.tjsp.jus.br/cpopg/show.do?processo.codigo=CJ000XX430000&processo.numero=1506715-81.2026.8.26.0451
1506567-85.2026.8.26.0446,7º Promotor de Justiça de Piracicaba,Foro de Piracicaba,3ª Vara Criminal,2026/000595,Inquérito Policial,Tráfico de Drogas e Condutas Afins,2026-05-18,False,2026-05-11,2026-05-14,,,,Público,https://esaj.tjsp.jus.br/cpopg/show.do?processo.codigo=CE000073Z0000&processo.numero=1506567-85.2026.8.26.0446
1500824-23.2026.8.26.0599,11º Promotor de Justiça de Piracicaba,Foro de Piracicaba,1ª Vara Criminal,2026/000568,Ação Penal - Procedimento Ordinário,Ameaça,2026-05-05,True,,2026-05-08,,,,Restrito,https://esaj.tjsp.jus.br/cpopg/show.do?processo.codigo=GN0004K8G0000&processo.numero=1500824-23.2026.8.26.0599
1506517-59.2026.8.26.0446,11º Promotor de Justiça de Piracicaba,Foro de Piracicaba,1ª Vara Criminal,2026/000605,Ação Penal - Procedimento Ordinário,Furto,2026-05-13,True,2026-05-08,2026-05-11,,,,Público,https://esaj.tjsp.jus.br/cpopg/show.do?processo.codigo=CE000072J0000&processo.numero=1506517-59.2026.8.26.0446
1506686-31.2026.8.26.0451,9º Promotor de Justiça de Piracicaba,Foro de Piracicaba,2ª Vara Criminal,2026/000573,Inquérito Policial,Tráfico de Drogas e Condutas Afins,2026-05-13,True,2026-05-07,2026-05-11,,,,Público,https://esaj.tjsp.jus.br/cpopg/show.do?processo.codigo=CJ000XX0A0000&processo.numero=1506686-31.2026.8.26.0451
1506358-19.2026.8.26.0446,11º Promotor de Justiça de Piracicaba,Foro de Piracicaba,1ª Vara Criminal,2026/000566,Ação Penal - Procedimento Ordinário,Lesão Cometida em Razão da Condição de Mulher,2026-05-05,False,2026-05-05,2026-05-07,,,,Restrito,https://esaj.tjsp.jus.br/cpopg/show.do?processo.codigo=CE00006XP0000&processo.numero=1506358-19.2026.8.26.0446
1506359-04.2026.8.26.0446,7º Promotor de Justiça de Piracicaba,Foro de Piracicaba,3ª Vara Criminal,2026/000608,Ação Penal - Procedimento Ordinário,Crimes de Trânsito,2026-05-19,False,2026-05-14,2026-05-18,,,,Público,https://esaj.tjsp.jus.br/cpopg/show.do?processo.codigo=CE00006XQ0000&processo.numero=1506359-04.2026.8.26.0446
1506391-09.2026.8.26.0446,6º Promotor de Justiça de Piracicaba,Foro de Piracicaba,1ª Vara Criminal,2026/000569,Ação Penal - Procedimento Ordinário,Crime de Descumprimento de Medida Protetiva  de Urgência,2026-05-05,False,2026-05-05,2026-05-06,,,,Restrito,https://esaj.tjsp.jus.br/cpopg/show.do?processo.codigo=CE00006YP0000&processo.numero=1506391-09.2026.8.26.0446
1506404-08.2026.8.26.0446,18º Promotor de Justiça de Piracicaba,Juiz das Garantias - 4ª RAJ - Piracicaba,Vara Regional das Garantias da 4ª RAJ - Piracicaba,2026/008279,Inquérito Policial,Receptação,2026-05-04,True,2026-05-21,2026-05-29,,,,Público,https://esaj.tjsp.jus.br/cpopg/show.do?processo.codigo=CE00006Z90000&processo.numero=1506404-08.2026.8.26.0446
1506410-15.2026.8.26.0446,18º Promotor de Justiça de Piracicaba,Foro de Piracicaba,4ª Vara Criminal,2026/000679,Inquérito Policial,Tráfico de Drogas e Condutas Afins,2026-05-26,True,2026-05-19,2026-05-22,,,,Público,https://esaj.tjsp.jus.br/cpopg/show.do?processo.codigo=CE00006ZG0000&processo.numero=1506410-15.2026.8.26.0446
1500818-16.2026.8.26.0599,11º Promotor de Justiça de Piracicaba,Foro de Piracicaba,1ª Vara Criminal,2026/000556,Ação Penal - Procedimento Ordinário,Lesão Cometida em Razão da Condição de Mulher,2026-05-04,True,2026-05-06,2026-05-07,,,,Restrito,https://esaj.tjsp.jus.br/cpopg/show.do?processo.codigo=GN0004K890000&processo.numero=1500818-16.2026.8.26.0599
1500819-98.2026.8.26.0599,17º Promotor de Justiça de Piracicaba,Foro de Piracicaba,4ª Vara Criminal,2026/000630,Ação Penal - Procedimento Ordinário,Crimes de Trânsito,2026-05-15,True,2026-05-08,2026-05-11,,,,Público,https://esaj.tjsp.jus.br/cpopg/show.do?processo.codigo=GN0004K8A0000&processo.numero=1500819-98.2026.8.26.0599
1506353-94.2026.8.26.0446,18º Promotor de Justiça de Piracicaba,Foro de Piracicaba,4ª Vara Criminal,2026/000585,Ação Penal - Procedimento Ordinário,Favorecimento da prostituição ou outra forma de exploração sexual de vulnerável,2026-05-05,False,2026-05-05,2026-05-08,,,,Restrito,https://esaj.tjsp.jus.br/cpopg/show.do?processo.codigo=CE00006XK0000&processo.numero=1506353-94.2026.8.26.0446
1500800-92.2026.8.26.0599,6º Promotor de Justiça de Piracicaba,Foro de Piracicaba,1ª Vara Criminal,2026/000559,Ação Penal - Procedimento Ordinário,Lesão Cometida em Razão da Condição de Mulher,2026-05-04,True,2026-05-10,2026-05-13,,,,Restrito,https://esaj.tjsp.jus.br/cpopg/show.do?processo.codigo=GN0004K7Q0000&processo.numero=1500800-92.2026.8.26.0599
1500801-77.2026.8.26.0599,17º Promotor de Justiça de Piracicaba,Foro de Piracicaba,4ª Vara Criminal,2026/000636,Inquérito Policial,Tráfico de Drogas e Condutas Afins,2026-05-18,True,2026-05-11,2026-05-14,,,,Público,https://esaj.tjsp.jus.br/cpopg/show.do?processo.codigo=GN0004K7R0000&processo.numero=1500801-77.2026.8.26.0599
1500805-17.2026.8.26.0599,6º Promotor de Justiça de Piracicaba,Juiz das Garantias - 4ª RAJ - Piracicaba,Vara Regional das Garantias da 4ª RAJ - Piracicaba,2026/008219,Inquérito Policial,Tráfico de Drogas e Condutas Afins,2026-05-04,False,2026-05-07,2026-05-08,,,,Público,https://esaj.tjsp.jus.br/cpopg/show.do?processo.codigo=GN0004K7V0000&processo.numero=1500805-17.2026.8.26.0599
1500806-02.2026.8.26.0599,7º Promotor de Justiça de Piracicaba,Juiz das Garantias - 4ª RAJ - Piracicaba,Vara Regional das Garantias da 4ª RAJ - Piracicaba,2026/008215,Inquérito Policial,Furto,2026-05-04,False,2026-05-08,2026-05-11,,,,Público,https://esaj.tjsp.jus.br/cpopg/show.do?processo.codigo=GN0004K7W0000&processo.numero=1500806-02.2026.8.26.0599
1500815-61.2026.8.26.0599,11º Promotor de Justiça de Piracicaba,Juiz das Garantias - 4ª RAJ - Piracicaba,Vara Regional das Garantias da 4ª RAJ - Piracicaba,2026/008275,Inquérito Policial,Tráfico de Drogas e Condutas Afins,2026-05-04,False,2026-05-11,2026-05-13,,,,Público,https://esaj.tjsp.jus.br/cpopg/show.do?processo.codigo=GN0004K860000&processo.numero=1500815-61.2026.8.26.0599
1506653-41.2026.8.26.0451,6º Promotor de Justiça de Piracicaba,Foro de Piracicaba,1ª Vara Criminal,2026/000581,Termo Circunstanciado,Resistência,2026-05-08,False,,2026-05-11,,,,Público,https://esaj.tjsp.jus.br/cpopg/show.do?processo.codigo=CJ000XWU50000&processo.numero=1506653-41.2026.8.26.0451
1500791-33.2026.8.26.0599,6º Promotor de Justiça de Piracicaba,Foro de Piracicaba,1ª Vara Criminal,2026/000620,Inquérito Policial,Tráfico de Drogas e Condutas Afins,2026-05-18,True,2026-05-08,2026-05-13,,,,Público,https://esaj.tjsp.jus.br/cpopg/show.do?processo.codigo=GN0004K7F0000&processo.numero=1500791-33.2026.8.26.0599
1500793-03.2026.8.26.0599,9º Promotor de Justiça de Piracicaba,Foro de Piracicaba,2ª Vara Criminal,2026/000532,Ação Penal - Procedimento Ordinário,Decorrente de Violência Doméstica,2026-05-04,True,2026-05-05,2026-05-06,,,,Restrito,https://esaj.tjsp.jus.br/cpopg/show.do?processo.codigo=GN0004K7M0000&processo.numero=1500793-03.2026.8.26.0599
1500784-41.2026.8.26.0599,10º Promotor de Justiça de Piracicaba,Foro de Piracicaba,2ª Vara Criminal,2026/000567,Inquérito Policial,Tráfico de Drogas e Condutas Afins,2026-05-12,True,2026-05-04,2026-05-07,2026-05-29,,,Público,https://esaj.tjsp.jus.br/cpopg/show.do?processo.codigo=GN0004K780000&processo.numero=1500784-41.2026.8.26.0599
1506256-94.2026.8.26.0446,7º Promotor de Justiça de Piracicaba,Foro de Piracicaba,3ª Vara Criminal,2026/000636,Inquérito Policial,Furto Qualificado,2026-05-28,True,2026-05-06,2026-05-11,,,,Público,https://esaj.tjsp.jus.br/cpopg/show.do?processo.codigo=CE00006UT0000&processo.numero=1506256-94.2026.8.26.0446
1506259-49.2026.8.26.0446,10º Promotor de Justiça de Piracicaba,Foro de Piracicaba,2ª Vara Criminal,2026/000589,Procedimento Especial da Lei Antitóxicos,Tráfico de Drogas e Condutas Afins,2026-05-18,True,2026-05-07,2026-05-12,,,,Público,https://esaj.tjsp.jus.br/cpopg/show.do?processo.codigo=CE00006UW0000&processo.numero=1506259-49.2026.8.26.0446
1506193-69.2026.8.26.0446,4º Promotor de Justiça de Piracicaba,Foro de Piracicaba,3ª Vara Criminal,2026/000573,Ação Penal - Procedimento Ordinário,"Crimes de ""Lavagem"" ou Ocultação de Bens, Direitos ou Valores",2026-05-13,True,2026-05-08,2026-05-11,,,,Restrito,https://esaj.tjsp.jus.br/cpopg/show.do?processo.codigo=CE00006T20000&processo.numero=1506193-69.2026.8.26.0446
1500770-57.2026.8.26.0599,6º Promotor de Justiça de Piracicaba,Foro de Piracicaba,1ª Vara Criminal,2026/000551,Ação Penal - Procedimento Ordinário,Lesão Cometida em Razão da Condição de Mulher,2026-04-30,False,2026-05-04,2026-05-04,,,,Restrito,https://esaj.tjsp.jus.br/cpopg/show.do?processo.codigo=GN0004K6U0000&processo.numero=1500770-57.2026.8.26.0599
1506089-77.2026.8.26.0446,18º Promotor de Justiça de Piracicaba,Foro de Piracicaba,4ª Vara Criminal,2026/000613,Ação Penal - Procedimento Ordinário,Furto Qualificado,2026-05-12,True,2026-05-07,2026-05-08,,,,Público,https://esaj.tjsp.jus.br/cpopg/show.do?processo.codigo=CE00006PS0000&processo.numero=1506089-77.2026.8.26.0446
1506106-16.2026.8.26.0446,10º Promotor de Justiça de Piracicaba,Juiz das Garantias - 4ª RAJ - Piracicaba,Vara Regional das Garantias da 4ª RAJ - Piracicaba,2026/007815,Auto de Prisão em Flagrante,Tráfico de Drogas e Condutas Afins,2026-04-28,True,2026-05-21,,,,,Público,https://esaj.tjsp.jus.br/cpopg/show.do?processo.codigo=CE00006QH0000&processo.numero=1506106-16.2026.8.26.0446
1506157-27.2026.8.26.0446,9º Promotor de Justiça de Piracicaba,Foro de Piracicaba,2ª Vara Criminal,2026/000582,Procedimento Especial da Lei Antitóxicos,Tráfico de Drogas e Condutas Afins,2026-05-15,True,2026-05-07,2026-05-08,,,,Público,https://esaj.tjsp.jus.br/cpopg/show.do?processo.codigo=CE00006RX0000&processo.numero=1506157-27.2026.8.26.0446
1506019-60.2026.8.26.0446,7º Promotor de Justiça de Piracicaba,Foro de Piracicaba,3ª Vara Criminal,2026/000538,Ação Penal - Procedimento Ordinário,Lesão Cometida em Razão da Condição de Mulher,2026-05-05,False,2026-04-28,2026-04-30,,,,Restrito,https://esaj.tjsp.jus.br/cpopg/show.do?processo.codigo=CE00006NS0000&processo.numero=1506019-60.2026.8.26.0446
1506044-73.2026.8.26.0446,11º Promotor de Justiça de Piracicaba,Foro de Piracicaba,1ª Vara Criminal,2026/000576,Ação Penal - Procedimento Ordinário,Furto Qualificado,2026-05-07,True,2026-04-28,2026-05-05,,,,Público,https://esaj.tjsp.jus.br/cpopg/show.do?processo.codigo=CE00006OI0000&processo.numero=1506044-73.2026.8.26.0446
1506070-71.2026.8.26.0446,7º Promotor de Justiça de Piracicaba,Foro de Piracicaba,3ª Vara Criminal,2026/000627,Inquérito Policial,Tráfico de Drogas e Condutas Afins,2026-05-26,True,2026-05-19,2026-05-20,,,,Público,https://esaj.tjsp.jus.br/cpopg/show.do?processo.codigo=CE00006P90000&processo.numero=1506070-71.2026.8.26.0446
1500738-52.2026.8.26.0599,7º Promotor de Justiça de Piracicaba,Foro de Piracicaba,3ª Vara Criminal,2026/000467,Ação Penal - Procedimento Ordinário,Crime de Descumprimento de Medida Protetiva  de Urgência,2026-04-27,True,2026-04-28,2026-04-30,,,,Restrito,https://esaj.tjsp.jus.br/cpopg/show.do?processo.codigo=GN0004K5U0000&processo.numero=1500738-52.2026.8.26.0599
1505908-76.2026.8.26.0446,17º Promotor de Justiça de Piracicaba,Foro de Piracicaba,4ª Vara Criminal,2026/000614,Inquérito Policial,Tráfico de Drogas e Condutas Afins,2026-05-12,True,2026-04-29,2026-05-08,,,,Público,https://esaj.tjsp.jus.br/cpopg/show.do?processo.codigo=CE00006KD0000&processo.numero=1505908-76.2026.8.26.0446
1505917-38.2026.8.26.0446,11º Promotor de Justiça de Piracicaba,Juiz das Garantias - 4ª RAJ - Piracicaba,Vara Regional das Garantias da 4ª RAJ - Piracicaba,2026/007567,Inquérito Policial,Tráfico de Drogas e Condutas Afins,2026-04-24,False,2026-05-21,2026-05-25,,,,Público,https://esaj.tjsp.jus.br/cpopg/show.do?processo.codigo=CE00006KM0000&processo.numero=1505917-38.2026.8.26.0446
0000315-43.2026.8.26.0446,9º Promotor de Justiça de Piracicaba,Juiz das Garantias - 4ª RAJ - Piracicaba,Vara Regional das Garantias da 4ª RAJ - Piracicaba,2026/007516,Inquérito Policial,Desacato,2026-04-23,False,,2026-05-12,,,,Público,https://esaj.tjsp.jus.br/cpopg/show.do?processo.codigo=CE00006J60000&processo.numero=0000315-43.2026.8.26.0446
1505883-63.2026.8.26.0446,11º Promotor de Justiça de Piracicaba,Foro de Piracicaba,1ª Vara Criminal,2026/000552,Procedimento Especial da Lei Antitóxicos,Tráfico de Drogas e Condutas Afins,2026-04-30,True,2026-04-28,2026-04-29,2026-05-21,,,Público,https://esaj.tjsp.jus.br/cpopg/show.do?processo.codigo=CE00006JO0000&processo.numero=1505883-63.2026.8.26.0446
1505895-77.2026.8.26.0446,6º Promotor de Justiça de Piracicaba,Juiz das Garantias - 4ª RAJ - Piracicaba,Vara Regional das Garantias da 4ª RAJ - Piracicaba,2026/007545,Inquérito Policial,Tráfico de Drogas e Condutas Afins,2026-04-23,False,2026-05-12,2026-05-13,,,,Público,https://esaj.tjsp.jus.br/cpopg/show.do?processo.codigo=CE00006K00000&processo.numero=1505895-77.2026.8.26.0446
1505905-24.2026.8.26.0446,7º Promotor de Justiça de Piracicaba,Foro de Piracicaba,3ª Vara Criminal,2026/000649,Inquérito Policial,Tráfico de Drogas e Condutas Afins,2026-05-28,False,2026-04-30,2026-05-07,,,,Público,https://esaj.tjsp.jus.br/cpopg/show.do?processo.codigo=CE00006KA0000&processo.numero=1505905-24.2026.8.26.0446
1505787-48.2026.8.26.0446,6º Promotor de Justiça de Piracicaba,Foro de Piracicaba,1ª Vara Criminal,2026/000591,Inquérito Policial,Tráfico de Drogas e Condutas Afins,2026-05-11,True,2026-04-29,2026-05-06,,,,Público,https://esaj.tjsp.jus.br/cpopg/show.do?processo.codigo=CE00006GX0000&processo.numero=1505787-48.2026.8.26.0446
1505800-47.2026.8.26.0446,17º Promotor de Justiça de Piracicaba,Foro de Piracicaba,4ª Vara Criminal,2026/000608,Inquérito Policial,Tráfico de Drogas e Condutas Afins,2026-05-11,True,2026-04-30,2026-05-07,,,,Público,https://esaj.tjsp.jus.br/cpopg/show.do?processo.codigo=CE00006HA0000&processo.numero=1505800-47.2026.8.26.0446
1505722-53.2026.8.26.0446,4º Promotor de Justiça de Piracicaba,Foro de Piracicaba,3ª Vara Criminal,2026/000554,Ação Penal - Procedimento Ordinário,Roubo,2026-05-08,True,2026-05-04,2026-05-07,,,,Público,https://esaj.tjsp.jus.br/cpopg/show.do?processo.codigo=CE00006EW0000&processo.numero=1505722-53.2026.8.26.0446
1500724-68.2026.8.26.0599,18º Promotor de Justiça de Piracicaba,Foro de Piracicaba,4ª Vara Criminal,2026/000591,Inquérito Policial,Tráfico de Drogas e Condutas Afins,2026-05-07,True,2026-04-29,2026-05-05,,,,Público,https://esaj.tjsp.jus.br/cpopg/show.do?processo.codigo=GN0004K5D0000&processo.numero=1500724-68.2026.8.26.0599
1500726-38.2026.8.26.0599,11º Promotor de Justiça de Piracicaba,Juiz das Garantias - 4ª RAJ - Piracicaba,Vara Regional das Garantias da 4ª RAJ - Piracicaba,2026/007345,Inquérito Policial,Tráfico de Drogas e Condutas Afins,2026-04-22,False,2026-05-19,2026-05-20,,,,Público,https://esaj.tjsp.jus.br/cpopg/show.do?processo.codigo=GN0004K5F0000&processo.numero=1500726-38.2026.8.26.0599
1500728-08.2026.8.26.0599,6º Promotor de Justiça de Piracicaba,Foro de Piracicaba,1ª Vara Criminal,2026/000523,Inquérito Policial,Leve,2026-04-29,False,2026-04-23,2026-04-29,,,,Restrito,https://esaj.tjsp.jus.br/cpopg/show.do?processo.codigo=GN0004K5I0000&processo.numero=1500728-08.2026.8.26.0599
1500713-39.2026.8.26.0599,7º Promotor de Justiça de Piracicaba,Foro de Piracicaba,3ª Vara Criminal,2026/000576,Inquérito Policial,Tráfico de Drogas e Condutas Afins,2026-05-13,False,2026-04-30,2026-05-08,,,,Público,https://esaj.tjsp.jus.br/cpopg/show.do?processo.codigo=GN0004K520000&processo.numero=1500713-39.2026.8.26.0599
1500719-46.2026.8.26.0599,6º Promotor de Justiça de Piracicaba,Foro de Piracicaba,1ª Vara Criminal,2026/000480,Inquérito Policial,Decorrente de Violência Doméstica,2026-04-22,False,2026-04-23,2026-04-24,,,,Restrito,https://esaj.tjsp.jus.br/cpopg/show.do?processo.codigo=GN0004K580000&processo.numero=1500719-46.2026.8.26.0599
1500685-71.2026.8.26.0599,11º Promotor de Justiça de Piracicaba,Foro de Piracicaba,1ª Vara Criminal,2026/000575,Inquérito Policial,Tráfico de Drogas e Condutas Afins,2026-05-07,True,2026-04-29,2026-05-05,2026-05-29,,,Público,https://esaj.tjsp.jus.br/cpopg/show.do?processo.codigo=GN0004K450000&processo.numero=1500685-71.2026.8.26.0599
1500690-93.2026.8.26.0599,10º Promotor de Justiça de Piracicaba,Foro de Piracicaba,2ª Vara Criminal,2026/000448,Ação Penal - Procedimento Ordinário,Ameaça,2026-04-21,False,2026-04-27,2026-04-27,,,,Restrito,https://esaj.tjsp.jus.br/cpopg/show.do?processo.codigo=GN0004K4A0000&processo.numero=1500690-93.2026.8.26.0599
1505673-12.2026.8.26.0446,4º Promotor de Justiça de Piracicaba,Foro de Piracicaba,3ª Vara Criminal,2026/000544,Inquérito Policial,Tráfico de Drogas e Condutas Afins,2026-05-06,True,2026-04-24,2026-04-29,,,,Público,https://esaj.tjsp.jus.br/cpopg/show.do?processo.codigo=CE00006DI0000&processo.numero=1505673-12.2026.8.26.0446
1505674-94.2026.8.26.0446,11º Promotor de Justiça de Piracicaba,Foro de Piracicaba,1ª Vara Criminal,2026/000474,Inquérito Policial,Ameaça,2026-04-17,False,2026-04-24,2026-04-28,,,,Restrito,https://esaj.tjsp.jus.br/cpopg/show.do?processo.codigo=CE00006DJ0000&processo.numero=1505674-94.2026.8.26.0446
1505581-34.2026.8.26.0446,18º Promotor de Justiça de Piracicaba,Foro de Piracicaba,4ª Vara Criminal,2026/000673,Inquérito Policial,Tráfico de Drogas e Condutas Afins,2026-05-25,False,2026-04-23,2026-05-27,,,,Público,https://esaj.tjsp.jus.br/cpopg/show.do?processo.codigo=CE00006AU0000&processo.numero=1505581-34.2026.8.26.0446
1505588-26.2026.8.26.0446,10º Promotor de Justiça de Piracicaba,Foro de Piracicaba,2ª Vara Criminal,2026/000618,Inquérito Policial,Tráfico de Drogas e Condutas Afins,2026-05-27,False,2026-04-23,2026-04-27,,,,Público,https://esaj.tjsp.jus.br/cpopg/show.do?processo.codigo=CE00006B10000&processo.numero=1505588-26.2026.8.26.0446
1505592-63.2026.8.26.0446,18º Promotor de Justiça de Piracicaba,Foro de Piracicaba,4ª Vara Criminal,2026/000483,Ação Penal - Procedimento Ordinário,Decorrente de Violência Doméstica,2026-04-17,False,2026-04-27,2026-04-28,,,,Restrito,https://esaj.tjsp.jus.br/cpopg/show.do?processo.codigo=CE00006B50000&processo.numero=1505592-63.2026.8.26.0446
1505593-48.2026.8.26.0446,17º Promotor de Justiça de Piracicaba,Foro de Piracicaba,4ª Vara Criminal,2026/000482,Ação Penal - Procedimento Ordinário,Decorrente de Violência Doméstica,2026-04-17,True,2026-04-27,2026-04-28,,,,Restrito,https://esaj.tjsp.jus.br/cpopg/show.do?processo.codigo=CE00006B60000&processo.numero=1505593-48.2026.8.26.0446
1505612-54.2026.8.26.0446,7º Promotor de Justiça de Piracicaba,Juiz das Garantias - 4ª RAJ - Piracicaba,Vara Regional das Garantias da 4ª RAJ - Piracicaba,2026/007143,Inquérito Policial,Tráfico de Drogas e Condutas Afins,2026-04-16,False,2026-05-06,2026-05-08,,,,Público,https://esaj.tjsp.jus.br/cpopg/show.do?processo.codigo=CE00006BR0000&processo.numero=1505612-54.2026.8.26.0446
1506310-45.2026.8.26.0451,9º Promotor de Justiça de Piracicaba,Foro de Piracicaba,2ª Vara Criminal,2026/000500,Ação Penal - Procedimento Ordinário,Leve,2026-04-29,False,,2026-04-30,,,,Público,https://esaj.tjsp.jus.br/cpopg/show.do?processo.codigo=CJ000XVYV0000&processo.numero=1506310-45.2026.8.26.0451
1505493-93.2026.8.26.0446,9º Promotor de Justiça de Piracicaba,Foro de Piracicaba,2ª Vara Criminal,2026/000461,Procedimento Especial da Lei Antitóxicos,Tráfico de Drogas e Condutas Afins,2026-04-23,False,2026-04-16,2026-04-17,2026-05-13,,,Público,https://esaj.tjsp.jus.br/cpopg/show.do?processo.codigo=CE000068Z0000&processo.numero=1505493-93.2026.8.26.0446
1505533-75.2026.8.26.0446,17º Promotor de Justiça de Piracicaba,Foro de Piracicaba,4ª Vara Criminal,2026/000584,Inquérito Policial,Tráfico de Drogas e Condutas Afins,2026-05-05,True,2026-04-30,2026-05-04,,,,Público,https://esaj.tjsp.jus.br/cpopg/show.do?processo.codigo=CE00006A50000&processo.numero=1505533-75.2026.8.26.0446
0000295-52.2026.8.26.0446,9º Promotor de Justiça de Piracicaba,Juiz das Garantias - 4ª RAJ - Piracicaba,Vara Regional das Garantias da 4ª RAJ - Piracicaba,2026/006372,Auto de Prisão em Flagrante,Furto Qualificado,2026-04-07,False,,2026-05-19,,,,Público,https://esaj.tjsp.jus.br/cpopg/show.do?processo.codigo=CE000067I0000&processo.numero=0000295-52.2026.8.26.0446
1500676-12.2026.8.26.0599,11º Promotor de Justiça de Piracicaba,Foro de Piracicaba,1ª Vara Criminal,2026/000524,Ação Penal - Procedimento Ordinário,Furto Qualificado,2026-04-29,True,2026-04-22,2026-04-24,,,,Público,https://esaj.tjsp.jus.br/cpopg/show.do?processo.codigo=GN0004K3W0000&processo.numero=1500676-12.2026.8.26.0599
1505459-21.2026.8.26.0446,4º Promotor de Justiça de Piracicaba,Foro de Piracicaba,3ª Vara Criminal,2026/000492,Procedimento Especial da Lei Antitóxicos,Tráfico de Drogas e Condutas Afins,2026-04-28,True,2026-04-23,2026-04-24,2026-05-19,,,Público,https://esaj.tjsp.jus.br/cpopg/show.do?processo.codigo=CE00006810000&processo.numero=1505459-21.2026.8.26.0446
1505336-23.2026.8.26.0446,17º Promotor de Justiça de Piracicaba,Foro de Piracicaba,4ª Vara Criminal,2026/000624,Inquérito Policial,Tráfico de Drogas e Condutas Afins,2026-05-14,True,2026-05-10,2026-05-12,,,,Público,https://esaj.tjsp.jus.br/cpopg/show.do?processo.codigo=CE000064A0000&processo.numero=1505336-23.2026.8.26.0446
1505339-75.2026.8.26.0446,10º Promotor de Justiça de Piracicaba,Foro de Piracicaba,2ª Vara Criminal,2026/000497,Ação Penal - Procedimento Ordinário,Crimes de Trânsito,2026-04-29,True,2026-04-17,2026-04-27,,,,Público,https://esaj.tjsp.jus.br/cpopg/show.do?processo.codigo=CE000064D0000&processo.numero=1505339-75.2026.8.26.0446
1500667-50.2026.8.26.0599,10º Promotor de Justiça de Piracicaba,Foro de Piracicaba,2ª Vara Criminal,2026/000488,Inquérito Policial,Tráfico de Drogas e Condutas Afins,2026-04-28,True,2026-04-22,2026-04-24,2026-05-28,,,Público,https://esaj.tjsp.jus.br/cpopg/show.do?processo.codigo=GN0004K3M0000&processo.numero=1500667-50.2026.8.26.0599
1505309-40.2026.8.26.0446,4º Promotor de Justiça de Piracicaba,Foro de Piracicaba,3ª Vara Criminal,2026/000614,Inquérito Policial,Tráfico de Drogas e Condutas Afins,2026-05-21,False,2026-04-23,2026-04-24,,,,Público,https://esaj.tjsp.jus.br/cpopg/show.do?processo.codigo=CE000063J0000&processo.numero=1505309-40.2026.8.26.0446
1500658-88.2026.8.26.0599,4º Promotor de Justiça de Piracicaba,Foro de Piracicaba,3ª Vara Criminal,2026/000532,Inquérito Policial,Tráfico de Drogas e Condutas Afins,2026-05-04,True,2026-04-24,2026-04-28,,,,Público,https://esaj.tjsp.jus.br/cpopg/show.do?processo.codigo=GN0004K3D0000&processo.numero=1500658-88.2026.8.26.0599
1500660-58.2026.8.26.0599,7º Promotor de Justiça de Piracicaba,Foro de Piracicaba,3ª Vara Criminal,2026/000588,Inquérito Policial,Tráfico de Drogas e Condutas Afins,2026-05-15,False,2026-04-16,2026-04-17,,,,Público,https://esaj.tjsp.jus.br/cpopg/show.do?processo.codigo=GN0004K3F0000&processo.numero=1500660-58.2026.8.26.0599
1500638-97.2026.8.26.0599,6º Promotor de Justiça de Piracicaba,Foro de Piracicaba,1ª Vara Criminal,2026/000502,Ação Penal - Procedimento Ordinário,Decorrente de Violência Doméstica,2026-04-27,True,2026-04-17,2026-04-28,,,,Restrito,https://esaj.tjsp.jus.br/cpopg/show.do?processo.codigo=GN0004K2Q0000&processo.numero=1500638-97.2026.8.26.0599
1500641-52.2026.8.26.0599,18º Promotor de Justiça de Piracicaba,Foro de Piracicaba,4ª Vara Criminal,2026/000627,Inquérito Policial,Tráfico de Drogas e Condutas Afins,2026-05-15,False,2026-04-15,2026-04-17,,,,Público,https://esaj.tjsp.jus.br/cpopg/show.do?processo.codigo=GN0004K2T0000&processo.numero=1500641-52.2026.8.26.0599
1505255-74.2026.8.26.0446,17º Promotor de Justiça de Piracicaba,Foro de Piracicaba,4ª Vara Criminal,2026/000498,Ação Penal - Procedimento Ordinário,Receptação Qualificada,2026-04-23,False,2026-04-17,2026-04-17,,,,Público,https://esaj.tjsp.jus.br/cpopg/show.do?processo.codigo=CE00006210000&processo.numero=1505255-74.2026.8.26.0446
1505260-96.2026.8.26.0446,18º Promotor de Justiça de Piracicaba,Foro de Piracicaba,4ª Vara Criminal,2026/000641,Inquérito Policial,Tráfico de Drogas e Condutas Afins,2026-05-18,True,2026-05-12,2026-05-14,,,,Público,https://esaj.tjsp.jus.br/cpopg/show.do?processo.codigo=CE00006260000&processo.numero=1505260-96.2026.8.26.0446
1505140-53.2026.8.26.0446,4º Promotor de Justiça de Piracicaba,Foro de Piracicaba,3ª Vara Criminal,2026/000553,Inquérito Policial,Tráfico de Drogas e Condutas Afins,2026-05-08,True,2026-04-30,2026-05-06,,,,Público,https://esaj.tjsp.jus.br/cpopg/show.do?processo.codigo=CE00005YS0000&processo.numero=1505140-53.2026.8.26.0446
1505215-92.2026.8.26.0446,10º Promotor de Justiça de Piracicaba,Juiz das Garantias - 4ª RAJ - Piracicaba,Vara Regional das Garantias da 4ª RAJ - Piracicaba,2026/006694,Auto de Prisão em Flagrante,Roubo,2026-04-09,True,2026-04-09,2026-04-14,,,,Público,https://esaj.tjsp.jus.br/cpopg/show.do?processo.codigo=CE000060W0000&processo.numero=1505215-92.2026.8.26.0446
1505222-84.2026.8.26.0446,4º Promotor de Justiça de Piracicaba,Foro de Piracicaba,3ª Vara Criminal,2026/000461,Inquérito Policial,Tráfico de Drogas e Condutas Afins,2026-04-23,True,2026-04-16,2026-04-17,,,,Público,https://esaj.tjsp.jus.br/cpopg/show.do?processo.codigo=CE00006140000&processo.numero=1505222-84.2026.8.26.0446
1505223-69.2026.8.26.0446,9º Promotor de Justiça de Piracicaba,Foro de Piracicaba,2ª Vara Criminal,2026/000542,Procedimento Especial da Lei Antitóxicos,Tráfico de Drogas e Condutas Afins,2026-05-06,True,2026-04-29,2026-05-04,2026-05-21,,,Público,https://esaj.tjsp.jus.br/cpopg/show.do?processo.codigo=CE00006150000&processo.numero=1505223-69.2026.8.26.0446
1505039-16.2026.8.26.0446,9º Promotor de Justiça de Piracicaba,Foro de Piracicaba,2ª Vara Criminal,2026/000460,Ação Penal - Procedimento Ordinário,Furto Qualificado,2026-04-23,False,2026-04-16,2026-04-17,,,,Público,https://esaj.tjsp.jus.br/cpopg/show.do?processo.codigo=CE00005VQ0000&processo.numero=1505039-16.2026.8.26.0446
1504922-25.2026.8.26.0446,17º Promotor de Justiça de Piracicaba,Foro de Piracicaba,4ª Vara Criminal,2026/000484,Inquérito Policial,Tráfico de Drogas e Condutas Afins,2026-04-17,False,2026-04-10,2026-04-14,,,,Público,https://esaj.tjsp.jus.br/cpopg/show.do?processo.codigo=CE00005SH0000&processo.numero=1504922-25.2026.8.26.0446
1505001-04.2026.8.26.0446,6º Promotor de Justiça de Piracicaba,Foro de Piracicaba,1ª Vara Criminal,2026/000473,Procedimento Especial da Lei Antitóxicos,Tráfico de Drogas e Condutas Afins,2026-04-17,True,2026-04-09,2026-04-10,2026-05-11,,,Público,https://esaj.tjsp.jus.br/cpopg/show.do?processo.codigo=CE00005UO0000&processo.numero=1505001-04.2026.8.26.0446
1506168-41.2026.8.26.0451,9º Promotor de Justiça de Piracicaba,Foro de Piracicaba,2ª Vara Criminal,2026/000444,Procedimento Especial da Lei Antitóxicos,Tráfico de Drogas e Condutas Afins,2026-04-17,True,2026-04-13,2026-04-16,2026-05-11,,,Público,https://esaj.tjsp.jus.br/cpopg/show.do?processo.codigo=CJ000XVBU0000&processo.numero=1506168-41.2026.8.26.0451
1506139-88.2026.8.26.0451,13º Promotor de Justiça de Piracicaba,Foro de Piracicaba,Vara do Juizado Especial Cível e Criminal,2026/000289,Termo Circunstanciado,Desacato,2026-04-06,False,,2026-04-15,,,,Público,https://esaj.tjsp.jus.br/cpopg/show.do?processo.codigo=CJ000XV8R0000&processo.numero=1506139-88.2026.8.26.0451
1504807-04.2026.8.26.0446,11º Promotor de Justiça de Piracicaba,Juiz das Garantias - 4ª RAJ - Piracicaba,Vara Regional das Garantias da 4ª RAJ - Piracicaba,2026/006165,Inquérito Policial,Tráfico de Drogas e Condutas Afins,2026-04-05,False,2026-04-30,2026-05-07,,,,Público,https://esaj.tjsp.jus.br/cpopg/show.do?processo.codigo=CE00005OW0000&processo.numero=1504807-04.2026.8.26.0446
1500620-76.2026.8.26.0599,7º Promotor de Justiça de Piracicaba,Foro de Piracicaba,3ª Vara Criminal,2026/000647,Inquérito Policial,Roubo,2026-05-28,False,2026-04-28,2026-05-05,,,,Público,https://esaj.tjsp.jus.br/cpopg/show.do?processo.codigo=GN0004K280000&processo.numero=1500620-76.2026.8.26.0599
1500626-83.2026.8.26.0599,17º Promotor de Justiça de Piracicaba,Foro de Piracicaba,4ª Vara Criminal,2026/000476,Ação Penal - Procedimento Ordinário,Roubo,2026-04-15,True,2026-04-10,2026-04-10,,,,Público,https://esaj.tjsp.jus.br/cpopg/show.do?processo.codigo=GN0004K2E0000&processo.numero=1500626-83.2026.8.26.0599
1500611-17.2026.8.26.0599,18º Promotor de Justiça de Piracicaba,Foro de Piracicaba,4ª Vara Criminal,2026/000501,Ação Penal - Procedimento Ordinário,Roubo,2026-04-23,True,2026-04-10,2026-04-17,,,,Público,https://esaj.tjsp.jus.br/cpopg/show.do?processo.codigo=GN0004K1W0000&processo.numero=1500611-17.2026.8.26.0599
1500614-69.2026.8.26.0599,10º Promotor de Justiça de Piracicaba,Foro de Piracicaba,2ª Vara Criminal,2026/000395,Ação Penal - Procedimento Sumário,Decorrente de Violência Doméstica,2026-04-06,False,2026-04-08,2026-04-13,,,,Restrito,https://esaj.tjsp.jus.br/cpopg/show.do?processo.codigo=GN0004K220000&processo.numero=1500614-69.2026.8.26.0599
1500616-39.2026.8.26.0599,9º Promotor de Justiça de Piracicaba,Foro de Piracicaba,2ª Vara Criminal,2026/000561,Inquérito Policial,Tráfico de Drogas e Condutas Afins,2026-05-11,True,2026-04-30,2026-05-07,,,,Público,https://esaj.tjsp.jus.br/cpopg/show.do?processo.codigo=GN0004K240000&processo.numero=1500616-39.2026.8.26.0599
1500608-62.2026.8.26.0599,6º Promotor de Justiça de Piracicaba,Foro de Piracicaba,1ª Vara Criminal,2026/000459,Procedimento Especial da Lei Antitóxicos,Tráfico de Drogas e Condutas Afins,2026-04-14,True,2026-04-10,2026-04-11,2026-05-14,,,Público,https://esaj.tjsp.jus.br/cpopg/show.do?processo.codigo=GN0004K1T0000&processo.numero=1500608-62.2026.8.26.0599
1504787-13.2026.8.26.0446,11º Promotor de Justiça de Piracicaba,Foro de Piracicaba,1ª Vara Criminal,2026/000565,Inquérito Policial,Tráfico de Drogas e Condutas Afins,2026-05-05,True,2026-04-23,2026-05-04,2026-05-29,,,Público,https://esaj.tjsp.jus.br/cpopg/show.do?processo.codigo=CE00005OC0000&processo.numero=1504787-13.2026.8.26.0446
1504688-43.2026.8.26.0446,10º Promotor de Justiça de Piracicaba,Foro de Piracicaba,2ª Vara Criminal,2026/000548,Inquérito Policial,Tráfico de Drogas e Condutas Afins,2026-05-07,False,2026-04-10,2026-04-10,,,,Público,https://esaj.tjsp.jus.br/cpopg/show.do?processo.codigo=CE00005LE0000&processo.numero=1504688-43.2026.8.26.0446
1504689-28.2026.8.26.0446,4º Promotor de Justiça de Piracicaba,Foro de Piracicaba,3ª Vara Criminal,2026/000440,Procedimento Especial da Lei Antitóxicos,Tráfico de Drogas e Condutas Afins,2026-04-16,True,2026-04-10,2026-04-13,2026-05-11,,,Público,https://esaj.tjsp.jus.br/cpopg/show.do?processo.codigo=CE00005LF0000&processo.numero=1504689-28.2026.8.26.0446
1504608-79.2026.8.26.0446,6º Promotor de Justiça de Piracicaba,Foro de Piracicaba,1ª Vara Criminal,2026/000462,Ação Penal - Procedimento Ordinário,Maus Tratos,2026-04-14,True,2026-04-08,2026-04-09,,,,Público,https://esaj.tjsp.jus.br/cpopg/show.do?processo.codigo=CE00005J40000&processo.numero=1504608-79.2026.8.26.0446
1504521-26.2026.8.26.0446,7º Promotor de Justiça de Piracicaba,Foro de Piracicaba,3ª Vara Criminal,2026/000539,Inquérito Policial,Tráfico de Drogas e Condutas Afins,2026-05-05,False,2026-04-14,2026-04-15,,,,Público,https://esaj.tjsp.jus.br/cpopg/show.do?processo.codigo=CE00005GQ0000&processo.numero=1504521-26.2026.8.26.0446
1500562-73.2026.8.26.0599,18º Promotor de Justiça de Piracicaba,Foro de Piracicaba,4ª Vara Criminal,2026/000447,Procedimento Especial da Lei Antitóxicos,Tráfico de Drogas e Condutas Afins,2026-04-09,True,2026-04-02,2026-04-08,2026-05-08,,,Público,https://esaj.tjsp.jus.br/cpopg/show.do?processo.codigo=GN0004K0A0000&processo.numero=1500562-73.2026.8.26.0599
1500549-74.2026.8.26.0599,10º Promotor de Justiça de Piracicaba,Foro de Piracicaba,2ª Vara Criminal,2026/000538,Procedimento Especial da Lei Antitóxicos,Tráfico de Drogas e Condutas Afins,2026-05-05,True,2026-04-23,2026-04-27,,,,Público,https://esaj.tjsp.jus.br/cpopg/show.do?processo.codigo=GN0004JZS0000&processo.numero=1500549-74.2026.8.26.0599
1504499-65.2026.8.26.0446,10º Promotor de Justiça de Piracicaba,Foro de Piracicaba,2ª Vara Criminal,2026/000366,Ação Penal - Procedimento Sumário,Crime de Descumprimento de Medida Protetiva  de Urgência,2026-03-30,True,2026-04-07,2026-04-13,,,,Restrito,https://esaj.tjsp.jus.br/cpopg/show.do?processo.codigo=CE00005G40000&processo.numero=1504499-65.2026.8.26.0446
1504405-20.2026.8.26.0446,9º Promotor de Justiça de Piracicaba,Foro de Piracicaba,2ª Vara Criminal,2026/000430,Ação Penal - Procedimento Ordinário,Furto,2026-04-14,True,2026-04-01,2026-04-10,2026-04-16,,,Público,https://esaj.tjsp.jus.br/cpopg/show.do?processo.codigo=CE00005D90000&processo.numero=1504405-20.2026.8.26.0446
1504471-97.2026.8.26.0446,7º Promotor de Justiça de Piracicaba,Foro de Piracicaba,3ª Vara Criminal,2026/000579,Inquérito Policial,Tráfico de Drogas e Condutas Afins,2026-05-15,False,2026-04-06,2026-04-14,,,,Público,https://esaj.tjsp.jus.br/cpopg/show.do?processo.codigo=CE00005F50000&processo.numero=1504471-97.2026.8.26.0446
1504363-68.2026.8.26.0446,9º Promotor de Justiça de Piracicaba,Foro de Piracicaba,2ª Vara Criminal,2026/000411,Procedimento Especial da Lei Antitóxicos,Tráfico de Drogas e Condutas Afins,2026-04-08,True,2026-03-30,2026-03-31,2026-05-14,,,Público,https://esaj.tjsp.jus.br/cpopg/show.do?processo.codigo=CE00005C30000&processo.numero=1504363-68.2026.8.26.0446
1504369-75.2026.8.26.0446,7º Promotor de Justiça de Piracicaba,Foro de Piracicaba,3ª Vara Criminal,2026/000409,Procedimento Especial da Lei Antitóxicos,Tráfico de Drogas e Condutas Afins,2026-04-08,True,2026-03-31,2026-03-31,2026-05-04,,,Público,https://esaj.tjsp.jus.br/cpopg/show.do?processo.codigo=CE00005C90000&processo.numero=1504369-75.2026.8.26.0446
1504379-22.2026.8.26.0446,17º Promotor de Justiça de Piracicaba,Foro de Piracicaba,4ª Vara Criminal,2026/000440,Ação Penal - Procedimento Ordinário,Receptação Qualificada,2026-04-07,False,2026-03-31,2026-03-31,2026-04-30,,,Público,https://esaj.tjsp.jus.br/cpopg/show.do?processo.codigo=CE00005CJ0000&processo.numero=1504379-22.2026.8.26.0446
1505916-38.2026.8.26.0451,18º Promotor de Justiça de Piracicaba,Foro de Piracicaba,4ª Vara Criminal,2026/000373,Ação Penal - Procedimento Ordinário,Crimes de Trânsito,2026-03-25,False,2026-03-30,2026-05-14,,,,Público,https://esaj.tjsp.jus.br/cpopg/show.do?processo.codigo=CJ000XUH80000&processo.numero=1505916-38.2026.8.26.0451
1505943-21.2026.8.26.0451,11º Promotor de Justiça de Piracicaba,Foro de Piracicaba,1ª Vara Criminal,2026/000366,Ação Penal - Procedimento Ordinário,Incêndio,2026-03-25,False,2026-03-25,2026-03-25,,,,Público,https://esaj.tjsp.jus.br/cpopg/show.do?processo.codigo=CJ000XUIO0000&processo.numero=1505943-21.2026.8.26.0451
1504188-74.2026.8.26.0446,17º Promotor de Justiça de Piracicaba,Foro de Piracicaba,4ª Vara Criminal,2026/000516,Inquérito Policial,Tráfico de Drogas e Condutas Afins,2026-04-27,True,2026-04-13,2026-04-22,,,,Público,https://esaj.tjsp.jus.br/cpopg/show.do?processo.codigo=CE000056Z0000&processo.numero=1504188-74.2026.8.26.0446
1504194-81.2026.8.26.0446,18º Promotor de Justiça de Piracicaba,Foro de Piracicaba,4ª Vara Criminal,2026/000443,Procedimento Especial da Lei Antitóxicos,Tráfico de Drogas e Condutas Afins,2026-04-08,False,2026-03-30,2026-03-31,2026-05-26,,,Público,https://esaj.tjsp.jus.br/cpopg/show.do?processo.codigo=CE00005750000&processo.numero=1504194-81.2026.8.26.0446
1504245-92.2026.8.26.0446,7º Promotor de Justiça de Piracicaba,Foro de Piracicaba,3ª Vara Criminal,2026/000478,Ação Penal - Procedimento Ordinário,Furto Qualificado,2026-04-28,False,2026-03-31,2026-04-07,,,,Público,https://esaj.tjsp.jus.br/cpopg/show.do?processo.codigo=CE000058L0000&processo.numero=1504245-92.2026.8.26.0446
1504303-95.2026.8.26.0446,10º Promotor de Justiça de Piracicaba,Foro de Piracicaba,2ª Vara Criminal,2026/000437,Procedimento Especial da Lei Antitóxicos,Tráfico de Drogas e Condutas Afins,2026-04-16,False,2026-04-15,2026-04-14,2026-05-15,,,Público,https://esaj.tjsp.jus.br/cpopg/show.do?processo.codigo=CE00005AB0000&processo.numero=1504303-95.2026.8.26.0446
1504096-96.2026.8.26.0446,6º Promotor de Justiça de Piracicaba,Foro de Piracicaba,1ª Vara Criminal,2026/000432,Ação Penal - Procedimento Ordinário,Furto Qualificado,2026-04-07,True,2026-03-26,2026-03-30,,,,Público,https://esaj.tjsp.jus.br/cpopg/show.do?processo.codigo=CE00005460000&processo.numero=1504096-96.2026.8.26.0446
1505637-52.2026.8.26.0451,9º Promotor de Justiça de Piracicaba,Foro de Piracicaba,2ª Vara Criminal,2026/000324,Ação Penal - Procedimento Ordinário,Estelionato,2026-03-23,False,2026-03-27,2026-03-31,,,,Público,https://esaj.tjsp.jus.br/cpopg/show.do?processo.codigo=CJ000XU2O0000&processo.numero=1505637-52.2026.8.26.0451
1504084-82.2026.8.26.0446,11º Promotor de Justiça de Piracicaba,Foro de Piracicaba,1ª Vara Criminal,2026/000347,Ação Penal - Procedimento Sumário,Crime de Descumprimento de Medida Protetiva  de Urgência,2026-03-23,True,2026-03-24,2026-03-26,,,,Restrito,https://esaj.tjsp.jus.br/cpopg/show.do?processo.codigo=CE000053U0000&processo.numero=1504084-82.2026.8.26.0446
1504086-52.2026.8.26.0446,10º Promotor de Justiça de Piracicaba,Foro de Piracicaba,2ª Vara Criminal,2026/000405,Procedimento Especial da Lei Antitóxicos,Tráfico de Drogas e Condutas Afins,2026-04-07,False,2026-03-27,2026-03-27,2026-04-17,,,Público,https://esaj.tjsp.jus.br/cpopg/show.do?processo.codigo=CE000053W0000&processo.numero=1504086-52.2026.8.26.0446
1505633-15.2026.8.26.0451,13º Promotor de Justiça de Piracicaba,Foro de Piracicaba,Vara do Juizado Especial Cível e Criminal,2026/000241,Termo Circunstanciado,Ameaça,2026-03-22,False,,2026-03-27,,,,Público,https://esaj.tjsp.jus.br/cpopg/show.do?processo.codigo=CJ000XU2D0000&processo.numero=1505633-15.2026.8.26.0451
1500533-23.2026.8.26.0599,9º Promotor de Justiça de Piracicaba,Foro de Piracicaba,2ª Vara Criminal,2026/000413,Procedimento Especial da Lei Antitóxicos,Tráfico de Drogas e Condutas Afins,2026-04-09,True,2026-03-30,2026-04-06,2026-04-30,,,Público,https://esaj.tjsp.jus.br/cpopg/show.do?processo.codigo=GN0004JZ90000&processo.numero=1500533-23.2026.8.26.0599
1500534-08.2026.8.26.0599,11º Promotor de Justiça de Piracicaba,Juiz das Garantias - 4ª RAJ - Piracicaba,Vara Regional das Garantias da 4ª RAJ - Piracicaba,2026/005344,Inquérito Policial,Furto,2026-03-22,False,2026-03-24,2026-05-28,,,,Público,https://esaj.tjsp.jus.br/cpopg/show.do?processo.codigo=GN0004JZA0000&processo.numero=1500534-08.2026.8.26.0599
1505632-30.2026.8.26.0451,13º Promotor de Justiça de Piracicaba,Foro de Piracicaba,Vara do Juizado Especial Cível e Criminal,2026/000240,Termo Circunstanciado,Ameaça,2026-03-21,False,,2026-03-26,,,,Público,https://esaj.tjsp.jus.br/cpopg/show.do?processo.codigo=CJ000XU290000&processo.numero=1505632-30.2026.8.26.0451
1500525-46.2026.8.26.0599,9º Promotor de Justiça de Piracicaba,Foro de Piracicaba,2ª Vara Criminal,2026/000321,Ação Penal - Procedimento Sumário,Vias de fato,2026-03-22,False,2026-03-24,2026-03-30,,,,Restrito,https://esaj.tjsp.jus.br/cpopg/show.do?processo.codigo=GN0004JYW0000&processo.numero=1500525-46.2026.8.26.0599
1500526-31.2026.8.26.0599,6º Promotor de Justiça de Piracicaba,Foro de Piracicaba,1ª Vara Criminal,2026/000343,Ação Penal - Procedimento Ordinário,Crime de Descumprimento de Medida Protetiva  de Urgência,2026-03-22,True,2026-03-24,2026-03-25,,,,Restrito,https://esaj.tjsp.jus.br/cpopg/show.do?processo.codigo=GN0004JYX0000&processo.numero=1500526-31.2026.8.26.0599
1500531-53.2026.8.26.0599,7º Promotor de Justiça de Piracicaba,Foro de Piracicaba,3ª Vara Criminal,2026/000405,Ação Penal - Procedimento Ordinário,Crimes do Sistema Nacional de Armas,2026-04-08,True,2026-03-30,2026-03-31,2026-05-12,,,Público,https://esaj.tjsp.jus.br/cpopg/show.do?processo.codigo=GN0004JZ40000&processo.numero=1500531-53.2026.8.26.0599
1504050-10.2026.8.26.0446,11º Promotor de Justiça de Piracicaba,Foro de Piracicaba,1ª Vara Criminal,2026/000678,Inquérito Policial,Furto Qualificado,2026-05-28,False,2026-03-26,2026-05-05,,,,Público,https://esaj.tjsp.jus.br/cpopg/show.do?processo.codigo=CE000052W0000&processo.numero=1504050-10.2026.8.26.0446
1503908-06.2026.8.26.0446,17º Promotor de Justiça de Piracicaba,Foro de Piracicaba,4ª Vara Criminal,2026/000564,Inquérito Policial,Tráfico de Drogas e Condutas Afins,2026-04-30,False,2026-04-08,2026-04-09,,,,Público,https://esaj.tjsp.jus.br/cpopg/show.do?processo.codigo=CE00004YR0000&processo.numero=1503908-06.2026.8.26.0446
1503910-73.2026.8.26.0446,18º Promotor de Justiça de Piracicaba,Foro de Piracicaba,4ª Vara Criminal,2026/000349,Ação Penal - Procedimento Ordinário,Lesão Cometida em Razão da Condição de Mulher,2026-03-19,False,2026-03-19,2026-03-20,,,,Restrito,https://esaj.tjsp.jus.br/cpopg/show.do?processo.codigo=CE00004YT0000&processo.numero=1503910-73.2026.8.26.0446
1503975-68.2026.8.26.0446,6º Promotor de Justiça de Piracicaba,Foro de Piracicaba,1ª Vara Criminal,2026/000500,Inquérito Policial,Tráfico de Drogas e Condutas Afins,2026-04-27,False,2026-03-31,2026-04-02,,,,Público,https://esaj.tjsp.jus.br/cpopg/show.do?processo.codigo=CE000050N0000&processo.numero=1503975-68.2026.8.26.0446
1503852-70.2026.8.26.0446,6º Promotor de Justiça de Piracicaba,Foro de Piracicaba,1ª Vara Criminal,2026/000472,Inquérito Policial,Tráfico de Drogas e Condutas Afins,2026-04-17,True,2026-04-13,2026-04-14,2026-05-26,,,Público,https://esaj.tjsp.jus.br/cpopg/show.do?processo.codigo=CE00004X20000&processo.numero=1503852-70.2026.8.26.0446
1503649-11.2026.8.26.0446,17º Promotor de Justiça de Piracicaba,Foro de Piracicaba,4ª Vara Criminal,2026/000430,Procedimento Especial da Lei Antitóxicos,Tráfico de Drogas e Condutas Afins,2026-04-06,True,2026-03-19,2026-03-27,2026-04-23,2026-05-25,,Público,https://esaj.tjsp.jus.br/cpopg/show.do?processo.codigo=CE00004R30000&processo.numero=1503649-11.2026.8.26.0446
1503686-38.2026.8.26.0446,4º Promotor de Justiça de Piracicaba,Foro de Piracicaba,3ª Vara Criminal,2026/000370,Ação Penal - Procedimento Ordinário,Furto Qualificado,2026-03-30,True,2026-03-19,2026-03-26,,,,Público,https://esaj.tjsp.jus.br/cpopg/show.do?processo.codigo=CE00004S60000&processo.numero=1503686-38.2026.8.26.0446
1503689-90.2026.8.26.0446,7º Promotor de Justiça de Piracicaba,Foro de Piracicaba,3ª Vara Criminal,2026/000395,Procedimento Especial da Lei Antitóxicos,Tráfico de Drogas e Condutas Afins,2026-04-06,True,2026-03-25,2026-03-26,2026-04-27,,,Público,https://esaj.tjsp.jus.br/cpopg/show.do?processo.codigo=CE00004S90000&processo.numero=1503689-90.2026.8.26.0446
1500512-47.2026.8.26.0599,6º Promotor de Justiça de Piracicaba,Foro de Piracicaba,1ª Vara Criminal,2026/000433,Procedimento Especial da Lei Antitóxicos,Tráfico de Drogas e Condutas Afins,2026-04-07,True,2026-03-26,2026-03-30,2026-04-30,,,Público,https://esaj.tjsp.jus.br/cpopg/show.do?processo.codigo=GN0004JYJ0000&processo.numero=1500512-47.2026.8.26.0599
1500508-10.2026.8.26.0599,10º Promotor de Justiça de Piracicaba,Foro de Piracicaba,2ª Vara Criminal,2026/000578,Procedimento Especial da Lei Antitóxicos,Tráfico de Drogas e Condutas Afins,2026-05-15,False,2026-04-13,2026-04-15,2026-05-28,,,Público,https://esaj.tjsp.jus.br/cpopg/show.do?processo.codigo=GN0004JYF0000&processo.numero=1500508-10.2026.8.26.0599
1500483-94.2026.8.26.0599,18º Promotor de Justiça de Piracicaba,Foro de Piracicaba,4ª Vara Criminal,2026/000465,Ação Penal - Procedimento Ordinário,Crimes do Sistema Nacional de Armas,2026-04-14,False,2026-03-18,2026-03-24,,,,Restrito,https://esaj.tjsp.jus.br/cpopg/show.do?processo.codigo=GN0004JXP0000&processo.numero=1500483-94.2026.8.26.0599
1500487-34.2026.8.26.0599,7º Promotor de Justiça de Piracicaba,Foro de Piracicaba,3ª Vara Criminal,2026/000445,Procedimento Especial da Lei Antitóxicos,Tráfico de Drogas e Condutas Afins,2026-04-17,True,2026-04-13,2026-04-16,2026-05-10,,,Público,https://esaj.tjsp.jus.br/cpopg/show.do?processo.codigo=GN0004JXT0000&processo.numero=1500487-34.2026.8.26.0599
1500489-04.2026.8.26.0599,10º Promotor de Justiça de Piracicaba,Foro de Piracicaba,2ª Vara Criminal,2026/000397,Procedimento Especial da Lei Antitóxicos,Tráfico de Drogas e Condutas Afins,2026-04-06,True,2026-03-24,2026-03-24,2026-04-27,,,Público,https://esaj.tjsp.jus.br/cpopg/show.do?processo.codigo=GN0004JXV0000&processo.numero=1500489-04.2026.8.26.0599
1500491-71.2026.8.26.0599,18º Promotor de Justiça de Piracicaba,Foro de Piracicaba,4ª Vara Criminal,2026/000441,Procedimento Especial da Lei Antitóxicos,Tráfico de Drogas e Condutas Afins,2026-04-07,True,2026-03-18,2026-03-26,,,,Público,https://esaj.tjsp.jus.br/cpopg/show.do?processo.codigo=GN0004JXX0000&processo.numero=1500491-71.2026.8.26.0599
1503557-33.2026.8.26.0446,9º Promotor de Justiça de Piracicaba,Foro de Piracicaba,2ª Vara Criminal,2026/000301,Ação Penal - Procedimento Ordinário,Decorrente de Violência Doméstica,2026-03-17,False,2026-03-13,2026-03-25,,,,Restrito,https://esaj.tjsp.jus.br/cpopg/show.do?processo.codigo=CE00004OG0000&processo.numero=1503557-33.2026.8.26.0446
1503529-65.2026.8.26.0446,11º Promotor de Justiça de Piracicaba,Foro de Piracicaba,1ª Vara Criminal,2026/000326,Ação Penal - Procedimento Ordinário,Maus Tratos,2026-03-18,False,2026-03-24,2026-03-25,,,,Restrito,https://esaj.tjsp.jus.br/cpopg/show.do?processo.codigo=CE00004NO0000&processo.numero=1503529-65.2026.8.26.0446
1503410-07.2026.8.26.0446,11º Promotor de Justiça de Piracicaba,Foro de Piracicaba,1ª Vara Criminal,2026/000587,Ação Penal - Procedimento Ordinário,Receptação,2026-05-11,False,2026-04-10,2026-04-14,,,,Público,https://esaj.tjsp.jus.br/cpopg/show.do?processo.codigo=CE00004K60000&processo.numero=1503410-07.2026.8.26.0446
1503420-51.2026.8.26.0446,4º Promotor de Justiça de Piracicaba,Foro de Piracicaba,3ª Vara Criminal,2026/000392,Procedimento Especial da Lei Antitóxicos,Tráfico de Drogas e Condutas Afins,2026-04-06,True,2026-03-18,2026-03-23,2026-05-19,,,Público,https://esaj.tjsp.jus.br/cpopg/show.do?processo.codigo=CE00004KG0000&processo.numero=1503420-51.2026.8.26.0446
1503481-09.2026.8.26.0446,10º Promotor de Justiça de Piracicaba,Foro de Piracicaba,2ª Vara Criminal,2026/000417,Inquérito Policial,Tráfico de Drogas e Condutas Afins,2026-04-09,False,2026-03-16,2026-03-16,2026-05-15,,,Público,https://esaj.tjsp.jus.br/cpopg/show.do?processo.codigo=CE00004M90000&processo.numero=1503481-09.2026.8.26.0446
1503342-57.2026.8.26.0446,6º Promotor de Justiça de Piracicaba,Foro de Piracicaba,1ª Vara Criminal,2026/000310,Ação Penal - Procedimento Ordinário,Decorrente de Violência Doméstica,2026-03-13,True,2026-03-12,2026-03-16,,,,Restrito,https://esaj.tjsp.jus.br/cpopg/show.do?processo.codigo=CE00004I60000&processo.numero=1503342-57.2026.8.26.0446
1503384-09.2026.8.26.0446,10º Promotor de Justiça de Piracicaba,Foro de Piracicaba,2ª Vara Criminal,2026/000386,Ação Penal - Procedimento Ordinário,Furto Qualificado,2026-04-01,False,2026-03-13,2026-03-16,,,,Público,https://esaj.tjsp.jus.br/cpopg/show.do?processo.codigo=CE00004JG0000&processo.numero=1503384-09.2026.8.26.0446
1500461-36.2026.8.26.0599,7º Promotor de Justiça de Piracicaba,Foro de Piracicaba,3ª Vara Criminal,2026/000279,Ação Penal - Procedimento Ordinário,Lesão Cometida em Razão da Condição de Mulher,2026-03-11,True,2026-03-13,2026-03-13,,,,Restrito,https://esaj.tjsp.jus.br/cpopg/show.do?processo.codigo=GN0004JX30000&processo.numero=1500461-36.2026.8.26.0599
1500463-06.2026.8.26.0599,7º Promotor de Justiça de Piracicaba,Foro de Piracicaba,3ª Vara Criminal,2026/000385,Ação Penal - Procedimento Ordinário,Roubo,2026-04-01,True,2026-03-12,2026-03-16,,,,Público,https://esaj.tjsp.jus.br/cpopg/show.do?processo.codigo=GN0004JX50000&processo.numero=1500463-06.2026.8.26.0599
1500467-43.2026.8.26.0599,6º Promotor de Justiça de Piracicaba,Foro de Piracicaba,1ª Vara Criminal,2026/000422,Ação Penal - Procedimento Ordinário,Furto,2026-04-06,True,2026-03-18,2026-03-19,,,,Público,https://esaj.tjsp.jus.br/cpopg/show.do?processo.codigo=GN0004JX90000&processo.numero=1500467-43.2026.8.26.0599
1500468-28.2026.8.26.0599,11º Promotor de Justiça de Piracicaba,Foro de Piracicaba,1ª Vara Criminal,2026/000336,Procedimento Especial da Lei Antitóxicos,Tráfico de Drogas e Condutas Afins,2026-03-20,False,2026-03-16,2026-03-18,2026-04-10,,,Público,https://esaj.tjsp.jus.br/cpopg/show.do?processo.codigo=GN0004JXA0000&processo.numero=1500468-28.2026.8.26.0599
1500471-80.2026.8.26.0599,4º Promotor de Justiça de Piracicaba,Foro de Piracicaba,3ª Vara Criminal,2026/000401,Procedimento Especial da Lei Antitóxicos,Tráfico de Drogas e Condutas Afins,2026-04-07,True,2026-03-18,2026-03-23,2026-04-24,,,Público,https://esaj.tjsp.jus.br/cpopg/show.do?processo.codigo=GN0004JXD0000&processo.numero=1500471-80.2026.8.26.0599
1503266-33.2026.8.26.0446,11º Promotor de Justiça de Piracicaba,Foro de Piracicaba,1ª Vara Criminal,2026/000446,Procedimento Especial da Lei Antitóxicos,Tráfico de Drogas e Condutas Afins,2026-04-08,True,2026-03-31,2026-04-06,2026-04-27,,,Público,https://esaj.tjsp.jus.br/cpopg/show.do?processo.codigo=CE00004FY0000&processo.numero=1503266-33.2026.8.26.0446
1503281-02.2026.8.26.0446,17º Promotor de Justiça de Piracicaba,Foro de Piracicaba,4ª Vara Criminal,2026/000434,Procedimento Especial da Lei Antitóxicos,Tráfico de Drogas e Condutas Afins,2026-04-07,False,2026-03-24,2026-03-25,2026-05-26,,,Público,https://esaj.tjsp.jus.br/cpopg/show.do?processo.codigo=CE00004GD0000&processo.numero=1503281-02.2026.8.26.0446
1500453-59.2026.8.26.0599,18º Promotor de Justiça de Piracicaba,Foro de Piracicaba,4ª Vara Criminal,2026/000677,Inquérito Policial,Furto Qualificado,2026-05-26,False,2026-03-18,2026-04-28,,,,Público,https://esaj.tjsp.jus.br/cpopg/show.do?processo.codigo=GN0004JWS0000&processo.numero=1500453-59.2026.8.26.0599
1503166-78.2026.8.26.0446,11º Promotor de Justiça de Piracicaba,Foro de Piracicaba,1ª Vara Criminal,2026/000447,Inquérito Policial,Tráfico de Drogas e Condutas Afins,2026-04-08,False,2026-03-11,2026-03-13,2026-05-07,,,Público,https://esaj.tjsp.jus.br/cpopg/show.do?processo.codigo=CE00004CD0000&processo.numero=1503166-78.2026.8.26.0446
1503173-70.2026.8.26.0446,4º Promotor de Justiça de Piracicaba,Foro de Piracicaba,3ª Vara Criminal,2026/000384,Procedimento Especial da Lei Antitóxicos,Tráfico de Drogas e Condutas Afins,2026-04-01,True,2026-03-16,2026-03-16,2026-05-05,,,Público,https://esaj.tjsp.jus.br/cpopg/show.do?processo.codigo=CE00004CK0000&processo.numero=1503173-70.2026.8.26.0446
1504021-42.2026.8.26.0451,13º Promotor de Justiça de Piracicaba,Foro de Piracicaba,Vara do Juizado Especial Cível e Criminal,2026/000170,Termo Circunstanciado,Contravenções Penais,2026-03-05,False,,2026-03-18,,,,Público,https://esaj.tjsp.jus.br/cpopg/show.do?processo.codigo=CJ000XRSD0000&processo.numero=1504021-42.2026.8.26.0451
1503017-82.2026.8.26.0446,6º Promotor de Justiça de Piracicaba,Foro de Piracicaba,1ª Vara Criminal,2026/000279,Ação Penal - Procedimento Ordinário,Crime de Descumprimento de Medida Protetiva  de Urgência,2026-03-05,True,2026-03-05,2026-03-06,,,,Restrito,https://esaj.tjsp.jus.br/cpopg/show.do?processo.codigo=CE00004870000&processo.numero=1503017-82.2026.8.26.0446
1503037-73.2026.8.26.0446,18º Promotor de Justiça de Piracicaba,Foro de Piracicaba,4ª Vara Criminal,2026/000439,Procedimento Especial da Lei Antitóxicos,Tráfico de Drogas e Condutas Afins,2026-04-07,True,2026-03-30,2026-03-30,2026-05-28,,,Restrito,https://esaj.tjsp.jus.br/cpopg/show.do?processo.codigo=CE000048R0000&processo.numero=1503037-73.2026.8.26.0446
1503042-95.2026.8.26.0446,9º Promotor de Justiça de Piracicaba,Foro de Piracicaba,2ª Vara Criminal,2026/000270,Ação Penal - Procedimento Ordinário,DIREITO PENAL-Crimes contra a liberdade pessoal-Perseguição,2026-03-05,True,2026-03-12,2026-03-16,,,,Restrito,https://esaj.tjsp.jus.br/cpopg/show.do?processo.codigo=CE000048W0000&processo.numero=1503042-95.2026.8.26.0446
1503052-42.2026.8.26.0446,10º Promotor de Justiça de Piracicaba,Foro de Piracicaba,2ª Vara Criminal,2026/000406,Procedimento Especial da Lei Antitóxicos,Tráfico de Drogas e Condutas Afins,2026-04-07,True,2026-03-24,2026-03-27,,,,Público,https://esaj.tjsp.jus.br/cpopg/show.do?processo.codigo=CE00004960000&processo.numero=1503052-42.2026.8.26.0446
1503065-41.2026.8.26.0446,6º Promotor de Justiça de Piracicaba,Foro de Piracicaba,1ª Vara Criminal,2026/000412,Procedimento Especial da Lei Antitóxicos,Tráfico de Drogas e Condutas Afins,2026-04-01,True,2026-03-11,2026-03-11,2026-05-04,,,Público,https://esaj.tjsp.jus.br/cpopg/show.do?processo.codigo=CE000049J0000&processo.numero=1503065-41.2026.8.26.0446
1502911-23.2026.8.26.0446,4º Promotor de Justiça de Piracicaba,Foro de Piracicaba,3ª Vara Criminal,2026/000402,Procedimento Especial da Lei Antitóxicos,Tráfico de Drogas e Condutas Afins,2026-04-07,True,2026-03-18,2026-03-23,2026-05-04,,,Público,https://esaj.tjsp.jus.br/cpopg/show.do?processo.codigo=CE000044X0000&processo.numero=1502911-23.2026.8.26.0446
1502932-96.2026.8.26.0446,9º Promotor de Justiça de Piracicaba,Foro de Piracicaba,2ª Vara Criminal,2026/000522,Ação Penal - Procedimento Ordinário,Furto,2026-04-30,False,2026-04-24,2026-04-29,,,,Público,https://esaj.tjsp.jus.br/cpopg/show.do?processo.codigo=CE000045L0000&processo.numero=1502932-96.2026.8.26.0446
1502950-20.2026.8.26.0446,11º Promotor de Justiça de Piracicaba,Foro de Piracicaba,1ª Vara Criminal,2026/000426,Procedimento Especial da Lei Antitóxicos,Tráfico de Drogas e Condutas Afins,2026-04-07,True,2026-03-24,2026-03-24,2026-05-20,,,Público,https://esaj.tjsp.jus.br/cpopg/show.do?processo.codigo=CE00004640000&processo.numero=1502950-20.2026.8.26.0446
1500445-82.2026.8.26.0599,9º Promotor de Justiça de Piracicaba,Foro de Piracicaba,2ª Vara Criminal,2026/000354,Procedimento Especial da Lei Antitóxicos,Tráfico de Drogas e Condutas Afins,2026-03-27,True,2026-03-06,2026-03-06,2026-05-02,,,Público,https://esaj.tjsp.jus.br/cpopg/show.do?processo.codigo=GN0004JWJ0000&processo.numero=1500445-82.2026.8.26.0599
1502888-77.2026.8.26.0446,9º Promotor de Justiça de Piracicaba,Foro de Piracicaba,2ª Vara Criminal,2026/000271,Ação Penal - Procedimento Sumário,Ameaça,2026-03-05,False,2026-03-04,2026-03-06,,,,Restrito,https://esaj.tjsp.jus.br/cpopg/show.do?processo.codigo=CE000044B0000&processo.numero=1502888-77.2026.8.26.0446
1500442-30.2026.8.26.0599,7º Promotor de Justiça de Piracicaba,Foro de Piracicaba,3ª Vara Criminal,2026/000259,Ação Penal - Procedimento Ordinário,Crime de Descumprimento de Medida Protetiva  de Urgência,2026-03-05,True,2026-03-04,2026-03-06,,,,Restrito,https://esaj.tjsp.jus.br/cpopg/show.do?processo.codigo=GN0004JWG0000&processo.numero=1500442-30.2026.8.26.0599
1500418-02.2026.8.26.0599,7º Promotor de Justiça de Piracicaba,Foro de Piracicaba,3ª Vara Criminal,2026/000428,Inquérito Policial,Tráfico de Drogas e Condutas Afins,2026-04-13,False,2026-03-16,2026-03-20,,,,Público,https://esaj.tjsp.jus.br/cpopg/show.do?processo.codigo=GN0004JVQ0000&processo.numero=1500418-02.2026.8.26.0599
1500423-24.2026.8.26.0599,11º Promotor de Justiça de Piracicaba,Foro de Piracicaba,1ª Vara Criminal,2026/000258,Ação Penal - Procedimento Ordinário,Crime de Descumprimento de Medida Protetiva  de Urgência,2026-03-01,True,2026-03-04,2026-03-05,,,,Restrito,https://esaj.tjsp.jus.br/cpopg/show.do?processo.codigo=GN0004JVV0000&processo.numero=1500423-24.2026.8.26.0599
1502793-47.2026.8.26.0446,17º Promotor de Justiça de Piracicaba,Foro de Piracicaba,4ª Vara Criminal,2026/000322,Ação Penal - Procedimento Ordinário,Roubo,2026-03-12,True,2026-03-06,2026-03-10,2026-03-20,,,Público,https://esaj.tjsp.jus.br/cpopg/show.do?processo.codigo=CE000041C0000&processo.numero=1502793-47.2026.8.26.0446
1502637-59.2026.8.26.0446,11º Promotor de Justiça de Piracicaba,Foro de Piracicaba,1ª Vara Criminal,2026/000307,Procedimento Especial da Lei Antitóxicos,Tráfico de Drogas e Condutas Afins,2026-03-12,True,2026-02-27,2026-03-02,,,,Público,https://esaj.tjsp.jus.br/cpopg/show.do?processo.codigo=CE00003WO0000&processo.numero=1502637-59.2026.8.26.0446
1502663-57.2026.8.26.0446,10º Promotor de Justiça de Piracicaba,Foro de Piracicaba,2ª Vara Criminal,2026/000546,Ação Penal - Procedimento Ordinário,Adulteração de Sinal Identificador de Veículo Automotor,2026-05-07,False,2026-03-02,2026-04-13,,,,Público,https://esaj.tjsp.jus.br/cpopg/show.do?processo.codigo=CE00003XM0000&processo.numero=1502663-57.2026.8.26.0446
1502700-84.2026.8.26.0446,17º Promotor de Justiça de Piracicaba,Foro de Piracicaba,4ª Vara Criminal,2026/000424,Procedimento Especial da Lei Antitóxicos,Tráfico de Drogas e Condutas Afins,2026-04-01,True,2026-03-20,2026-03-26,2026-05-25,,,Público,https://esaj.tjsp.jus.br/cpopg/show.do?processo.codigo=CE00003YN0000&processo.numero=1502700-84.2026.8.26.0446
1502587-33.2026.8.26.0446,18º Promotor de Justiça de Piracicaba,Foro de Piracicaba,4ª Vara Criminal,2026/000347,Ação Penal - Procedimento Ordinário,Crimes do Sistema Nacional de Armas,2026-03-19,True,2026-02-27,2026-03-02,,,,Público,https://esaj.tjsp.jus.br/cpopg/show.do?processo.codigo=CE00003V70000&processo.numero=1502587-33.2026.8.26.0446
1502602-02.2026.8.26.0446,11º Promotor de Justiça de Piracicaba,Foro de Piracicaba,1ª Vara Criminal,2026/000387,Ação Penal - Procedimento Ordinário,Furto Qualificado,2026-03-27,True,2026-03-04,2026-03-09,,,,Público,https://esaj.tjsp.jus.br/cpopg/show.do?processo.codigo=CE00003VO0000&processo.numero=1502602-02.2026.8.26.0446
1502610-76.2026.8.26.0446,11º Promotor de Justiça de Piracicaba,Foro de Piracicaba,1ª Vara Criminal,2026/000238,Ação Penal - Procedimento Ordinário,Crime de Descumprimento de Medida Protetiva  de Urgência,2026-02-25,True,2026-02-26,2026-02-27,,,,Restrito,https://esaj.tjsp.jus.br/cpopg/show.do?processo.codigo=CE00003VX0000&processo.numero=1502610-76.2026.8.26.0446
1502621-08.2026.8.26.0446,10º Promotor de Justiça de Piracicaba,Foro de Piracicaba,2ª Vara Criminal,2026/000319,Procedimento Especial da Lei Antitóxicos,Tráfico de Drogas e Condutas Afins,2026-03-20,True,2026-03-10,2026-03-10,2026-04-14,,,Público,https://esaj.tjsp.jus.br/cpopg/show.do?processo.codigo=CE00003W80000&processo.numero=1502621-08.2026.8.26.0446
1502630-67.2026.8.26.0446,11º Promotor de Justiça de Piracicaba,Foro de Piracicaba,1ª Vara Criminal,2026/000254,Ação Penal - Procedimento Sumário,Ameaça,2026-02-27,False,2026-02-28,2026-03-02,,,,Restrito,https://esaj.tjsp.jus.br/cpopg/show.do?processo.codigo=CE00003WH0000&processo.numero=1502630-67.2026.8.26.0446
1503831-79.2026.8.26.0451,9º Promotor de Justiça de Piracicaba,Foro de Piracicaba,2ª Vara Criminal,2026/000243,Ação Penal - Procedimento Ordinário,Grave,2026-02-27,False,,2026-03-06,,,,Público,https://esaj.tjsp.jus.br/cpopg/show.do?processo.codigo=CJ000XQVO0000&processo.numero=1503831-79.2026.8.26.0451
0000121-43.2026.8.26.0446,7º Promotor de Justiça de Piracicaba,Foro de Piracicaba,3ª Vara Criminal,2026/000228,Ação Penal - Procedimento Ordinário,Decorrente de Violência Doméstica,2026-02-25,True,,2026-03-01,,,,Restrito,https://esaj.tjsp.jus.br/cpopg/show.do?processo.codigo=CE00003TH0000&processo.numero=0000121-43.2026.8.26.0446
1502525-90.2026.8.26.0446,4º Promotor de Justiça de Piracicaba,Foro de Piracicaba,3ª Vara Criminal,2026/000333,Ação Penal - Procedimento Ordinário,Crimes de Trânsito,2026-03-24,True,2026-03-04,2026-03-06,,,,Público,https://esaj.tjsp.jus.br/cpopg/show.do?processo.codigo=CE00003T50000&processo.numero=1502525-90.2026.8.26.0446
1502527-60.2026.8.26.0446,17º Promotor de Justiça de Piracicaba,Foro de Piracicaba,4ª Vara Criminal,2026/000338,Procedimento Especial da Lei Antitóxicos,Tráfico de Drogas e Condutas Afins,2026-03-17,False,2026-03-11,2026-03-12,2026-05-15,,,Público,https://esaj.tjsp.jus.br/cpopg/show.do?processo.codigo=CE00003T70000&processo.numero=1502527-60.2026.8.26.0446
1502546-66.2026.8.26.0446,6º Promotor de Justiça de Piracicaba,Foro de Piracicaba,1ª Vara Criminal,2026/000652,Inquérito Policial,Tráfico de Drogas e Condutas Afins,2026-05-25,False,2026-04-23,2026-04-24,,,,Restrito,https://esaj.tjsp.jus.br/cpopg/show.do?processo.codigo=CE00003U00000&processo.numero=1502546-66.2026.8.26.0446
1502570-94.2026.8.26.0446,10º Promotor de Justiça de Piracicaba,Foro de Piracicaba,2ª Vara Criminal,2026/000236,Ação Penal - Procedimento Ordinário,Lesão Cometida em Razão da Condição de Mulher,2026-02-26,True,2026-02-26,2026-03-02,2026-04-06,,,Restrito,https://esaj.tjsp.jus.br/cpopg/show.do?processo.codigo=CE00003UQ0000&processo.numero=1502570-94.2026.8.26.0446
1500392-04.2026.8.26.0599,6º Promotor de Justiça de Piracicaba,Foro de Piracicaba,1ª Vara Criminal,2026/000482,Inquérito Policial,Tráfico de Drogas e Condutas Afins,2026-04-22,False,2026-04-17,2026-04-14,,,,Público,https://esaj.tjsp.jus.br/cpopg/show.do?processo.codigo=GN0004JUY0000&processo.numero=1500392-04.2026.8.26.0599
1500394-71.2026.8.26.0599,10º Promotor de Justiça de Piracicaba,Foro de Piracicaba,2ª Vara Criminal,2026/000196,Ação Penal - Procedimento Sumário,Ameaça,2026-02-23,False,2026-02-23,2026-02-27,,,,Restrito,https://esaj.tjsp.jus.br/cpopg/show.do?processo.codigo=GN0004JV00000&processo.numero=1500394-71.2026.8.26.0599
1500376-50.2026.8.26.0599,18º Promotor de Justiça de Piracicaba,Foro de Piracicaba,4ª Vara Criminal,2026/000311,Procedimento Especial da Lei Antitóxicos,Tráfico de Drogas e Condutas Afins,2026-03-11,True,2026-02-24,2026-03-11,2026-03-30,,,Público,https://esaj.tjsp.jus.br/cpopg/show.do?processo.codigo=GN0004JUI0000&processo.numero=1500376-50.2026.8.26.0599
1501441-39.2026.8.26.0451,13º Promotor de Justiça de Piracicaba,Foro de Piracicaba,Vara do Juizado Especial Cível e Criminal,2026/000129,Termo Circunstanciado,Resistência,2026-02-20,False,,2026-04-30,,,,Público,https://esaj.tjsp.jus.br/cpopg/show.do?processo.codigo=CJ000XOR10000&processo.numero=1501441-39.2026.8.26.0451
1502476-49.2026.8.26.0446,7º Promotor de Justiça de Piracicaba,Foro de Piracicaba,3ª Vara Criminal,2026/000315,Procedimento Especial da Lei Antitóxicos,Tráfico de Drogas e Condutas Afins,2026-03-19,True,2026-02-25,2026-02-27,2026-04-06,,,Público,https://esaj.tjsp.jus.br/cpopg/show.do?processo.codigo=CE00003RM0000&processo.numero=1502476-49.2026.8.26.0446
1502395-03.2026.8.26.0446,9º Promotor de Justiça de Piracicaba,Foro de Piracicaba,2ª Vara Criminal,2026/000384,Procedimento Especial da Lei Antitóxicos,Tráfico de Drogas e Condutas Afins,2026-04-01,True,2026-03-11,2026-03-11,2026-05-18,,,Público,https://esaj.tjsp.jus.br/cpopg/show.do?processo.codigo=CE00003P70000&processo.numero=1502395-03.2026.8.26.0446
1502463-50.2026.8.26.0446,7º Promotor de Justiça de Piracicaba,Foro de Piracicaba,3ª Vara Criminal,2026/000316,Inquérito Policial,Falsificação de documento público,2026-03-19,True,2026-02-27,2026-03-02,,,,Público,https://esaj.tjsp.jus.br/cpopg/show.do?processo.codigo=CE00003R90000&processo.numero=1502463-50.2026.8.26.0446
1500627-27.2026.8.26.0451,6º Promotor de Justiça de Piracicaba,Foro de Piracicaba,1ª Vara Criminal,2026/000193,Ação Penal - Procedimento Ordinário,Crimes de Trânsito,2026-02-18,False,2026-04-13,2026-04-14,,,,Público,https://esaj.tjsp.jus.br/cpopg/show.do?processo.codigo=CJ000XO5J0000&processo.numero=1500627-27.2026.8.26.0451
1500352-22.2026.8.26.0599,10º Promotor de Justiça de Piracicaba,Foro de Piracicaba,2ª Vara Criminal,2026/000307,Ação Penal - Procedimento Ordinário,Roubo,2026-03-18,True,2026-02-26,2026-02-27,,,,Público,https://esaj.tjsp.jus.br/cpopg/show.do?processo.codigo=GN0004JTR0000&processo.numero=1500352-22.2026.8.26.0599
1500360-96.2026.8.26.0599,18º Promotor de Justiça de Piracicaba,Foro de Piracicaba,4ª Vara Criminal,2026/000201,Ação Penal - Procedimento Ordinário,Leve,2026-02-18,False,2026-02-20,2026-02-23,,,,Restrito,https://esaj.tjsp.jus.br/cpopg/show.do?processo.codigo=GN0004JTZ0000&processo.numero=1500360-96.2026.8.26.0599
1500323-69.2026.8.26.0599,18º Promotor de Justiça de Piracicaba,Foro de Piracicaba,4ª Vara Criminal,2026/000203,Ação Penal - Procedimento Sumário,Vias de fato,2026-02-18,False,2026-02-20,2026-02-20,,,,Restrito,https://esaj.tjsp.jus.br/cpopg/show.do?processo.codigo=GN0004JSW0000&processo.numero=1500323-69.2026.8.26.0599
1500324-54.2026.8.26.0599,7º Promotor de Justiça de Piracicaba,Foro de Piracicaba,3ª Vara Criminal,2026/000375,Procedimento Especial da Lei Antitóxicos,Tráfico de Drogas e Condutas Afins,2026-03-30,False,2026-03-11,2026-03-11,2026-05-14,,,Público,https://esaj.tjsp.jus.br/cpopg/show.do?processo.codigo=GN0004JSX0000&processo.numero=1500324-54.2026.8.26.0599
1500328-91.2026.8.26.0599,7º Promotor de Justiça de Piracicaba,Foro de Piracicaba,3ª Vara Criminal,2026/000177,Ação Penal - Procedimento Ordinário,Crime de Descumprimento de Medida Protetiva  de Urgência,2026-02-18,False,2026-02-20,2026-03-01,,,,Restrito,https://esaj.tjsp.jus.br/cpopg/show.do?processo.codigo=GN0004JT10000&processo.numero=1500328-91.2026.8.26.0599
1500330-61.2026.8.26.0599,10º Promotor de Justiça de Piracicaba,Foro de Piracicaba,2ª Vara Criminal,2026/000349,Ação Penal - Procedimento Ordinário,Furto Qualificado,2026-03-27,False,2026-03-04,2026-03-06,,,,Público,https://esaj.tjsp.jus.br/cpopg/show.do?processo.codigo=GN0004JT30000&processo.numero=1500330-61.2026.8.26.0599
1500309-85.2026.8.26.0599,11º Promotor de Justiça de Piracicaba,Foro de Piracicaba,1ª Vara Criminal,2026/000414,Procedimento Especial da Lei Antitóxicos,Tráfico de Drogas e Condutas Afins,2026-04-01,True,2026-03-13,2026-03-16,2026-05-07,,,Público,https://esaj.tjsp.jus.br/cpopg/show.do?processo.codigo=GN0004JSI0000&processo.numero=1500309-85.2026.8.26.0599
1500317-62.2026.8.26.0599,7º Promotor de Justiça de Piracicaba,Foro de Piracicaba,3ª Vara Criminal,2026/000178,Ação Penal - Procedimento Sumário,Ameaça,2026-02-18,False,2026-02-20,2026-02-24,,,,Restrito,https://esaj.tjsp.jus.br/cpopg/show.do?processo.codigo=GN0004JSQ0000&processo.numero=1500317-62.2026.8.26.0599
1500318-47.2026.8.26.0599,11º Promotor de Justiça de Piracicaba,Foro de Piracicaba,1ª Vara Criminal,2026/000386,Inquérito Policial,Tráfico de Drogas e Condutas Afins,2026-03-27,False,2026-03-05,2026-03-09,,,,Público,https://esaj.tjsp.jus.br/cpopg/show.do?processo.codigo=GN0004JSR0000&processo.numero=1500318-47.2026.8.26.0599
1500609-06.2026.8.26.0451,6º Promotor de Justiça de Piracicaba,Foro de Piracicaba,1ª Vara Criminal,2026/000182,Ação Penal - Procedimento Ordinário,Ameaça,2026-02-13,False,2026-02-20,2026-02-20,,,,Restrito,https://esaj.tjsp.jus.br/cpopg/show.do?processo.codigo=CJ000XO0D0000&processo.numero=1500609-06.2026.8.26.0451
1500615-13.2026.8.26.0451,10º Promotor de Justiça de Piracicaba,Foro de Piracicaba,2ª Vara Criminal,2026/000419,Procedimento Especial da Lei Antitóxicos,Posse de Drogas para Consumo Pessoal,2026-04-11,False,,2026-04-09,,,,Público,https://esaj.tjsp.jus.br/cpopg/show.do?processo.codigo=CJ000XO2A0000&processo.numero=1500615-13.2026.8.26.0451
1502274-72.2026.8.26.0446,11º Promotor de Justiça de Piracicaba,Foro de Piracicaba,1ª Vara Criminal,2026/000337,Ação Penal - Procedimento Ordinário,Roubo,2026-03-20,False,2026-02-26,2026-02-27,,,,Público,https://esaj.tjsp.jus.br/cpopg/show.do?processo.codigo=CE00003LI0000&processo.numero=1502274-72.2026.8.26.0446
1502203-70.2026.8.26.0446,7º Promotor de Justiça de Piracicaba,Foro de Piracicaba,3ª Vara Criminal,2026/000296,Procedimento Especial da Lei Antitóxicos,Tráfico de Drogas e Condutas Afins,2026-03-13,True,2026-02-23,2026-02-23,2026-03-31,,,Público,https://esaj.tjsp.jus.br/cpopg/show.do?processo.codigo=CE00003JG0000&processo.numero=1502203-70.2026.8.26.0446
1500571-91.2026.8.26.0451,13º Promotor de Justiça de Piracicaba,Foro de Piracicaba,Vara do Juizado Especial Cível e Criminal,2026/000104,Termo Circunstanciado,Ameaça,2026-02-11,False,,2026-05-07,,,,Público,https://esaj.tjsp.jus.br/cpopg/show.do?processo.codigo=CJ000XNUR0000&processo.numero=1500571-91.2026.8.26.0451
1502097-11.2026.8.26.0446,17º Promotor de Justiça de Piracicaba,Foro de Piracicaba,4ª Vara Criminal,2026/000288,Procedimento Especial da Lei Antitóxicos,Tráfico de Drogas e Condutas Afins,2026-03-03,False,2026-02-20,2026-02-24,2026-05-26,,,Público,https://esaj.tjsp.jus.br/cpopg/show.do?processo.codigo=CE00003G80000&processo.numero=1502097-11.2026.8.26.0446
1502102-33.2026.8.26.0446,11º Promotor de Justiça de Piracicaba,Foro de Piracicaba,1ª Vara Criminal,2026/000314,Procedimento Especial da Lei Antitóxicos,Tráfico de Drogas e Condutas Afins,2026-03-16,True,2026-02-19,2026-02-24,,,,Público,https://esaj.tjsp.jus.br/cpopg/show.do?processo.codigo=CE00003GD0000&processo.numero=1502102-33.2026.8.26.0446
1500548-48.2026.8.26.0451,18º Promotor de Justiça de Piracicaba,Foro de Piracicaba,4ª Vara Criminal,2026/000167,Ação Penal - Procedimento Ordinário,Crime de Descumprimento de Medida Protetiva  de Urgência,2026-02-09,True,2026-02-20,2026-02-23,,,,Restrito,https://esaj.tjsp.jus.br/cpopg/show.do?processo.codigo=CJ000XNQ60000&processo.numero=1500548-48.2026.8.26.0451
1501930-91.2026.8.26.0446,11º Promotor de Justiça de Piracicaba,Foro de Piracicaba,1ª Vara Criminal,2026/000368,Procedimento Especial da Lei Antitóxicos,Tráfico de Drogas e Condutas Afins,2026-03-25,True,2026-03-06,2026-03-06,2026-05-05,,,Público,https://esaj.tjsp.jus.br/cpopg/show.do?processo.codigo=CE00003BI0000&processo.numero=1501930-91.2026.8.26.0446
1501873-73.2026.8.26.0446,9º Promotor de Justiça de Piracicaba,Foro de Piracicaba,2ª Vara Criminal,2026/000292,Procedimento Especial da Lei Antitóxicos,Tráfico de Drogas e Condutas Afins,2026-03-13,True,2026-02-23,2026-02-24,2026-04-14,,,Público,https://esaj.tjsp.jus.br/cpopg/show.do?processo.codigo=CE000039T0000&processo.numero=1501873-73.2026.8.26.0446
1500280-35.2026.8.26.0599,18º Promotor de Justiça de Piracicaba,Foro de Piracicaba,4ª Vara Criminal,2026/000165,Ação Penal - Procedimento Ordinário,Lesão Cometida em Razão da Condição de Mulher,2026-02-08,True,2026-02-09,2026-02-11,,,,Restrito,https://esaj.tjsp.jus.br/cpopg/show.do?processo.codigo=GN0004JRM0000&processo.numero=1500280-35.2026.8.26.0599
1500262-14.2026.8.26.0599,6º Promotor de Justiça de Piracicaba,Foro de Piracicaba,1ª Vara Criminal,2026/000403,Inquérito Policial,Tráfico de Drogas e Condutas Afins,2026-03-30,True,2026-03-05,2026-03-09,2026-05-29,,,Público,https://esaj.tjsp.jus.br/cpopg/show.do?processo.codigo=GN0004JR00000&processo.numero=1500262-14.2026.8.26.0599
1501818-25.2026.8.26.0446,7º Promotor de Justiça de Piracicaba,Foro de Piracicaba,3ª Vara Criminal,2026/000267,Procedimento Especial da Lei Antitóxicos,Tráfico de Drogas e Condutas Afins,2026-03-09,True,2026-02-19,2026-02-20,2026-04-14,,,Público,https://esaj.tjsp.jus.br/cpopg/show.do?processo.codigo=CE00003840000&processo.numero=1501818-25.2026.8.26.0446
1501819-10.2026.8.26.0446,18º Promotor de Justiça de Piracicaba,Foro de Piracicaba,4ª Vara Criminal,2026/000293,Procedimento Especial da Lei Antitóxicos,Tráfico de Drogas e Condutas Afins,2026-03-04,True,2026-02-11,2026-02-11,2026-03-20,,,Público,https://esaj.tjsp.jus.br/cpopg/show.do?processo.codigo=CE00003850000&processo.numero=1501819-10.2026.8.26.0446
1500533-79.2026.8.26.0451,11º Promotor de Justiça de Piracicaba,Foro de Piracicaba,1ª Vara Criminal,2026/000154,Ação Penal - Procedimento Ordinário,Decorrente de Violência Doméstica,2026-02-05,False,2026-02-06,2026-02-09,,,,Restrito,https://esaj.tjsp.jus.br/cpopg/show.do?processo.codigo=CJ000XNN00000&processo.numero=1500533-79.2026.8.26.0451
1501742-98.2026.8.26.0446,6º Promotor de Justiça de Piracicaba,Foro de Piracicaba,1ª Vara Criminal,2026/000601,Inquérito Policial,Tráfico de Drogas e Condutas Afins,2026-05-12,False,2026-03-13,2026-03-13,,,,Restrito,https://esaj.tjsp.jus.br/cpopg/show.do?processo.codigo=CE00003600000&processo.numero=1501742-98.2026.8.26.0446
1501761-07.2026.8.26.0446,9º Promotor de Justiça de Piracicaba,Foro de Piracicaba,2ª Vara Criminal,2026/000431,Procedimento Especial da Lei Antitóxicos,Tráfico de Drogas e Condutas Afins,2026-04-15,False,2026-03-24,2026-03-24,,,,Público,https://esaj.tjsp.jus.br/cpopg/show.do?processo.codigo=CE000036J0000&processo.numero=1501761-07.2026.8.26.0446
1501772-36.2026.8.26.0446,9º Promotor de Justiça de Piracicaba,Foro de Piracicaba,2ª Vara Criminal,2026/000260,Procedimento Especial da Lei Antitóxicos,Tráfico de Drogas e Condutas Afins,2026-03-03,True,2026-02-10,2026-02-11,2026-04-10,,,Público,https://esaj.tjsp.jus.br/cpopg/show.do?processo.codigo=CE000036U0000&processo.numero=1501772-36.2026.8.26.0446
1501804-41.2026.8.26.0446,7º Promotor de Justiça de Piracicaba,Foro de Piracicaba,3ª Vara Criminal,2026/000266,Ação Penal - Procedimento Ordinário,Furto,2026-03-09,True,2026-02-13,2026-02-19,,,,Público,https://esaj.tjsp.jus.br/cpopg/show.do?processo.codigo=CE000037Q0000&processo.numero=1501804-41.2026.8.26.0446
1501643-31.2026.8.26.0446,9º Promotor de Justiça de Piracicaba,Foro de Piracicaba,2ª Vara Criminal,2026/000313,Procedimento Especial da Lei Antitóxicos,Tráfico de Drogas e Condutas Afins,2026-03-19,False,2026-02-27,2026-03-01,2026-05-15,,,Público,https://esaj.tjsp.jus.br/cpopg/show.do?processo.codigo=CE00003360000&processo.numero=1501643-31.2026.8.26.0446
1501687-50.2026.8.26.0446,11º Promotor de Justiça de Piracicaba,Foro de Piracicaba,1ª Vara Criminal,2026/000284,Ação Penal - Procedimento Ordinário,Roubo,2026-03-06,True,2026-02-11,2026-02-15,,,,Público,https://esaj.tjsp.jus.br/cpopg/show.do?processo.codigo=CE000034E0000&processo.numero=1501687-50.2026.8.26.0446
1501551-53.2026.8.26.0446,17º Promotor de Justiça de Piracicaba,Foro de Piracicaba,4ª Vara Criminal,2026/000170,Ação Penal - Procedimento Ordinário,Decorrente de Violência Doméstica,2026-02-09,False,2026-02-05,2026-02-07,,,,Restrito,https://esaj.tjsp.jus.br/cpopg/show.do?processo.codigo=CE000030J0000&processo.numero=1501551-53.2026.8.26.0446
1501566-22.2026.8.26.0446,9º Promotor de Justiça de Piracicaba,Foro de Piracicaba,2ª Vara Criminal,2026/000343,Procedimento Especial da Lei Antitóxicos,Tráfico de Drogas e Condutas Afins,2026-03-25,False,2026-03-03,2026-03-05,,,,Público,https://esaj.tjsp.jus.br/cpopg/show.do?processo.codigo=CE000030Y0000&processo.numero=1501566-22.2026.8.26.0446
1501567-07.2026.8.26.0446,7º Promotor de Justiça de Piracicaba,Foro de Piracicaba,3ª Vara Criminal,2026/000626,Inquérito Policial,Adulteração de Sinal Identificador de Veículo Automotor,2026-05-25,False,2026-02-11,2026-04-27,,,,Público,https://esaj.tjsp.jus.br/cpopg/show.do?processo.codigo=CE000030Z0000&processo.numero=1501567-07.2026.8.26.0446
1501569-74.2026.8.26.0446,7º Promotor de Justiça de Piracicaba,Juiz das Garantias - 4ª RAJ - Piracicaba,Vara Regional das Garantias da 4ª RAJ - Piracicaba,2026/002292,Inquérito Policial,Estelionato,2026-02-03,False,2026-03-26,2026-05-15,,,,Público,https://esaj.tjsp.jus.br/cpopg/show.do?processo.codigo=CE00003110000&processo.numero=1501569-74.2026.8.26.0446
1501574-96.2026.8.26.0446,11º Promotor de Justiça de Piracicaba,Foro de Piracicaba,1ª Vara Criminal,2026/000179,Ação Penal - Procedimento Ordinário,"Aquisição, Posse ou Armazenamento de Pornografia de Criança ou Adolescente",2026-02-12,True,2026-02-05,2026-02-13,,,,Restrito,https://esaj.tjsp.jus.br/cpopg/show.do?processo.codigo=CE00003160000&processo.numero=1501574-96.2026.8.26.0446
1500253-52.2026.8.26.0599,7º Promotor de Justiça de Piracicaba,Foro de Piracicaba,3ª Vara Criminal,2026/000147,Ação Penal - Procedimento Sumário,Ameaça,2026-02-09,False,2026-02-04,2026-02-13,,,,Restrito,https://esaj.tjsp.jus.br/cpopg/show.do?processo.codigo=GN0004JQR0000&processo.numero=1500253-52.2026.8.26.0599
1501404-27.2026.8.26.0446,17º Promotor de Justiça de Piracicaba,Foro de Piracicaba,4ª Vara Criminal,2026/000270,Procedimento Especial da Lei Antitóxicos,Tráfico de Drogas e Condutas Afins,2026-02-26,True,2026-02-04,2026-02-06,2026-03-31,,,Público,https://esaj.tjsp.jus.br/cpopg/show.do?processo.codigo=CE00002VS0000&processo.numero=1501404-27.2026.8.26.0446
1501416-41.2026.8.26.0446,17º Promotor de Justiça de Piracicaba,Foro de Piracicaba,4ª Vara Criminal,2026/000348,Procedimento Especial da Lei Antitóxicos,Tráfico de Drogas e Condutas Afins,2026-03-19,False,2026-02-27,2026-03-02,2026-03-30,,,Público,https://esaj.tjsp.jus.br/cpopg/show.do?processo.codigo=CE00002W40000&processo.numero=1501416-41.2026.8.26.0446
1501417-26.2026.8.26.0446,4º Promotor de Justiça de Piracicaba,Foro de Piracicaba,3ª Vara Criminal,2026/000342,Procedimento Especial da Lei Antitóxicos,Tráfico de Drogas e Condutas Afins,2026-03-25,False,2026-02-27,2026-03-03,2026-04-06,,,Público,https://esaj.tjsp.jus.br/cpopg/show.do?processo.codigo=CE00002W50000&processo.numero=1501417-26.2026.8.26.0446
1501421-63.2026.8.26.0446,10º Promotor de Justiça de Piracicaba,Foro de Piracicaba,2ª Vara Criminal,2026/000336,Procedimento Especial da Lei Antitóxicos,Tráfico de Drogas e Condutas Afins,2026-03-25,False,2026-03-01,2026-03-03,2026-05-29,,,Público,https://esaj.tjsp.jus.br/cpopg/show.do?processo.codigo=CE00002W90000&processo.numero=1501421-63.2026.8.26.0446
1500236-16.2026.8.26.0599,17º Promotor de Justiça de Piracicaba,Foro de Piracicaba,4ª Vara Criminal,2026/000508,Ação Penal - Procedimento Sumário,Tráfico de Drogas e Condutas Afins,2026-04-24,True,2026-04-12,2026-04-14,,,,Público,https://esaj.tjsp.jus.br/cpopg/show.do?processo.codigo=GN0004JQ50000&processo.numero=1500236-16.2026.8.26.0599
1500239-68.2026.8.26.0599,6º Promotor de Justiça de Piracicaba,Foro de Piracicaba,1ª Vara Criminal,2026/000263,Procedimento Especial da Lei Antitóxicos,Tráfico de Drogas e Condutas Afins,2026-03-02,True,2026-02-05,2026-02-13,2026-04-22,,,Público,https://esaj.tjsp.jus.br/cpopg/show.do?processo.codigo=GN0004JQD0000&processo.numero=1500239-68.2026.8.26.0599
1500416-88.2026.8.26.0451,18º Promotor de Justiça de Piracicaba,Foro de Piracicaba,4ª Vara Criminal,2026/000141,Ação Penal - Procedimento Sumário,Ameaça,2026-01-31,False,2026-01-31,2026-02-03,,,,Restrito,https://esaj.tjsp.jus.br/cpopg/show.do?processo.codigo=CJ000XNAR0000&processo.numero=1500416-88.2026.8.26.0451
1500230-09.2026.8.26.0599,9º Promotor de Justiça de Piracicaba,Foro de Piracicaba,2ª Vara Criminal,2026/000281,Procedimento Especial da Lei Antitóxicos,Tráfico de Drogas e Condutas Afins,2026-03-10,False,2026-02-09,2026-02-18,2026-04-08,,,Restrito,https://esaj.tjsp.jus.br/cpopg/show.do?processo.codigo=GN0004JQ00000&processo.numero=1500230-09.2026.8.26.0599
1500391-75.2026.8.26.0451,9º Promotor de Justiça de Piracicaba,Foro de Piracicaba,2ª Vara Criminal,2026/000123,Ação Penal - Procedimento Ordinário,Desobediência,2026-01-30,False,2026-01-31,2026-02-04,,,,Público,https://esaj.tjsp.jus.br/cpopg/show.do?processo.codigo=CJ000XN9Q0000&processo.numero=1500391-75.2026.8.26.0451
0001105-12.2026.8.26.0451,11º Promotor de Justiça de Piracicaba,Foro de Piracicaba,1ª Vara Criminal,2025/001116,Ação Penal - Procedimento Ordinário,Furto Qualificado,2025-09-01,False,,2026-03-09,,,,Público,https://esaj.tjsp.jus.br/cpopg/show.do?processo.codigo=CJ000XN5Q0000&processo.numero=0001105-12.2026.8.26.0451
1500221-47.2026.8.26.0599,4º Promotor de Justiça de Piracicaba,Foro de Piracicaba,3ª Vara Criminal,2026/000121,Ação Penal - Procedimento Ordinário,Ameaça,2026-01-30,False,2026-01-30,2026-02-02,,,,Restrito,https://esaj.tjsp.jus.br/cpopg/show.do?processo.codigo=GN0004JPR0000&processo.numero=1500221-47.2026.8.26.0599
1500336-27.2026.8.26.0451,9º Promotor de Justiça de Piracicaba,Foro de Piracicaba,2ª Vara Criminal,2026/000113,Ação Penal - Procedimento Sumário,Ameaça,2026-01-29,False,2026-04-11,2026-04-13,,,,Restrito,https://esaj.tjsp.jus.br/cpopg/show.do?processo.codigo=CJ000XN4X0000&processo.numero=1500336-27.2026.8.26.0451
1501305-57.2026.8.26.0446,17º Promotor de Justiça de Piracicaba,Foro de Piracicaba,4ª Vara Criminal,2026/000318,Procedimento Especial da Lei Antitóxicos,Tráfico de Drogas e Condutas Afins,2026-03-12,True,2026-03-04,2026-03-06,2026-05-15,,,Restrito,https://esaj.tjsp.jus.br/cpopg/show.do?processo.codigo=CE00002T00000&processo.numero=1501305-57.2026.8.26.0446
1501313-34.2026.8.26.0446,10º Promotor de Justiça de Piracicaba,Foro de Piracicaba,2ª Vara Criminal,2026/000308,Procedimento Especial da Lei Antitóxicos,Tráfico de Drogas e Condutas Afins,2026-03-18,False,2026-02-26,2026-02-27,2026-05-13,,,Público,https://esaj.tjsp.jus.br/cpopg/show.do?processo.codigo=CE00002T80000&processo.numero=1501313-34.2026.8.26.0446
1501331-55.2026.8.26.0446,17º Promotor de Justiça de Piracicaba,Foro de Piracicaba,4ª Vara Criminal,2026/000596,Ação Penal - Procedimento Ordinário,Receptação,2026-05-08,False,2026-02-10,2026-05-04,,,,Público,https://esaj.tjsp.jus.br/cpopg/show.do?processo.codigo=CE00002TQ0000&processo.numero=1501331-55.2026.8.26.0446
1501204-20.2026.8.26.0446,17º Promotor de Justiça de Piracicaba,Foro de Piracicaba,4ª Vara Criminal,2026/000236,Procedimento Especial da Lei Antitóxicos,Tráfico de Drogas e Condutas Afins,2026-02-23,True,2026-02-02,2026-02-02,2026-04-27,,,Público,https://esaj.tjsp.jus.br/cpopg/show.do?processo.codigo=CE00002PI0000&processo.numero=1501204-20.2026.8.26.0446
1501215-49.2026.8.26.0446,7º Promotor de Justiça de Piracicaba,Foro de Piracicaba,3ª Vara Criminal,2026/000247,Procedimento Especial da Lei Antitóxicos,Tráfico de Drogas e Condutas Afins,2026-03-02,True,2026-02-23,2026-02-26,2026-03-24,,,Público,https://esaj.tjsp.jus.br/cpopg/show.do?processo.codigo=CE00002Q10000&processo.numero=1501215-49.2026.8.26.0446
1501216-34.2026.8.26.0446,11º Promotor de Justiça de Piracicaba,Foro de Piracicaba,1ª Vara Criminal,2026/000264,Procedimento Especial da Lei Antitóxicos,Tráfico de Drogas e Condutas Afins,2026-03-02,True,2026-02-25,2026-02-25,2026-03-20,,,Público,https://esaj.tjsp.jus.br/cpopg/show.do?processo.codigo=CE00002Q20000&processo.numero=1501216-34.2026.8.26.0446
1501110-72.2026.8.26.0446,11º Promotor de Justiça de Piracicaba,Foro de Piracicaba,1ª Vara Criminal,2026/000228,Ação Penal - Procedimento Ordinário,Furto,2026-02-24,False,2026-01-30,2026-01-30,,,,Público,https://esaj.tjsp.jus.br/cpopg/show.do?processo.codigo=CE00002MS0000&processo.numero=1501110-72.2026.8.26.0446
1501140-10.2026.8.26.0446,4º Promotor de Justiça de Piracicaba,Foro de Piracicaba,3ª Vara Criminal,2026/000234,Procedimento Especial da Lei Antitóxicos,Tráfico de Drogas e Condutas Afins,2026-02-26,True,2026-02-09,2026-02-18,2026-03-12,,,Público,https://esaj.tjsp.jus.br/cpopg/show.do?processo.codigo=CE00002NO0000&processo.numero=1501140-10.2026.8.26.0446
1501169-60.2026.8.26.0446,17º Promotor de Justiça de Piracicaba,Foro de Piracicaba,4ª Vara Criminal,2026/000284,Procedimento Especial da Lei Antitóxicos,Tráfico de Drogas e Condutas Afins,2026-03-02,True,2026-02-26,2026-03-01,2026-03-23,,,Público,https://esaj.tjsp.jus.br/cpopg/show.do?processo.codigo=CE00002OJ0000&processo.numero=1501169-60.2026.8.26.0446
1501174-82.2026.8.26.0446,6º Promotor de Justiça de Piracicaba,Foro de Piracicaba,1ª Vara Criminal,2026/000452,Inquérito Policial,Tráfico de Drogas e Condutas Afins,2026-04-11,False,2026-03-13,2026-03-20,,,,Público,https://esaj.tjsp.jus.br/cpopg/show.do?processo.codigo=CE00002OO0000&processo.numero=1501174-82.2026.8.26.0446
1501176-52.2026.8.26.0446,6º Promotor de Justiça de Piracicaba,Foro de Piracicaba,1ª Vara Criminal,2026/000249,Inquérito Policial,Tráfico de Drogas e Condutas Afins,2026-02-26,False,2026-02-04,2026-02-09,2026-05-07,,,Público,https://esaj.tjsp.jus.br/cpopg/show.do?processo.codigo=CE00002OQ0000&processo.numero=1501176-52.2026.8.26.0446
1501180-89.2026.8.26.0446,17º Promotor de Justiça de Piracicaba,Foro de Piracicaba,4ª Vara Criminal,2026/000138,Ação Penal - Procedimento Ordinário,Lesão Cometida em Razão da Condição de Mulher,2026-01-30,False,2026-01-29,2026-01-29,,,,Restrito,https://esaj.tjsp.jus.br/cpopg/show.do?processo.codigo=CE00002OU0000&processo.numero=1501180-89.2026.8.26.0446
1501084-74.2026.8.26.0446,4º Promotor de Justiça de Piracicaba,Foro de Piracicaba,3ª Vara Criminal,2026/000231,Procedimento Especial da Lei Antitóxicos,Tráfico de Drogas e Condutas Afins,2026-02-26,True,2026-02-04,2026-02-05,2026-03-11,,,Público,https://esaj.tjsp.jus.br/cpopg/show.do?processo.codigo=CE00002M20000&processo.numero=1501084-74.2026.8.26.0446
1500204-11.2026.8.26.0599,10º Promotor de Justiça de Piracicaba,Foro de Piracicaba,2ª Vara Criminal,2026/000248,Procedimento Especial da Lei Antitóxicos,Tráfico de Drogas e Condutas Afins,2026-02-27,True,2026-02-04,2026-02-09,2026-03-30,,,Público,https://esaj.tjsp.jus.br/cpopg/show.do?processo.codigo=GN0004JOZ0000&processo.numero=1500204-11.2026.8.26.0599
1500209-33.2026.8.26.0599,11º Promotor de Justiça de Piracicaba,Foro de Piracicaba,1ª Vara Criminal,2026/000277,Procedimento Especial da Lei Antitóxicos,Tráfico de Drogas e Condutas Afins,2026-03-05,True,2026-02-10,2026-02-11,2026-03-30,,,Público,https://esaj.tjsp.jus.br/cpopg/show.do?processo.codigo=GN0004JP50000&processo.numero=1500209-33.2026.8.26.0599
1500190-27.2026.8.26.0599,18º Promotor de Justiça de Piracicaba,Foro de Piracicaba,4ª Vara Criminal,2026/000221,Procedimento Especial da Lei Antitóxicos,Tráfico de Drogas e Condutas Afins,2026-02-20,True,2026-02-02,2026-02-04,2026-03-23,,,Público,https://esaj.tjsp.jus.br/cpopg/show.do?processo.codigo=GN0004JOL0000&processo.numero=1500190-27.2026.8.26.0599
1501000-73.2026.8.26.0446,11º Promotor de Justiça de Piracicaba,Foro de Piracicaba,1ª Vara Criminal,2026/000205,Inquérito Policial,Tráfico de Drogas e Condutas Afins,2026-02-20,True,,2026-02-18,,,,Público,https://esaj.tjsp.jus.br/cpopg/show.do?processo.codigo=CE00002JI0000&processo.numero=1501000-73.2026.8.26.0446
1500909-80.2026.8.26.0446,10º Promotor de Justiça de Piracicaba,Foro de Piracicaba,2ª Vara Criminal,2026/000187,Procedimento Especial da Lei Antitóxicos,Tráfico de Drogas e Condutas Afins,2026-02-20,True,2026-01-27,2026-01-28,2026-03-12,,,Público,https://esaj.tjsp.jus.br/cpopg/show.do?processo.codigo=CE00002G20000&processo.numero=1500909-80.2026.8.26.0446
1500929-71.2026.8.26.0446,9º Promotor de Justiça de Piracicaba,Foro de Piracicaba,2ª Vara Criminal,2026/000192,Procedimento Especial da Lei Antitóxicos,Tráfico de Drogas e Condutas Afins,2026-02-20,True,2026-01-28,2026-01-29,2026-04-10,,,Público,https://esaj.tjsp.jus.br/cpopg/show.do?processo.codigo=CE00002GN0000&processo.numero=1500929-71.2026.8.26.0446
1500961-76.2026.8.26.0446,11º Promotor de Justiça de Piracicaba,Foro de Piracicaba,1ª Vara Criminal,2026/000176,Procedimento Especial da Lei Antitóxicos,Tráfico de Drogas e Condutas Afins,2026-02-12,True,2026-01-26,2026-02-02,2026-03-20,,,Público,https://esaj.tjsp.jus.br/cpopg/show.do?processo.codigo=CE00002HK0000&processo.numero=1500961-76.2026.8.26.0446
1500964-31.2026.8.26.0446,4º Promotor de Justiça de Piracicaba,Foro de Piracicaba,3ª Vara Criminal,2026/000281,Inquérito Policial,Tráfico de Drogas e Condutas Afins,2026-03-11,False,2026-02-13,2026-02-18,,,,Público,https://esaj.tjsp.jus.br/cpopg/show.do?processo.codigo=CE00002HN0000&processo.numero=1500964-31.2026.8.26.0446
1500965-16.2026.8.26.0446,9º Promotor de Justiça de Piracicaba,Foro de Piracicaba,2ª Vara Criminal,2026/000253,Procedimento Especial da Lei Antitóxicos,Tráfico de Drogas e Condutas Afins,2026-03-02,True,2026-02-04,2026-02-13,2026-04-10,,,Restrito,https://esaj.tjsp.jus.br/cpopg/show.do?processo.codigo=CE00002HO0000&processo.numero=1500965-16.2026.8.26.0446
1500981-67.2026.8.26.0446,18º Promotor de Justiça de Piracicaba,Foro de Piracicaba,4ª Vara Criminal,2026/000115,Ação Penal - Procedimento Ordinário,Seqüestro e cárcere privado,2026-01-26,True,2026-01-29,2026-02-03,,,,Restrito,https://esaj.tjsp.jus.br/cpopg/show.do?processo.codigo=CE00002I40000&processo.numero=1500981-67.2026.8.26.0446
1500180-80.2026.8.26.0599,4º Promotor de Justiça de Piracicaba,Foro de Piracicaba,3ª Vara Criminal,2026/000103,Ação Penal - Procedimento Sumário,Ameaça,2026-01-26,False,2026-01-23,2026-01-23,,,,Restrito,https://esaj.tjsp.jus.br/cpopg/show.do?processo.codigo=GN0004JO80000&processo.numero=1500180-80.2026.8.26.0599
1500848-25.2026.8.26.0446,17º Promotor de Justiça de Piracicaba,Foro de Piracicaba,4ª Vara Criminal,2026/000148,Procedimento Especial da Lei Antitóxicos,Tráfico de Drogas e Condutas Afins,2026-02-02,True,2026-01-30,2026-01-30,2026-04-10,,,Público,https://esaj.tjsp.jus.br/cpopg/show.do?processo.codigo=CE00002E50000&processo.numero=1500848-25.2026.8.26.0446
1500816-20.2026.8.26.0446,18º Promotor de Justiça de Piracicaba,Foro de Piracicaba,4ª Vara Criminal,2026/000303,Inquérito Policial,Tráfico de Drogas e Condutas Afins,2026-03-09,False,2026-02-13,2026-02-18,,,,Público,https://esaj.tjsp.jus.br/cpopg/show.do?processo.codigo=CE00002D90000&processo.numero=1500816-20.2026.8.26.0446
1500838-78.2026.8.26.0446,4º Promotor de Justiça de Piracicaba,Foro de Piracicaba,3ª Vara Criminal,2026/000163,Procedimento Especial da Lei Antitóxicos,Tráfico de Drogas e Condutas Afins,2026-02-12,True,2026-01-26,2026-02-02,2026-03-16,,,Público,https://esaj.tjsp.jus.br/cpopg/show.do?processo.codigo=CE00002DV0000&processo.numero=1500838-78.2026.8.26.0446
1500185-61.2026.8.26.0451,11º Promotor de Justiça de Piracicaba,Juiz das Garantias - 4ª RAJ - Piracicaba,Vara Regional das Garantias da 4ª RAJ - Piracicaba,2026/001241,Inquérito Policial,Fato Atípico,2026-01-19,False,2026-01-21,2026-05-26,,,,Público,https://esaj.tjsp.jus.br/cpopg/show.do?processo.codigo=CJ000XMDD0000&processo.numero=1500185-61.2026.8.26.0451
1500698-44.2026.8.26.0446,6º Promotor de Justiça de Piracicaba,Foro de Piracicaba,1ª Vara Criminal,2026/000291,Ação Penal - Procedimento Ordinário,Receptação,2026-03-09,False,2026-02-13,2026-02-18,,,,Público,https://esaj.tjsp.jus.br/cpopg/show.do?processo.codigo=CE000028Z0000&processo.numero=1500698-44.2026.8.26.0446
1500729-64.2026.8.26.0446,11º Promotor de Justiça de Piracicaba,Foro de Piracicaba,1ª Vara Criminal,2026/000204,Procedimento Especial da Lei Antitóxicos,Tráfico de Drogas e Condutas Afins,2026-02-20,True,2026-02-04,2026-02-06,2026-03-11,2026-05-20,2026-05-22,Público,https://esaj.tjsp.jus.br/cpopg/show.do?processo.codigo=CE000029W0000&processo.numero=1500729-64.2026.8.26.0446
1500687-15.2026.8.26.0446,10º Promotor de Justiça de Piracicaba,Foro de Piracicaba,2ª Vara Criminal,2026/000188,Ação Penal - Procedimento Ordinário,Furto Qualificado,2026-02-20,False,2026-01-26,2026-01-27,,,,Público,https://esaj.tjsp.jus.br/cpopg/show.do?processo.codigo=CE000028O0000&processo.numero=1500687-15.2026.8.26.0446
1500141-83.2026.8.26.0599,4º Promotor de Justiça de Piracicaba,Foro de Piracicaba,3ª Vara Criminal,2026/000074,Ação Penal - Procedimento Ordinário,Decorrente de Violência Doméstica,2026-01-19,False,2026-01-22,2026-02-09,,,,Restrito,https://esaj.tjsp.jus.br/cpopg/show.do?processo.codigo=GN0004JMZ0000&processo.numero=1500141-83.2026.8.26.0599
1500150-45.2026.8.26.0599,17º Promotor de Justiça de Piracicaba,Foro de Piracicaba,4ª Vara Criminal,2026/000146,Inquérito Policial,Tráfico de Drogas e Condutas Afins,2026-02-02,False,2026-01-22,2026-01-27,2026-03-11,,,Público,https://esaj.tjsp.jus.br/cpopg/show.do?processo.codigo=GN0004JN80000&processo.numero=1500150-45.2026.8.26.0599
1500158-22.2026.8.26.0599,7º Promotor de Justiça de Piracicaba,Foro de Piracicaba,3ª Vara Criminal,2026/000129,Inquérito Policial,Tráfico de Drogas e Condutas Afins,2026-02-02,False,2026-01-22,2026-01-26,,,,Público,https://esaj.tjsp.jus.br/cpopg/show.do?processo.codigo=GN0004JNG0000&processo.numero=1500158-22.2026.8.26.0599
1500164-85.2026.8.26.0451,13º Promotor de Justiça de Piracicaba,Foro de Piracicaba,Vara do Juizado Especial Cível e Criminal,2026/000034,Termo Circunstanciado,Desacato,2026-01-16,False,,2026-02-02,,,,Público,https://esaj.tjsp.jus.br/cpopg/show.do?processo.codigo=CJ000XMAU0000&processo.numero=1500164-85.2026.8.26.0451
1500563-32.2026.8.26.0446,4º Promotor de Justiça de Piracicaba,Foro de Piracicaba,3ª Vara Criminal,2026/000184,Procedimento Especial da Lei Antitóxicos,Tráfico de Drogas e Condutas Afins,2026-02-19,True,2026-01-23,2026-01-26,,,,Público,https://esaj.tjsp.jus.br/cpopg/show.do?processo.codigo=CE00002530000&processo.numero=1500563-32.2026.8.26.0446
1500585-90.2026.8.26.0446,17º Promotor de Justiça de Piracicaba,Foro de Piracicaba,4ª Vara Criminal,2026/000186,Procedimento Especial da Lei Antitóxicos,Tráfico de Drogas e Condutas Afins,2026-02-13,False,2026-01-27,2026-02-02,,,,Público,https://esaj.tjsp.jus.br/cpopg/show.do?processo.codigo=CE000025P0000&processo.numero=1500585-90.2026.8.26.0446
1500587-60.2026.8.26.0446,7º Promotor de Justiça de Piracicaba,Foro de Piracicaba,3ª Vara Criminal,2026/000359,Procedimento Especial da Lei Antitóxicos,Tráfico de Drogas e Condutas Afins,2026-03-27,False,2026-03-03,2026-03-05,,,,Público,https://esaj.tjsp.jus.br/cpopg/show.do?processo.codigo=CE000025R0000&processo.numero=1500587-60.2026.8.26.0446
1500508-81.2026.8.26.0446,9º Promotor de Justiça de Piracicaba,Foro de Piracicaba,2ª Vara Criminal,2026/000160,Procedimento Especial da Lei Antitóxicos,Tráfico de Drogas e Condutas Afins,2026-02-10,True,2026-02-04,2026-02-09,,,,Público,https://esaj.tjsp.jus.br/cpopg/show.do?processo.codigo=CE000023L0000&processo.numero=1500508-81.2026.8.26.0446
1500551-18.2026.8.26.0446,9º Promotor de Justiça de Piracicaba,Foro de Piracicaba,2ª Vara Criminal,2026/000141,Procedimento Especial da Lei Antitóxicos,Tráfico de Drogas e Condutas Afins,2026-02-04,True,2026-01-20,2026-01-20,2026-03-09,,,Público,https://esaj.tjsp.jus.br/cpopg/show.do?processo.codigo=CE000024S0000&processo.numero=1500551-18.2026.8.26.0446
1500127-58.2026.8.26.0451,13º Promotor de Justiça de Piracicaba,Foro de Piracicaba,Vara do Juizado Especial Cível e Criminal,2026/000031,Ação Penal - Procedimento Sumaríssimo,Leve,2026-01-13,False,,2026-03-26,,,,Público,https://esaj.tjsp.jus.br/cpopg/show.do?processo.codigo=CJ000XM420000&processo.numero=1500127-58.2026.8.26.0451
1500393-60.2026.8.26.0446,17º Promotor de Justiça de Piracicaba,Foro de Piracicaba,4ª Vara Criminal,2026/000180,Procedimento Especial da Lei Antitóxicos,Tráfico de Drogas e Condutas Afins,2026-02-11,True,2026-01-15,2026-01-19,2026-03-22,,,Público,https://esaj.tjsp.jus.br/cpopg/show.do?processo.codigo=CE00001Z40000&processo.numero=1500393-60.2026.8.26.0446
1500404-89.2026.8.26.0446,11º Promotor de Justiça de Piracicaba,Foro de Piracicaba,1ª Vara Criminal,2026/000138,Inquérito Policial,Tráfico de Drogas e Condutas Afins,2026-02-02,True,2026-01-15,2026-01-19,,,,Público,https://esaj.tjsp.jus.br/cpopg/show.do?processo.codigo=CE00001ZF0000&processo.numero=1500404-89.2026.8.26.0446
1500469-84.2026.8.26.0446,4º Promotor de Justiça de Piracicaba,Foro de Piracicaba,3ª Vara Criminal,2026/000094,Ação Penal - Procedimento Ordinário,Furto Qualificado,2026-01-22,True,2026-01-19,2026-04-28,,,,Público,https://esaj.tjsp.jus.br/cpopg/show.do?processo.codigo=CE000021C0000&processo.numero=1500469-84.2026.8.26.0446
1500115-44.2026.8.26.0451,18º Promotor de Justiça de Piracicaba,Foro de Piracicaba,4ª Vara Criminal,2026/000069,Ação Penal - Procedimento Ordinário,Lesão Cometida em Razão da Condição de Mulher,2026-01-13,True,2026-02-03,2026-01-22,2026-04-29,,,Restrito,https://esaj.tjsp.jus.br/cpopg/show.do?processo.codigo=CJ000XM230000&processo.numero=1500115-44.2026.8.26.0451
1500326-95.2026.8.26.0446,6º Promotor de Justiça de Piracicaba,Foro de Piracicaba,1ª Vara Criminal,2026/000230,Procedimento Especial da Lei Antitóxicos,Tráfico de Drogas e Condutas Afins,2026-02-24,False,2026-02-09,2026-02-11,2026-03-15,,,Restrito,https://esaj.tjsp.jus.br/cpopg/show.do?processo.codigo=CE00001WJ0000&processo.numero=1500326-95.2026.8.26.0446
1500135-76.2026.8.26.0599,11º Promotor de Justiça de Piracicaba,Foro de Piracicaba,1ª Vara Criminal,2026/000115,Procedimento Especial da Lei Antitóxicos,Tráfico de Drogas e Condutas Afins,2026-01-28,True,2026-01-15,2026-01-25,2026-02-25,2026-05-04,2026-05-04,Público,https://esaj.tjsp.jus.br/cpopg/show.do?processo.codigo=GN0004JMR0000&processo.numero=1500135-76.2026.8.26.0599
1500085-09.2026.8.26.0451,4º Promotor de Justiça de Piracicaba,Foro de Piracicaba,3ª Vara Criminal,2026/000454,Termo Circunstanciado,Desacato,2026-04-22,False,,2026-01-15,,,,Público,https://esaj.tjsp.jus.br/cpopg/show.do?processo.codigo=CJ000XLWZ0000&processo.numero=1500085-09.2026.8.26.0451
1500125-32.2026.8.26.0599,7º Promotor de Justiça de Piracicaba,Foro de Piracicaba,3ª Vara Criminal,2026/000049,Ação Penal - Procedimento Ordinário,Decorrente de Violência Doméstica,2026-01-12,False,2026-01-18,2026-01-19,,,,Restrito,https://esaj.tjsp.jus.br/cpopg/show.do?processo.codigo=GN0004JMH0000&processo.numero=1500125-32.2026.8.26.0599
1500118-40.2026.8.26.0599,11º Promotor de Justiça de Piracicaba,Foro de Piracicaba,1ª Vara Criminal,2026/000128,Procedimento Especial da Lei Antitóxicos,Tráfico de Drogas e Condutas Afins,2026-01-30,False,2026-01-27,2026-01-28,2026-02-25,,,Público,https://esaj.tjsp.jus.br/cpopg/show.do?processo.codigo=GN0004JMA0000&processo.numero=1500118-40.2026.8.26.0599
1500244-64.2026.8.26.0446,10º Promotor de Justiça de Piracicaba,Foro de Piracicaba,2ª Vara Criminal,2026/000108,Ação Penal - Procedimento Ordinário,Tráfico de Drogas e Condutas Afins,2026-01-28,True,2026-01-13,2026-01-13,2026-04-02,,,Público,https://esaj.tjsp.jus.br/cpopg/show.do?processo.codigo=CE00001U40000&processo.numero=1500244-64.2026.8.26.0446
1500273-17.2026.8.26.0446,7º Promotor de Justiça de Piracicaba,Foro de Piracicaba,3ª Vara Criminal,2026/000416,Procedimento Especial da Lei Antitóxicos,Tráfico de Drogas e Condutas Afins,2026-04-10,False,2026-03-06,2026-03-06,2026-05-25,,,Restrito,https://esaj.tjsp.jus.br/cpopg/show.do?processo.codigo=CE00001V00000&processo.numero=1500273-17.2026.8.26.0446
1500034-95.2026.8.26.0451,10º Promotor de Justiça de Piracicaba,Foro de Piracicaba,2ª Vara Criminal,2026/000008,Inquérito Policial,Estelionato,2026-01-08,False,2026-05-21,2026-05-22,,,,Público,https://esaj.tjsp.jus.br/cpopg/show.do?processo.codigo=CJ000XLQO0000&processo.numero=1500034-95.2026.8.26.0451
1500147-64.2026.8.26.0446,10º Promotor de Justiça de Piracicaba,Foro de Piracicaba,2ª Vara Criminal,2026/000157,Procedimento Especial da Lei Antitóxicos,Tráfico de Drogas e Condutas Afins,2026-02-10,False,2026-01-27,2026-01-28,2026-05-08,,,Público,https://esaj.tjsp.jus.br/cpopg/show.do?processo.codigo=CE00001RE0000&processo.numero=1500147-64.2026.8.26.0446
1500201-30.2026.8.26.0446,17º Promotor de Justiça de Piracicaba,Foro de Piracicaba,4ª Vara Criminal,2026/000168,Procedimento Especial da Lei Antitóxicos,Tráfico de Drogas e Condutas Afins,2026-02-09,True,2026-01-30,2026-02-02,2026-03-22,,,Público,https://esaj.tjsp.jus.br/cpopg/show.do?processo.codigo=CE00001SX0000&processo.numero=1500201-30.2026.8.26.0446
1500078-32.2026.8.26.0446,18º Promotor de Justiça de Piracicaba,Foro de Piracicaba,4ª Vara Criminal,2026/000191,Ação Penal - Procedimento Ordinário,Receptação,2026-02-13,True,2026-01-30,2026-02-02,,,,Público,https://esaj.tjsp.jus.br/cpopg/show.do?processo.codigo=CE00001PB0000&processo.numero=1500078-32.2026.8.26.0446
1500090-72.2026.8.26.0599,18º Promotor de Justiça de Piracicaba,Foro de Piracicaba,4ª Vara Criminal,2026/000123,Ação Penal - Procedimento Ordinário,Furto Qualificado,2026-01-28,True,2026-01-12,2026-01-13,,,,Público,https://esaj.tjsp.jus.br/cpopg/show.do?processo.codigo=GN0004JLE0000&processo.numero=1500090-72.2026.8.26.0599
1500071-66.2026.8.26.0599,4º Promotor de Justiça de Piracicaba,Foro de Piracicaba,3ª Vara Criminal,2026/000030,Ação Penal - Procedimento Ordinário,Ameaça,2026-01-08,False,,2026-02-04,,,,Público,https://esaj.tjsp.jus.br/cpopg/show.do?processo.codigo=GN0004JKV0000&processo.numero=1500071-66.2026.8.26.0599
1500082-95.2026.8.26.0599,11º Promotor de Justiça de Piracicaba,Foro de Piracicaba,1ª Vara Criminal,2026/000145,Procedimento Especial da Lei Antitóxicos,Tráfico de Drogas e Condutas Afins,2026-02-03,False,2026-01-30,2026-02-02,2026-03-06,2026-05-04,2026-05-04,Público,https://esaj.tjsp.jus.br/cpopg/show.do?processo.codigo=GN0004JL60000&processo.numero=1500082-95.2026.8.26.0599
1500085-50.2026.8.26.0599,9º Promotor de Justiça de Piracicaba,Foro de Piracicaba,2ª Vara Criminal,2026/000154,Procedimento Especial da Lei Antitóxicos,Tráfico de Drogas e Condutas Afins,2026-02-09,False,2026-01-13,2026-01-19,2026-03-05,,,Público,https://esaj.tjsp.jus.br/cpopg/show.do?processo.codigo=GN0004JL90000&processo.numero=1500085-50.2026.8.26.0599
1500049-08.2026.8.26.0599,18º Promotor de Justiça de Piracicaba,Foro de Piracicaba,4ª Vara Criminal,2026/000033,Ação Penal - Procedimento Ordinário,Desobediência,2026-01-08,False,2026-01-28,2026-01-30,,,,Restrito,https://esaj.tjsp.jus.br/cpopg/show.do?processo.codigo=GN0004JK30000&processo.numero=1500049-08.2026.8.26.0599
1500032-69.2026.8.26.0599,18º Promotor de Justiça de Piracicaba,Foro de Piracicaba,4ª Vara Criminal,2026/000207,Procedimento Especial da Lei Antitóxicos,Tráfico de Drogas e Condutas Afins,2026-02-18,True,2026-01-22,2026-01-22,2026-03-09,2026-05-23,2026-05-26,Público,https://esaj.tjsp.jus.br/cpopg/show.do?processo.codigo=GN0004JJI0000&processo.numero=1500032-69.2026.8.26.0599
1500039-61.2026.8.26.0599,7º Promotor de Justiça de Piracicaba,Foro de Piracicaba,3ª Vara Criminal,2026/000148,Ação Penal - Procedimento Ordinário,Furto Qualificado,2026-02-09,False,2026-01-09,2026-01-13,,,,Público,https://esaj.tjsp.jus.br/cpopg/show.do?processo.codigo=GN0004JJS0000&processo.numero=1500039-61.2026.8.26.0599
1500024-92.2026.8.26.0599,9º Promotor de Justiça de Piracicaba,Foro de Piracicaba,2ª Vara Criminal,2026/000031,Ação Penal - Procedimento Ordinário,Decorrente de Violência Doméstica,2026-01-08,False,2026-02-03,2026-04-29,,,,Restrito,https://esaj.tjsp.jus.br/cpopg/show.do?processo.codigo=GN0004JJA0000&processo.numero=1500024-92.2026.8.26.0599
1500004-04.2026.8.26.0599,18º Promotor de Justiça de Piracicaba,Foro de Piracicaba,4ª Vara Criminal,2026/000035,Ação Penal - Procedimento Ordinário,Lesão Cometida em Razão da Condição de Mulher,2026-01-08,False,2026-01-02,2026-03-23,,,,Restrito,https://esaj.tjsp.jus.br/cpopg/show.do?processo.codigo=GN0004JIK0000&processo.numero=1500004-04.2026.8.26.0599
1503573-47.2025.8.26.0599,10º Promotor de Justiça de Piracicaba,Foro de Piracicaba,2ª Vara Criminal,2026/000135,Procedimento Especial da Lei Antitóxicos,Tráfico de Drogas e Condutas Afins,2026-02-02,True,2026-01-13,2026-01-20,2026-02-25,,,Público,https://esaj.tjsp.jus.br/cpopg/show.do?processo.codigo=GN0004JI30000&processo.numero=1503573-47.2025.8.26.0599
1503576-02.2025.8.26.0599,9º Promotor de Justiça de Piracicaba,Foro de Piracicaba,2ª Vara Criminal,2026/000092,Procedimento Especial da Lei Antitóxicos,Tráfico de Drogas e Condutas Afins,2026-01-22,True,2026-01-19,2026-01-20,2026-02-11,,,Público,https://esaj.tjsp.jus.br/cpopg/show.do?processo.codigo=GN0004JI60000&processo.numero=1503576-02.2025.8.26.0599
1503582-09.2025.8.26.0599,6º Promotor de Justiça de Piracicaba,Foro de Piracicaba,1ª Vara Criminal,2026/000033,Ação Penal - Procedimento Ordinário,Ameaça,2026-01-08,False,2026-01-02,2026-01-12,,,,Restrito,https://esaj.tjsp.jus.br/cpopg/show.do?processo.codigo=GN0004JIE0000&processo.numero=1503582-09.2025.8.26.0599
1503560-48.2025.8.26.0599,4º Promotor de Justiça de Piracicaba,Foro de Piracicaba,3ª Vara Criminal,2026/000250,Procedimento Especial da Lei Antitóxicos,Tráfico de Drogas e Condutas Afins,2026-03-03,True,2026-01-22,2026-01-26,2026-03-20,,,Público,https://esaj.tjsp.jus.br/cpopg/show.do?processo.codigo=GN0004JHM0000&processo.numero=1503560-48.2025.8.26.0599
1503572-62.2025.8.26.0599,11º Promotor de Justiça de Piracicaba,Juiz das Garantias - 4ª RAJ - Piracicaba,Vara Regional das Garantias da 4ª RAJ - Piracicaba,2026/000247,Inquérito Policial,Crimes do Sistema Nacional de Armas,2026-01-07,False,2026-01-08,2026-05-12,,,,Público,https://esaj.tjsp.jus.br/cpopg/show.do?processo.codigo=GN0004JI10000&processo.numero=1503572-62.2025.8.26.0599
1501834-13.2025.8.26.0446,4º Promotor de Justiça de Piracicaba,Foro de Piracicaba,3ª Vara Criminal,2026/000382,Ação Penal - Procedimento Ordinário,Roubo,2026-04-01,False,2026-03-09,2026-03-13,,,,Público,https://esaj.tjsp.jus.br/cpopg/show.do?processo.codigo=CE00001MG0000&processo.numero=1501834-13.2025.8.26.0446
1503544-94.2025.8.26.0599,9º Promotor de Justiça de Piracicaba,Foro de Piracicaba,2ª Vara Criminal,2026/000170,Procedimento Especial da Lei Antitóxicos,Tráfico de Drogas e Condutas Afins,2026-02-13,False,2026-01-15,2026-01-16,2026-05-08,,,Público,https://esaj.tjsp.jus.br/cpopg/show.do?processo.codigo=GN0004JH50000&processo.numero=1503544-94.2025.8.26.0599
1503520-66.2025.8.26.0599,7º Promotor de Justiça de Piracicaba,Foro de Piracicaba,3ª Vara Criminal,2026/000327,Procedimento Especial da Lei Antitóxicos,Tráfico de Drogas e Condutas Afins,2026-03-23,True,2026-03-02,2026-03-03,2026-04-06,,,Público,https://esaj.tjsp.jus.br/cpopg/show.do?processo.codigo=GN0004JG80000&processo.numero=1503520-66.2025.8.26.0599
1503523-21.2025.8.26.0599,6º Promotor de Justiça de Piracicaba,Foro de Piracicaba,1ª Vara Criminal,2026/000159,Procedimento Especial da Lei Antitóxicos,Tráfico de Drogas e Condutas Afins,2026-02-09,True,2026-01-07,2026-01-22,,2026-04-15,2026-04-17,Público,https://esaj.tjsp.jus.br/cpopg/show.do?processo.codigo=GN0004JGG0000&processo.numero=1503523-21.2025.8.26.0599
1503529-28.2025.8.26.0599,9º Promotor de Justiça de Piracicaba,Foro de Piracicaba,2ª Vara Criminal,2026/000033,Ação Penal - Procedimento Ordinário,Decorrente de Violência Doméstica,2026-01-08,False,2025-12-30,2026-01-12,,,,Restrito,https://esaj.tjsp.jus.br/cpopg/show.do?processo.codigo=GN0004JGM0000&processo.numero=1503529-28.2025.8.26.0599
1503512-89.2025.8.26.0599,11º Promotor de Justiça de Piracicaba,Foro de Piracicaba,1ª Vara Criminal,2026/000037,Ação Penal - Procedimento Sumário,Crime de Descumprimento de Medida Protetiva  de Urgência,2026-01-08,False,2025-12-30,2026-01-09,,2026-03-17,2026-03-26,Restrito,https://esaj.tjsp.jus.br/cpopg/show.do?processo.codigo=GN0004JG00000&processo.numero=1503512-89.2025.8.26.0599
1503501-60.2025.8.26.0599,18º Promotor de Justiça de Piracicaba,Foro de Piracicaba,4ª Vara Criminal,2026/000023,Ação Penal - Procedimento Ordinário,Decorrente de Violência Doméstica,2026-01-08,False,2025-12-30,2026-01-12,,,,Restrito,https://esaj.tjsp.jus.br/cpopg/show.do?processo.codigo=GN0004JFL0000&processo.numero=1503501-60.2025.8.26.0599
1503476-47.2025.8.26.0599,17º Promotor de Justiça de Piracicaba,Foro de Piracicaba,4ª Vara Criminal,2026/000120,Procedimento Especial da Lei Antitóxicos,Tráfico de Drogas e Condutas Afins,2026-01-27,True,2026-01-05,2026-01-22,2026-03-23,2026-05-18,,Público,https://esaj.tjsp.jus.br/cpopg/show.do?processo.codigo=GN0004JEO0000&processo.numero=1503476-47.2025.8.26.0599
1503477-32.2025.8.26.0599,18º Promotor de Justiça de Piracicaba,Foro de Piracicaba,4ª Vara Criminal,2026/000009,Ação Penal - Procedimento Ordinário,Ameaça,2026-01-07,True,2025-12-27,2026-01-09,,,,Restrito,https://esaj.tjsp.jus.br/cpopg/show.do?processo.codigo=GN0004JEP0000&processo.numero=1503477-32.2025.8.26.0599
1541228-12.2025.8.26.0451,13º Promotor de Justiça de Piracicaba,Foro de Piracicaba,Vara do Juizado Especial Cível e Criminal,2025/002217,Termo Circunstanciado,Falsa identidade,2025-12-25,False,,2026-01-15,,,,Público,https://esaj.tjsp.jus.br/cpopg/show.do?processo.codigo=CJ000XCQG0000&processo.numero=1541228-12.2025.8.26.0451
1503468-70.2025.8.26.0599,9º Promotor de Justiça de Piracicaba,Foro de Piracicaba,2ª Vara Criminal,2026/000032,Ação Penal - Procedimento Ordinário,Decorrente de Violência Doméstica,2026-01-08,False,2025-12-27,2026-01-12,,,,Restrito,https://esaj.tjsp.jus.br/cpopg/show.do?processo.codigo=GN0004JEC0000&processo.numero=1503468-70.2025.8.26.0599
1503444-42.2025.8.26.0599,18º Promotor de Justiça de Piracicaba,Foro de Piracicaba,4ª Vara Criminal,2026/000135,Procedimento Especial da Lei Antitóxicos,Tráfico de Drogas e Condutas Afins,2026-01-29,True,2026-01-02,2026-01-15,2026-04-08,,,Público,https://esaj.tjsp.jus.br/cpopg/show.do?processo.codigo=GN0004JD10000&processo.numero=1503444-42.2025.8.26.0599
1503435-80.2025.8.26.0599,6º Promotor de Justiça de Piracicaba,Foro de Piracicaba,1ª Vara Criminal,2026/000012,Ação Penal - Procedimento Ordinário,Ameaça,2026-01-07,False,2025-12-27,2026-01-08,,,,Restrito,https://esaj.tjsp.jus.br/cpopg/show.do?processo.codigo=GN0004JCS0000&processo.numero=1503435-80.2025.8.26.0599
1503442-72.2025.8.26.0599,4º Promotor de Justiça de Piracicaba,Foro de Piracicaba,3ª Vara Criminal,2026/000131,Procedimento Especial da Lei Antitóxicos,Tráfico de Drogas e Condutas Afins,2026-02-02,True,2026-01-13,2026-01-19,2026-02-23,,,Público,https://esaj.tjsp.jus.br/cpopg/show.do?processo.codigo=GN0004JCZ0000&processo.numero=1503442-72.2025.8.26.0599
1539059-52.2025.8.26.0451,6º Promotor de Justiça de Piracicaba,Foro de Piracicaba,1ª Vara Criminal,2026/000100,Termo Circunstanciado,Difamação,2026-01-23,False,,2026-01-26,,,,Público,https://esaj.tjsp.jus.br/cpopg/show.do?processo.codigo=CJ000XAYA0000&processo.numero=1539059-52.2025.8.26.0451
1503410-67.2025.8.26.0599,10º Promotor de Justiça de Piracicaba,Juiz das Garantias - 4ª RAJ - Piracicaba,Vara Regional das Garantias da 4ª RAJ - Piracicaba,2026/000224,Inquérito Policial,Receptação,2026-01-07,False,2025-12-26,2026-04-10,,,,Público,https://esaj.tjsp.jus.br/cpopg/show.do?processo.codigo=GN0004JBX0000&processo.numero=1503410-67.2025.8.26.0599
1503412-37.2025.8.26.0599,6º Promotor de Justiça de Piracicaba,Foro de Piracicaba,1ª Vara Criminal,2026/000131,Procedimento Especial da Lei Antitóxicos,Tráfico de Drogas e Condutas Afins,2026-01-30,False,2026-01-09,2026-01-16,2026-03-30,,,Público,https://esaj.tjsp.jus.br/cpopg/show.do?processo.codigo=GN0004JBZ0000&processo.numero=1503412-37.2025.8.26.0599
1503416-74.2025.8.26.0599,4º Promotor de Justiça de Piracicaba,Foro de Piracicaba,3ª Vara Criminal,2026/000061,Ação Penal - Procedimento Ordinário,Furto Qualificado,2026-01-14,False,2026-01-06,2026-01-13,,,,Público,https://esaj.tjsp.jus.br/cpopg/show.do?processo.codigo=GN0004JC40000&processo.numero=1503416-74.2025.8.26.0599
1503417-59.2025.8.26.0599,6º Promotor de Justiça de Piracicaba,Foro de Piracicaba,1ª Vara Criminal,2026/000160,Ação Penal - Procedimento Ordinário,Furto Qualificado,2026-02-09,True,2025-12-29,2026-01-23,,2026-05-28,2026-05-29,Público,https://esaj.tjsp.jus.br/cpopg/show.do?processo.codigo=GN0004JC50000&processo.numero=1503417-59.2025.8.26.0599
1503400-23.2025.8.26.0599,10º Promotor de Justiça de Piracicaba,Foro de Piracicaba,2ª Vara Criminal,2026/000006,Ação Penal - Procedimento Sumário,Ameaça,2026-01-07,False,2025-12-26,2026-01-08,,,,Público,https://esaj.tjsp.jus.br/cpopg/show.do?processo.codigo=GN0004JBK0000&processo.numero=1503400-23.2025.8.26.0599
1537144-65.2025.8.26.0451,18º Promotor de Justiça de Piracicaba,Foro de Piracicaba,4ª Vara Criminal,2025/001691,Ação Penal - Procedimento Ordinário,Estelionato,2025-12-19,False,2026-02-02,2026-03-11,2026-05-25,,,Restrito,https://esaj.tjsp.jus.br/cpopg/show.do?processo.codigo=CJ000X9810000&processo.numero=1537144-65.2025.8.26.0451
1501657-49.2025.8.26.0446,10º Promotor de Justiça de Piracicaba,Foro de Piracicaba,2ª Vara Criminal,2025/001799,Ação Penal - Procedimento Ordinário,Vias de fato,2025-12-18,False,2025-12-19,2025-12-19,,,,Restrito,https://esaj.tjsp.jus.br/cpopg/show.do?processo.codigo=CE00001HB0000&processo.numero=1501657-49.2025.8.26.0446
1501707-75.2025.8.26.0446,18º Promotor de Justiça de Piracicaba,Foro de Piracicaba,4ª Vara Criminal,2026/000095,Ação Penal - Procedimento Ordinário,Lesão Cometida em Razão da Condição de Mulher,2026-01-20,True,2025-12-19,2026-01-22,,,,Restrito,https://esaj.tjsp.jus.br/cpopg/show.do?processo.codigo=CE00001IV0000&processo.numero=1501707-75.2025.8.26.0446
1501629-81.2025.8.26.0446,9º Promotor de Justiça de Piracicaba,Foro de Piracicaba,2ª Vara Criminal,2026/000220,Ação Penal - Procedimento Ordinário,Receptação,2026-02-24,False,,2026-02-03,2026-05-07,,,Público,https://esaj.tjsp.jus.br/cpopg/show.do?processo.codigo=CE00001GJ0000&processo.numero=1501629-81.2025.8.26.0446
1501544-95.2025.8.26.0446,17º Promotor de Justiça de Piracicaba,Foro de Piracicaba,4ª Vara Criminal,2026/000092,Ação Penal - Procedimento Ordinário,Crimes do Sistema Nacional de Armas,2026-01-19,False,2025-12-19,2025-12-19,,,,Público,https://esaj.tjsp.jus.br/cpopg/show.do?processo.codigo=CE00001E30000&processo.numero=1501544-95.2025.8.26.0446
1527944-34.2025.8.26.0451,18º Promotor de Justiça de Piracicaba,Foro de Piracicaba,4ª Vara Criminal,2025/001671,Ação Penal - Procedimento Ordinário,Decorrente de Violência Doméstica,2025-12-16,False,2025-12-16,2026-03-06,,,,Restrito,https://esaj.tjsp.jus.br/cpopg/show.do?processo.codigo=CJ000X2280000&processo.numero=1527944-34.2025.8.26.0451
1503355-19.2025.8.26.0599,7º Promotor de Justiça de Piracicaba,Foro de Piracicaba,3ª Vara Criminal,2026/000097,Procedimento Especial da Lei Antitóxicos,Tráfico de Drogas e Condutas Afins,2026-01-23,True,2025-12-29,2026-01-09,2026-02-04,,,Público,https://esaj.tjsp.jus.br/cpopg/show.do?processo.codigo=GN0004JA70000&processo.numero=1503355-19.2025.8.26.0599
1503364-78.2025.8.26.0599,10º Promotor de Justiça de Piracicaba,Foro de Piracicaba,2ª Vara Criminal,2025/001775,Ação Penal - Procedimento Ordinário,Crime de Descumprimento de Medida Protetiva  de Urgência,2025-12-14,False,2025-12-16,2025-12-17,,,,Restrito,https://esaj.tjsp.jus.br/cpopg/show.do?processo.codigo=GN0004JAH0000&processo.numero=1503364-78.2025.8.26.0599
1527486-17.2025.8.26.0451,7º Promotor de Justiça de Piracicaba,Foro de Piracicaba,3ª Vara Criminal,2025/001667,Ação Penal - Procedimento Ordinário,Crime de Descumprimento de Medida Protetiva  de Urgência,2025-12-12,False,2025-12-15,2025-12-15,,,,Restrito,https://esaj.tjsp.jus.br/cpopg/show.do?processo.codigo=CJ000X1MQ0000&processo.numero=1527486-17.2025.8.26.0451
1527487-02.2025.8.26.0451,9º Promotor de Justiça de Piracicaba,Foro de Piracicaba,2ª Vara Criminal,2025/001773,Ação Penal - Procedimento Ordinário,Decorrente de Violência Doméstica,2025-12-12,False,2025-12-15,2025-12-15,,,,Restrito,https://esaj.tjsp.jus.br/cpopg/show.do?processo.codigo=CJ000X1MS0000&processo.numero=1527487-02.2025.8.26.0451
1501319-75.2025.8.26.0446,10º Promotor de Justiça de Piracicaba,Foro de Piracicaba,2ª Vara Criminal,2026/000119,Procedimento Especial da Lei Antitóxicos,Tráfico de Drogas e Condutas Afins,2026-01-30,False,2026-03-02,2026-01-27,2026-02-26,,,Público,https://esaj.tjsp.jus.br/cpopg/show.do?processo.codigo=CE00001790000&processo.numero=1501319-75.2025.8.26.0446
1501354-35.2025.8.26.0446,4º Promotor de Justiça de Piracicaba,Foro de Piracicaba,3ª Vara Criminal,2026/000063,Ação Penal - Procedimento Ordinário,Adulteração de Sinal Identificador de Veículo Automotor,2026-01-14,False,2025-12-17,2025-12-17,,,,Público,https://esaj.tjsp.jus.br/cpopg/show.do?processo.codigo=CE00001880000&processo.numero=1501354-35.2025.8.26.0446
1501384-70.2025.8.26.0446,18º Promotor de Justiça de Piracicaba,Foro de Piracicaba,4ª Vara Criminal,2025/001659,Ação Penal - Procedimento Sumário,Lesão Cometida em Razão da Condição de Mulher,2025-12-12,True,2025-12-15,2025-12-16,,,,Restrito,https://esaj.tjsp.jus.br/cpopg/show.do?processo.codigo=CE00001960000&processo.numero=1501384-70.2025.8.26.0446
1501264-27.2025.8.26.0446,11º Promotor de Justiça de Piracicaba,Foro de Piracicaba,1ª Vara Criminal,2026/000185,Ação Penal - Procedimento Ordinário,Tráfico de Drogas e Condutas Afins,2026-02-13,True,2026-01-15,2026-01-19,2026-03-11,2026-05-19,2026-05-20,Público,https://esaj.tjsp.jus.br/cpopg/show.do?processo.codigo=CE000015Q0000&processo.numero=1501264-27.2025.8.26.0446
1501289-40.2025.8.26.0446,7º Promotor de Justiça de Piracicaba,Foro de Piracicaba,3ª Vara Criminal,2025/001657,Ação Penal - Procedimento Ordinário,Lesão Cometida em Razão da Condição de Mulher,2025-12-11,False,2026-01-22,2026-01-28,,,,Restrito,https://esaj.tjsp.jus.br/cpopg/show.do?processo.codigo=CE000016F0000&processo.numero=1501289-40.2025.8.26.0446
1523047-60.2025.8.26.0451,18º Promotor de Justiça de Piracicaba,Foro de Piracicaba,4ª Vara Criminal,2025/001675,Ação Penal - Procedimento Ordinário,Lesão Corporal,2025-12-16,False,,2025-12-16,,,,Restrito,https://esaj.tjsp.jus.br/cpopg/show.do?processo.codigo=CJ000WXQO0000&processo.numero=1523047-60.2025.8.26.0451
1501170-79.2025.8.26.0446,18º Promotor de Justiça de Piracicaba,Foro de Piracicaba,4ª Vara Criminal,2026/000057,Ação Penal - Procedimento Ordinário,Adulteração de Sinal Identificador de Veículo Automotor,2026-01-12,True,2025-12-12,2025-12-17,,2026-05-03,2026-05-04,Público,https://esaj.tjsp.jus.br/cpopg/show.do?processo.codigo=CE00001310000&processo.numero=1501170-79.2025.8.26.0446
1501171-64.2025.8.26.0446,4º Promotor de Justiça de Piracicaba,Foro de Piracicaba,3ª Vara Criminal,2026/000060,Procedimento Especial da Lei Antitóxicos,Tráfico de Drogas e Condutas Afins,2026-01-14,True,2025-12-17,2025-12-19,2026-02-01,,,Público,https://esaj.tjsp.jus.br/cpopg/show.do?processo.codigo=CE00001330000&processo.numero=1501171-64.2025.8.26.0446
1501232-22.2025.8.26.0446,17º Promotor de Justiça de Piracicaba,Foro de Piracicaba,4ª Vara Criminal,2026/000066,Procedimento Especial da Lei Antitóxicos,Tráfico de Drogas e Condutas Afins,2026-01-13,True,2025-12-18,2025-12-18,2026-03-13,,,Público,https://esaj.tjsp.jus.br/cpopg/show.do?processo.codigo=CE000014T0000&processo.numero=1501232-22.2025.8.26.0446
1501233-07.2025.8.26.0446,9º Promotor de Justiça de Piracicaba,Foro de Piracicaba,2ª Vara Criminal,2026/000062,Procedimento Especial da Lei Antitóxicos,Tráfico de Drogas e Condutas Afins,2026-01-13,False,2025-12-17,2025-12-19,,,,Público,https://esaj.tjsp.jus.br/cpopg/show.do?processo.codigo=CE000014U0000&processo.numero=1501233-07.2025.8.26.0446
1503346-57.2025.8.26.0599,10º Promotor de Justiça de Piracicaba,Foro de Piracicaba,2ª Vara Criminal,2025/001797,Ação Penal - Procedimento Ordinário,Furto,2025-12-17,False,2025-12-16,2025-12-16,,,,Público,https://esaj.tjsp.jus.br/cpopg/show.do?processo.codigo=GN0004J9Y0000&processo.numero=1503346-57.2025.8.26.0599
1518714-65.2025.8.26.0451,10º Promotor de Justiça de Piracicaba,Foro de Piracicaba,2ª Vara Criminal,2026/000597,Termo Circunstanciado,Posse de Drogas para Consumo Pessoal,2026-05-20,False,,2026-03-05,,,,Público,https://esaj.tjsp.jus.br/cpopg/show.do?processo.codigo=CJ000WUQ30000&processo.numero=1518714-65.2025.8.26.0451
1501140-44.2025.8.26.0446,18º Promotor de Justiça de Piracicaba,Foro de Piracicaba,4ª Vara Criminal,2026/000051,Ação Penal - Procedimento Sumário,Dano,2026-01-09,True,2025-12-16,2026-01-07,,,,Público,https://esaj.tjsp.jus.br/cpopg/show.do?processo.codigo=CE00001270000&processo.numero=1501140-44.2025.8.26.0446
1501158-65.2025.8.26.0446,7º Promotor de Justiça de Piracicaba,Foro de Piracicaba,3ª Vara Criminal,2025/001686,Ação Penal - Procedimento Ordinário,Furto Qualificado,2025-12-17,False,2025-12-16,2025-12-16,,,,Público,https://esaj.tjsp.jus.br/cpopg/show.do?processo.codigo=CE000012P0000&processo.numero=1501158-65.2025.8.26.0446
1503340-50.2025.8.26.0599,4º Promotor de Justiça de Piracicaba,Foro de Piracicaba,3ª Vara Criminal,2026/000372,Ação Penal - Procedimento Ordinário,Leve,2026-03-30,False,2025-12-09,2026-03-09,,,,Restrito,https://esaj.tjsp.jus.br/cpopg/show.do?processo.codigo=GN0004J9S0000&processo.numero=1503340-50.2025.8.26.0599
1503343-05.2025.8.26.0599,4º Promotor de Justiça de Piracicaba,Foro de Piracicaba,3ª Vara Criminal,2025/001681,Ação Penal - Procedimento Sumário,Decorrente de Violência Doméstica,2025-12-17,True,2025-12-09,2025-12-10,,,,Restrito,https://esaj.tjsp.jus.br/cpopg/show.do?processo.codigo=GN0004J9V0000&processo.numero=1503343-05.2025.8.26.0599
1518700-81.2025.8.26.0451,7º Promotor de Justiça de Piracicaba,Foro de Piracicaba,3ª Vara Criminal,2025/001669,Termo Circunstanciado,Receptação,2025-12-12,False,,2026-01-27,,,,Público,https://esaj.tjsp.jus.br/cpopg/show.do?processo.codigo=CJ000WUOE0000&processo.numero=1518700-81.2025.8.26.0451
1503330-06.2025.8.26.0599,18º Promotor de Justiça de Piracicaba,Foro de Piracicaba,4ª Vara Criminal,2026/000071,Procedimento Especial da Lei Antitóxicos,Tráfico de Drogas e Condutas Afins,2026-01-14,True,2026-01-05,2026-01-09,2026-03-16,,,Público,https://esaj.tjsp.jus.br/cpopg/show.do?processo.codigo=GN0004J9H0000&processo.numero=1503330-06.2025.8.26.0599
1503334-43.2025.8.26.0599,9º Promotor de Justiça de Piracicaba,Foro de Piracicaba,2ª Vara Criminal,2025/001793,Ação Penal - Procedimento Ordinário,Importunação Sexual,2025-12-17,False,2025-12-09,2025-12-11,,,,Restrito,https://esaj.tjsp.jus.br/cpopg/show.do?processo.codigo=GN0004J9L0000&processo.numero=1503334-43.2025.8.26.0599
1503338-80.2025.8.26.0599,7º Promotor de Justiça de Piracicaba,Foro de Piracicaba,3ª Vara Criminal,2025/001679,Ação Penal - Procedimento Ordinário,Roubo,2025-12-16,True,2025-12-12,2025-12-12,,,,Público,https://esaj.tjsp.jus.br/cpopg/show.do?processo.codigo=GN0004J9P0000&processo.numero=1503338-80.2025.8.26.0599
1503317-07.2025.8.26.0599,11º Promotor de Justiça de Piracicaba,Foro de Piracicaba,1ª Vara Criminal,2026/000058,Procedimento Especial da Lei Antitóxicos,Tráfico de Drogas e Condutas Afins,2026-01-13,True,2025-12-18,2025-12-19,,,,Público,https://esaj.tjsp.jus.br/cpopg/show.do?processo.codigo=GN0004J920000&processo.numero=1503317-07.2025.8.26.0599
1501074-64.2025.8.26.0446,17º Promotor de Justiça de Piracicaba,Foro de Piracicaba,4ª Vara Criminal,2025/001672,Ação Penal - Procedimento Sumário,Crimes de Trânsito,2025-12-16,False,2025-12-11,2025-12-12,,,,Público,https://esaj.tjsp.jus.br/cpopg/show.do?processo.codigo=CE00001070000&processo.numero=1501074-64.2025.8.26.0446
1501084-11.2025.8.26.0446,10º Promotor de Justiça de Piracicaba,Foro de Piracicaba,2ª Vara Criminal,2026/000158,Ação Penal - Procedimento Ordinário,Furto Qualificado,2026-02-10,False,2025-12-09,2026-01-26,,,,Público,https://esaj.tjsp.jus.br/cpopg/show.do?processo.codigo=CE000010H0000&processo.numero=1501084-11.2025.8.26.0446
1501044-29.2025.8.26.0446,9º Promotor de Justiça de Piracicaba,Juiz das Garantias - 4ª RAJ - Piracicaba,Vara Regional das Garantias da 4ª RAJ - Piracicaba,2025/001540,Inquérito Policial,"Exercício Ilegal da Medicina, Arte Dentária ou Farmacêutica",2025-12-04,False,2026-04-14,2026-04-30,,,,Público,https://esaj.tjsp.jus.br/cpopg/show.do?processo.codigo=CE00000ZB0000&processo.numero=1501044-29.2025.8.26.0446
1501068-57.2025.8.26.0446,7º Promotor de Justiça de Piracicaba,Foro de Piracicaba,3ª Vara Criminal,2025/001677,Procedimento Especial da Lei Antitóxicos,Tráfico de Drogas e Condutas Afins,2025-12-16,True,2025-12-12,2025-12-12,,,,Público,https://esaj.tjsp.jus.br/cpopg/show.do?processo.codigo=CE00001010000&processo.numero=1501068-57.2025.8.26.0446
1516579-80.2025.8.26.0451,9º Promotor de Justiça de Piracicaba,Foro de Piracicaba,2ª Vara Criminal,2025/001733,Ação Penal - Procedimento Ordinário,Ameaça,2025-12-04,False,2026-04-11,2026-04-13,,,,Público,https://esaj.tjsp.jus.br/cpopg/show.do?processo.codigo=CJ000WSO30000&processo.numero=1516579-80.2025.8.26.0451
1517988-91.2025.8.26.0451,7º Promotor de Justiça de Piracicaba,Foro de Piracicaba,3ª Vara Criminal,2025/001696,Ação Penal - Procedimento Sumaríssimo,Ameaça,2025-12-19,False,2025-12-09,2026-01-07,,,,Restrito,https://esaj.tjsp.jus.br/cpopg/show.do?processo.codigo=CJ000WU150000&processo.numero=1517988-91.2025.8.26.0451
1500932-60.2025.8.26.0446,18º Promotor de Justiça de Piracicaba,Foro de Piracicaba,4ª Vara Criminal,2026/000011,Procedimento Especial da Lei Antitóxicos,Tráfico de Drogas e Condutas Afins,2026-01-08,True,2025-12-12,2025-12-12,2026-03-20,,,Público,https://esaj.tjsp.jus.br/cpopg/show.do?processo.codigo=CE00000VD0000&processo.numero=1500932-60.2025.8.26.0446
1500951-66.2025.8.26.0446,6º Promotor de Justiça de Piracicaba,Foro de Piracicaba,1ª Vara Criminal,2025/001559,Procedimento Especial da Lei Antitóxicos,Tráfico de Drogas e Condutas Afins,2025-12-17,False,2025-12-09,2025-12-10,2026-04-07,,,Público,https://esaj.tjsp.jus.br/cpopg/show.do?processo.codigo=CE00000VW0000&processo.numero=1500951-66.2025.8.26.0446
1500870-20.2025.8.26.0446,10º Promotor de Justiça de Piracicaba,Foro de Piracicaba,2ª Vara Criminal,2026/000086,Procedimento Especial da Lei Antitóxicos,Tráfico de Drogas e Condutas Afins,2026-01-20,False,2025-12-22,2026-01-07,,,,Público,https://esaj.tjsp.jus.br/cpopg/show.do?processo.codigo=CE00000TL0000&processo.numero=1500870-20.2025.8.26.0446
1500901-40.2025.8.26.0446,11º Promotor de Justiça de Piracicaba,Foro de Piracicaba,1ª Vara Criminal,2026/000144,Ação Penal - Procedimento Ordinário,Furto,2026-02-03,False,2025-12-09,2026-01-19,,,,Público,https://esaj.tjsp.jus.br/cpopg/show.do?processo.codigo=CE00000UI0000&processo.numero=1500901-40.2025.8.26.0446
1503301-53.2025.8.26.0599,4º Promotor de Justiça de Piracicaba,Foro de Piracicaba,3ª Vara Criminal,2025/001674,Ação Penal - Procedimento Ordinário,Lesão Corporal,2025-12-15,False,2025-12-04,2025-12-04,,,,Restrito,https://esaj.tjsp.jus.br/cpopg/show.do?processo.codigo=GN0004J8M0000&processo.numero=1503301-53.2025.8.26.0599
1500811-32.2025.8.26.0446,4º Promotor de Justiça de Piracicaba,Foro de Piracicaba,3ª Vara Criminal,2026/000040,Procedimento Especial da Lei Antitóxicos,Tráfico de Drogas e Condutas Afins,2026-01-09,True,2025-12-15,2025-12-16,2026-02-01,,,Público,https://esaj.tjsp.jus.br/cpopg/show.do?processo.codigo=CE00000QM0000&processo.numero=1500811-32.2025.8.26.0446
1500814-84.2025.8.26.0446,9º Promotor de Justiça de Piracicaba,Foro de Piracicaba,2ª Vara Criminal,2026/000060,Procedimento Especial da Lei Antitóxicos,Tráfico de Drogas e Condutas Afins,2026-01-13,True,2025-12-15,2025-12-18,2026-01-22,2026-05-13,2026-05-14,Público,https://esaj.tjsp.jus.br/cpopg/show.do?processo.codigo=CE00000QP0000&processo.numero=1500814-84.2025.8.26.0446
1500817-39.2025.8.26.0446,6º Promotor de Justiça de Piracicaba,Foro de Piracicaba,1ª Vara Criminal,2025/001572,Procedimento Especial da Lei Antitóxicos,Tráfico de Drogas e Condutas Afins,2025-12-19,False,2025-12-17,2025-12-17,2026-01-22,2026-03-25,2026-04-17,Público,https://esaj.tjsp.jus.br/cpopg/show.do?processo.codigo=CE00000QS0000&processo.numero=1500817-39.2025.8.26.0446
1503288-54.2025.8.26.0599,7º Promotor de Justiça de Piracicaba,Foro de Piracicaba,3ª Vara Criminal,2025/001675,Procedimento Especial da Lei Antitóxicos,Tráfico de Drogas e Condutas Afins,2025-12-15,False,2025-12-05,2025-12-11,,,,Público,https://esaj.tjsp.jus.br/cpopg/show.do?processo.codigo=GN0004J840000&processo.numero=1503288-54.2025.8.26.0599
1503297-16.2025.8.26.0599,11º Promotor de Justiça de Piracicaba,Foro de Piracicaba,1ª Vara Criminal,2025/001538,Ação Penal - Procedimento Ordinário,Furto,2025-12-11,False,2025-12-05,2025-12-05,,,,Público,https://esaj.tjsp.jus.br/cpopg/show.do?processo.codigo=GN0004J8E0000&processo.numero=1503297-16.2025.8.26.0599
1503281-62.2025.8.26.0599,11º Promotor de Justiça de Piracicaba,Foro de Piracicaba,1ª Vara Criminal,2025/001488,Ação Penal - Procedimento Ordinário,Crime de Descumprimento de Medida Protetiva  de Urgência,2025-12-01,False,2025-12-02,2025-12-04,,,,Restrito,https://esaj.tjsp.jus.br/cpopg/show.do?processo.codigo=GN0004J7V0000&processo.numero=1503281-62.2025.8.26.0599
1503263-41.2025.8.26.0599,7º Promotor de Justiça de Piracicaba,Foro de Piracicaba,3ª Vara Criminal,2025/001599,Ação Penal - Procedimento Ordinário,Lesão Cometida em Razão da Condição de Mulher,2025-11-30,True,2025-12-07,2025-12-09,,,,Restrito,https://esaj.tjsp.jus.br/cpopg/show.do?processo.codigo=GN0004J7D0000&processo.numero=1503263-41.2025.8.26.0599
1503276-40.2025.8.26.0599,10º Promotor de Justiça de Piracicaba,Foro de Piracicaba,2ª Vara Criminal,2025/001787,Ação Penal - Procedimento Ordinário,Furto,2025-12-16,False,2025-12-05,2025-12-08,,,,Público,https://esaj.tjsp.jus.br/cpopg/show.do?processo.codigo=GN0004J7Q0000&processo.numero=1503276-40.2025.8.26.0599
1514765-33.2025.8.26.0451,10º Promotor de Justiça de Piracicaba,Foro de Piracicaba,2ª Vara Criminal,2026/000455,Ação Penal - Procedimento Sumário,Ameaça,2026-04-23,False,2026-04-22,2026-04-28,,,,Restrito,https://esaj.tjsp.jus.br/cpopg/show.do?processo.codigo=CJ000WR580000&processo.numero=1514765-33.2025.8.26.0451
1503250-42.2025.8.26.0599,17º Promotor de Justiça de Piracicaba,Foro de Piracicaba,4ª Vara Criminal,2025/001648,Procedimento Especial da Lei Antitóxicos,Tráfico de Drogas e Condutas Afins,2025-12-10,True,2025-11-28,2025-12-01,2026-03-18,,,Público,https://esaj.tjsp.jus.br/cpopg/show.do?processo.codigo=GN0004J6W0000&processo.numero=1503250-42.2025.8.26.0599
1503251-27.2025.8.26.0599,9º Promotor de Justiça de Piracicaba,Foro de Piracicaba,2ª Vara Criminal,2025/001801,Ação Penal - Procedimento Ordinário,Roubo,2025-12-18,True,2025-12-03,2025-12-10,,,,Público,https://esaj.tjsp.jus.br/cpopg/show.do?processo.codigo=GN0004J6X0000&processo.numero=1503251-27.2025.8.26.0599
1503253-94.2025.8.26.0599,7º Promotor de Justiça de Piracicaba,Foro de Piracicaba,3ª Vara Criminal,2025/001687,Ação Penal - Procedimento Ordinário,Lesão Cometida em Razão da Condição de Mulher,2025-12-17,True,2025-12-02,2025-12-03,,,,Restrito,https://esaj.tjsp.jus.br/cpopg/show.do?processo.codigo=GN0004J6Z0000&processo.numero=1503253-94.2025.8.26.0599
1514744-57.2025.8.26.0451,6º Promotor de Justiça de Piracicaba,Foro de Piracicaba,1ª Vara Criminal,2025/001480,Ação Penal - Procedimento Ordinário,Atentado Violento ao Pudor,2025-11-27,False,,2026-05-13,,,,Restrito,https://esaj.tjsp.jus.br/cpopg/show.do?processo.codigo=CJ000WR1L0000&processo.numero=1514744-57.2025.8.26.0451
1500645-97.2025.8.26.0446,10º Promotor de Justiça de Piracicaba,Foro de Piracicaba,2ª Vara Criminal,2025/001759,Ação Penal - Procedimento Ordinário,Roubo,2025-12-10,False,2025-12-03,2025-12-05,,,,Público,https://esaj.tjsp.jus.br/cpopg/show.do?processo.codigo=CE00000KV0000&processo.numero=1500645-97.2025.8.26.0446
1503228-81.2025.8.26.0599,18º Promotor de Justiça de Piracicaba,Foro de Piracicaba,4ª Vara Criminal,2025/001641,Procedimento Especial da Lei Antitóxicos,Tráfico de Drogas e Condutas Afins,2025-12-09,True,,2025-11-27,2026-02-18,,,Público,https://esaj.tjsp.jus.br/cpopg/show.do?processo.codigo=GN0004J630000&processo.numero=1503228-81.2025.8.26.0599
1503229-66.2025.8.26.0599,9º Promotor de Justiça de Piracicaba,Foro de Piracicaba,2ª Vara Criminal,2025/001772,Ação Penal - Procedimento Ordinário,Roubo,2025-12-12,False,2025-11-28,2025-12-01,,,,Público,https://esaj.tjsp.jus.br/cpopg/show.do?processo.codigo=GN0004J640000&processo.numero=1503229-66.2025.8.26.0599
1503230-51.2025.8.26.0599,6º Promotor de Justiça de Piracicaba,Foro de Piracicaba,1ª Vara Criminal,2025/001530,Ação Penal - Procedimento Ordinário,Roubo Majorado,2025-12-10,False,2025-12-02,2025-12-19,,,,Restrito,https://esaj.tjsp.jus.br/cpopg/show.do?processo.codigo=GN0004J650000&processo.numero=1503230-51.2025.8.26.0599
1503231-36.2025.8.26.0599,9º Promotor de Justiça de Piracicaba,Foro de Piracicaba,2ª Vara Criminal,2025/001770,Procedimento Especial da Lei Antitóxicos,Tráfico de Drogas e Condutas Afins,2025-12-12,True,2025-11-27,2025-11-28,2025-12-18,2026-05-05,2026-05-06,Público,https://esaj.tjsp.jus.br/cpopg/show.do?processo.codigo=GN0004J660000&processo.numero=1503231-36.2025.8.26.0599
1503235-73.2025.8.26.0599,18º Promotor de Justiça de Piracicaba,Foro de Piracicaba,4ª Vara Criminal,2025/001645,Ação Penal - Procedimento Ordinário,Receptação,2025-12-10,False,2025-11-27,2025-11-28,2025-12-12,,2026-05-28,Público,https://esaj.tjsp.jus.br/cpopg/show.do?processo.codigo=GN0004J6A0000&processo.numero=1503235-73.2025.8.26.0599
1503238-28.2025.8.26.0599,17º Promotor de Justiça de Piracicaba,Foro de Piracicaba,4ª Vara Criminal,2025/001674,Procedimento Especial da Lei Antitóxicos,Tráfico de Drogas e Condutas Afins,2025-12-16,False,2025-12-05,2025-12-05,2026-02-03,,,Público,https://esaj.tjsp.jus.br/cpopg/show.do?processo.codigo=GN0004J6D0000&processo.numero=1503238-28.2025.8.26.0599
1500500-41.2025.8.26.0446,18º Promotor de Justiça de Piracicaba,Foro de Piracicaba,4ª Vara Criminal,2026/000075,Ação Penal - Procedimento Ordinário,Furto,2026-01-14,False,2025-11-24,2025-12-16,,,,Público,https://esaj.tjsp.jus.br/cpopg/show.do?processo.codigo=CE00000FE0000&processo.numero=1500500-41.2025.8.26.0446
1500508-18.2025.8.26.0446,11º Promotor de Justiça de Piracicaba,Foro de Piracicaba,1ª Vara Criminal,2025/001505,Inquérito Policial,Roubo,2025-12-03,False,2026-05-18,2026-05-19,,,,Público,https://esaj.tjsp.jus.br/cpopg/show.do?processo.codigo=CE00000FM0000&processo.numero=1500508-18.2025.8.26.0446
1500515-10.2025.8.26.0446,7º Promotor de Justiça de Piracicaba,Foro de Piracicaba,3ª Vara Criminal,2025/001617,Ação Penal - Procedimento Ordinário,Furto,2025-12-03,False,2026-05-21,2026-05-22,,,,Público,https://esaj.tjsp.jus.br/cpopg/show.do?processo.codigo=CE00000FT0000&processo.numero=1500515-10.2025.8.26.0446
1503221-89.2025.8.26.0599,17º Promotor de Justiça de Piracicaba,Foro de Piracicaba,4ª Vara Criminal,2026/000060,Procedimento Especial da Lei Antitóxicos,Tráfico de Drogas e Condutas Afins,2026-01-12,False,2025-12-10,2025-12-11,2026-03-17,,,Público,https://esaj.tjsp.jus.br/cpopg/show.do?processo.codigo=GN0004J5V0000&processo.numero=1503221-89.2025.8.26.0599
1503227-96.2025.8.26.0599,7º Promotor de Justiça de Piracicaba,Foro de Piracicaba,3ª Vara Criminal,2025/001688,Procedimento Especial da Lei Antitóxicos,Tráfico de Drogas e Condutas Afins,2025-12-17,True,2025-12-15,2025-12-16,2026-02-25,,,Público,https://esaj.tjsp.jus.br/cpopg/show.do?processo.codigo=GN0004J620000&processo.numero=1503227-96.2025.8.26.0599
1503215-82.2025.8.26.0599,18º Promotor de Justiça de Piracicaba,Foro de Piracicaba,4ª Vara Criminal,2025/001639,Ação Penal - Procedimento Ordinário,Lesão Cometida em Razão da Condição de Mulher,2025-12-09,False,2025-12-02,2025-12-05,,,,Restrito,https://esaj.tjsp.jus.br/cpopg/show.do?processo.codigo=GN0004J5J0000&processo.numero=1503215-82.2025.8.26.0599
1503218-37.2025.8.26.0599,4º Promotor de Justiça de Piracicaba,Foro de Piracicaba,3ª Vara Criminal,2025/001623,Procedimento Especial da Lei Antitóxicos,Tráfico de Drogas e Condutas Afins,2025-12-04,True,,2025-11-25,2026-01-26,,,Público,https://esaj.tjsp.jus.br/cpopg/show.do?processo.codigo=GN0004J5M0000&processo.numero=1503218-37.2025.8.26.0599
1503219-22.2025.8.26.0599,6º Promotor de Justiça de Piracicaba,Foro de Piracicaba,1ª Vara Criminal,2025/001542,Procedimento Especial da Lei Antitóxicos,Tráfico de Drogas e Condutas Afins,2025-12-12,False,2025-12-03,2025-12-04,2026-02-05,,,Público,https://esaj.tjsp.jus.br/cpopg/show.do?processo.codigo=GN0004J5N0000&processo.numero=1503219-22.2025.8.26.0599
1503208-90.2025.8.26.0599,11º Promotor de Justiça de Piracicaba,Foro de Piracicaba,1ª Vara Criminal,2025/001547,Procedimento Especial da Lei Antitóxicos,Tráfico de Drogas e Condutas Afins,2025-12-15,False,2025-12-05,2025-12-10,2026-02-09,,,Público,https://esaj.tjsp.jus.br/cpopg/show.do?processo.codigo=GN0004J5C0000&processo.numero=1503208-90.2025.8.26.0599
1503193-24.2025.8.26.0599,10º Promotor de Justiça de Piracicaba,Foro de Piracicaba,2ª Vara Criminal,2025/001778,Procedimento Especial da Lei Antitóxicos,Tráfico de Drogas e Condutas Afins,2025-12-15,True,2025-12-05,2025-12-10,2026-02-12,,,Público,https://esaj.tjsp.jus.br/cpopg/show.do?processo.codigo=GN0004J4V0000&processo.numero=1503193-24.2025.8.26.0599
1503199-31.2025.8.26.0599,17º Promotor de Justiça de Piracicaba,Foro de Piracicaba,4ª Vara Criminal,2026/000050,Procedimento Especial da Lei Antitóxicos,Tráfico de Drogas e Condutas Afins,2026-01-09,True,2025-12-15,2025-12-17,2026-03-19,,,Público,https://esaj.tjsp.jus.br/cpopg/show.do?processo.codigo=GN0004J510000&processo.numero=1503199-31.2025.8.26.0599
1503200-16.2025.8.26.0599,10º Promotor de Justiça de Piracicaba,Foro de Piracicaba,2ª Vara Criminal,2025/001795,Procedimento Especial da Lei Antitóxicos,Tráfico de Drogas e Condutas Afins,2025-12-17,False,2025-12-10,2025-12-11,2026-02-04,,,Público,https://esaj.tjsp.jus.br/cpopg/show.do?processo.codigo=GN0004J520000&processo.numero=1503200-16.2025.8.26.0599
1503201-98.2025.8.26.0599,9º Promotor de Justiça de Piracicaba,Foro de Piracicaba,2ª Vara Criminal,2025/001782,Ação Penal - Procedimento Ordinário,Crime de Descumprimento de Medida Protetiva  de Urgência,2025-12-15,False,2025-12-02,2025-12-16,,,,Restrito,https://esaj.tjsp.jus.br/cpopg/show.do?processo.codigo=GN0004J530000&processo.numero=1503201-98.2025.8.26.0599
1503164-71.2025.8.26.0599,9º Promotor de Justiça de Piracicaba,Foro de Piracicaba,2ª Vara Criminal,2025/001732,Procedimento Especial da Lei Antitóxicos,Tráfico de Drogas e Condutas Afins,2025-12-03,False,2025-11-28,2025-12-02,2026-01-13,,,Público,https://esaj.tjsp.jus.br/cpopg/show.do?processo.codigo=GN0004J3W0000&processo.numero=1503164-71.2025.8.26.0599
1503165-56.2025.8.26.0599,17º Promotor de Justiça de Piracicaba,Foro de Piracicaba,4ª Vara Criminal,2025/001662,Procedimento Especial da Lei Antitóxicos,Tráfico de Drogas e Condutas Afins,2025-12-12,True,2025-11-28,2025-12-01,2026-03-17,,,Público,https://esaj.tjsp.jus.br/cpopg/show.do?processo.codigo=GN0004J3X0000&processo.numero=1503165-56.2025.8.26.0599
1503167-26.2025.8.26.0599,11º Promotor de Justiça de Piracicaba,Foro de Piracicaba,1ª Vara Criminal,2025/001548,Procedimento Especial da Lei Antitóxicos,Tráfico de Drogas e Condutas Afins,2025-12-15,True,2025-11-28,2025-12-01,2026-01-19,2026-03-23,2026-03-24,Público,https://esaj.tjsp.jus.br/cpopg/show.do?processo.codigo=GN0004J3Z0000&processo.numero=1503167-26.2025.8.26.0599
1503172-48.2025.8.26.0599,9º Promotor de Justiça de Piracicaba,Foro de Piracicaba,2ª Vara Criminal,2025/001771,Procedimento Especial da Lei Antitóxicos,Tráfico de Drogas e Condutas Afins,2025-12-12,False,2025-11-28,2025-12-02,2026-01-09,,,Público,https://esaj.tjsp.jus.br/cpopg/show.do?processo.codigo=GN0004J490000&processo.numero=1503172-48.2025.8.26.0599
1503176-85.2025.8.26.0599,9º Promotor de Justiça de Piracicaba,Foro de Piracicaba,2ª Vara Criminal,2026/000042,Procedimento Especial da Lei Antitóxicos,Tráfico de Drogas e Condutas Afins,2026-01-09,True,2025-12-18,2025-12-19,2026-02-04,2026-05-27,2026-05-29,Público,https://esaj.tjsp.jus.br/cpopg/show.do?processo.codigo=GN0004J4D0000&processo.numero=1503176-85.2025.8.26.0599
1503177-70.2025.8.26.0599,18º Promotor de Justiça de Piracicaba,Foro de Piracicaba,4ª Vara Criminal,2025/001685,Procedimento Especial da Lei Antitóxicos,Tráfico de Drogas e Condutas Afins,2025-12-18,False,2025-12-15,2025-12-17,2026-02-10,,,Público,https://esaj.tjsp.jus.br/cpopg/show.do?processo.codigo=GN0004J4E0000&processo.numero=1503177-70.2025.8.26.0599
1514638-95.2025.8.26.0451,6º Promotor de Justiça de Piracicaba,Foro de Piracicaba,1ª Vara Criminal,2025/001463,Ação Penal - Procedimento Ordinário,Estupro de vulnerável,2025-11-20,False,2025-12-17,2025-12-18,,,,Restrito,https://esaj.tjsp.jus.br/cpopg/show.do?processo.codigo=CJ000WQJT0000&processo.numero=1514638-95.2025.8.26.0451
1500452-82.2025.8.26.0446,10º Promotor de Justiça de Piracicaba,Foro de Piracicaba,2ª Vara Criminal,2025/001789,Procedimento Especial da Lei Antitóxicos,Tráfico de Drogas e Condutas Afins,2025-12-17,False,2025-12-03,2025-12-10,,,,Restrito,https://esaj.tjsp.jus.br/cpopg/show.do?processo.codigo=CE00000DF0000&processo.numero=1500452-82.2025.8.26.0446
1500458-89.2025.8.26.0446,18º Promotor de Justiça de Piracicaba,Foro de Piracicaba,4ª Vara Criminal,2025/001657,Procedimento Especial da Lei Antitóxicos,Fabricação de Objeto Destinado a Produção de Drogas e Condutas Afins,2025-12-12,False,2025-12-03,2025-12-04,,2026-04-08,2026-04-16,Público,https://esaj.tjsp.jus.br/cpopg/show.do?processo.codigo=CE00000DL0000&processo.numero=1500458-89.2025.8.26.0446
1503154-27.2025.8.26.0599,11º Promotor de Justiça de Piracicaba,Foro de Piracicaba,1ª Vara Criminal,2026/000064,Inquérito Policial,Tráfico de Drogas e Condutas Afins,2026-01-14,False,2025-12-15,2025-12-16,,,,Público,https://esaj.tjsp.jus.br/cpopg/show.do?processo.codigo=GN0004J3M0000&processo.numero=1503154-27.2025.8.26.0599
1500388-72.2025.8.26.0446,11º Promotor de Justiça de Piracicaba,Foro de Piracicaba,1ª Vara Criminal,2026/000467,Ação Penal - Procedimento Ordinário,Adulteração de Sinal Identificador de Veículo Automotor,2026-04-16,False,2025-12-17,2026-03-24,,,,Público,https://esaj.tjsp.jus.br/cpopg/show.do?processo.codigo=CE00000BM0000&processo.numero=1500388-72.2025.8.26.0446
1500391-27.2025.8.26.0446,9º Promotor de Justiça de Piracicaba,Foro de Piracicaba,2ª Vara Criminal,2026/000022,Procedimento Especial da Lei Antitóxicos,Tráfico de Drogas e Condutas Afins,2026-01-08,False,2025-12-15,2025-12-16,2026-03-12,,,Público,https://esaj.tjsp.jus.br/cpopg/show.do?processo.codigo=CE00000BP0000&processo.numero=1500391-27.2025.8.26.0446
1503142-13.2025.8.26.0599,11º Promotor de Justiça de Piracicaba,Foro de Piracicaba,1ª Vara Criminal,2025/001536,Procedimento Especial da Lei Antitóxicos,Tráfico de Drogas e Condutas Afins,2025-12-11,True,2025-12-02,2025-12-03,,2026-03-16,2026-03-17,Público,https://esaj.tjsp.jus.br/cpopg/show.do?processo.codigo=GN0004J3A0000&processo.numero=1503142-13.2025.8.26.0599
1514590-39.2025.8.26.0451,18º Promotor de Justiça de Piracicaba,Foro de Piracicaba,4ª Vara Criminal,2025/001585,Ação Penal - Procedimento Ordinário,Leve,2025-11-26,False,,2025-11-27,,,,Restrito,https://esaj.tjsp.jus.br/cpopg/show.do?processo.codigo=CJ000WQEP0000&processo.numero=1514590-39.2025.8.26.0451
1500305-56.2025.8.26.0446,7º Promotor de Justiça de Piracicaba,Foro de Piracicaba,3ª Vara Criminal,2026/000216,Ação Penal - Procedimento Ordinário,Furto Qualificado,2026-02-24,False,2026-01-30,2026-01-30,,,,Público,https://esaj.tjsp.jus.br/cpopg/show.do?processo.codigo=CE000008N0000&processo.numero=1500305-56.2025.8.26.0446
1500321-10.2025.8.26.0446,9º Promotor de Justiça de Piracicaba,Foro de Piracicaba,2ª Vara Criminal,2025/001784,Procedimento Especial da Lei Antitóxicos,Tráfico de Drogas e Condutas Afins,2025-12-15,False,2025-11-19,2025-11-19,2026-01-09,,,Público,https://esaj.tjsp.jus.br/cpopg/show.do?processo.codigo=CE00000930000&processo.numero=1500321-10.2025.8.26.0446
1503127-44.2025.8.26.0599,9º Promotor de Justiça de Piracicaba,Foro de Piracicaba,2ª Vara Criminal,2025/001742,Procedimento Especial da Lei Antitóxicos,Resistência,2025-12-04,True,2025-11-27,2025-11-27,2026-01-19,2026-05-29,,Público,https://esaj.tjsp.jus.br/cpopg/show.do?processo.codigo=GN0004J2V0000&processo.numero=1503127-44.2025.8.26.0599
1503134-36.2025.8.26.0599,10º Promotor de Justiça de Piracicaba,Foro de Piracicaba,2ª Vara Criminal,2025/001726,Ação Penal - Procedimento Ordinário,Tráfico de Drogas e Condutas Afins,2025-12-02,False,2025-11-24,2025-11-25,,,,Público,https://esaj.tjsp.jus.br/cpopg/show.do?processo.codigo=GN0004J320000&processo.numero=1503134-36.2025.8.26.0599
1514560-04.2025.8.26.0451,9º Promotor de Justiça de Piracicaba,Foro de Piracicaba,2ª Vara Criminal,2025/001672,Ação Penal - Procedimento Sumário,Ameaça,2025-11-17,False,2026-04-12,2026-04-15,,,,Restrito,https://esaj.tjsp.jus.br/cpopg/show.do?processo.codigo=CJ000WQBX0000&processo.numero=1514560-04.2025.8.26.0451
1514578-25.2025.8.26.0451,6º Promotor de Justiça de Piracicaba,Foro de Piracicaba,1ª Vara Criminal,2025/001453,Ação Penal - Procedimento Ordinário,Furto Qualificado,2025-11-17,False,2025-11-17,2025-12-16,,,,Público,https://esaj.tjsp.jus.br/cpopg/show.do?processo.codigo=CJ000WQCY0000&processo.numero=1514578-25.2025.8.26.0451
1503114-45.2025.8.26.0599,17º Promotor de Justiça de Piracicaba,Foro de Piracicaba,4ª Vara Criminal,2025/001656,Ação Penal - Procedimento Ordinário,Estupro,2025-12-12,True,2025-11-17,2025-11-26,,,,Restrito,https://esaj.tjsp.jus.br/cpopg/show.do?processo.codigo=GN0004J2H0000&processo.numero=1503114-45.2025.8.26.0599
1503118-82.2025.8.26.0599,6º Promotor de Justiça de Piracicaba,Foro de Piracicaba,1ª Vara Criminal,2026/000040,Ação Penal - Procedimento Ordinário,Tráfico de Drogas e Condutas Afins,2026-01-08,True,2025-12-18,2025-12-19,2026-01-26,2026-03-26,2026-04-07,Público,https://esaj.tjsp.jus.br/cpopg/show.do?processo.codigo=GN0004J2L0000&processo.numero=1503118-82.2025.8.26.0599
1503122-22.2025.8.26.0599,6º Promotor de Justiça de Piracicaba,Foro de Piracicaba,1ª Vara Criminal,2025/001491,Ação Penal - Procedimento Sumário,Ameaça,2025-12-01,False,2025-11-17,2025-11-18,,,,Restrito,https://esaj.tjsp.jus.br/cpopg/show.do?processo.codigo=GN0004J2Q0000&processo.numero=1503122-22.2025.8.26.0599
1503123-07.2025.8.26.0599,17º Promotor de Justiça de Piracicaba,Foro de Piracicaba,4ª Vara Criminal,2025/001604,Procedimento Especial da Lei Antitóxicos,Tráfico de Drogas e Condutas Afins,2025-12-01,False,2025-12-18,2025-11-18,2026-02-20,,,Público,https://esaj.tjsp.jus.br/cpopg/show.do?processo.codigo=GN0004J2R0000&processo.numero=1503123-07.2025.8.26.0599
1503106-68.2025.8.26.0599,17º Promotor de Justiça de Piracicaba,Foro de Piracicaba,4ª Vara Criminal,2025/001616,Procedimento Especial da Lei Antitóxicos,Tráfico de Drogas e Condutas Afins,2025-12-02,True,2025-11-26,2025-11-27,2026-02-18,2026-05-07,,Público,https://esaj.tjsp.jus.br/cpopg/show.do?processo.codigo=GN0004J280000&processo.numero=1503106-68.2025.8.26.0599
1503111-90.2025.8.26.0599,7º Promotor de Justiça de Piracicaba,Foro de Piracicaba,3ª Vara Criminal,2026/000379,Ação Penal - Procedimento Ordinário,Furto,2026-03-31,False,2025-12-16,2026-03-11,,,,Público,https://esaj.tjsp.jus.br/cpopg/show.do?processo.codigo=GN0004J2E0000&processo.numero=1503111-90.2025.8.26.0599
1503093-69.2025.8.26.0599,7º Promotor de Justiça de Piracicaba,Foro de Piracicaba,3ª Vara Criminal,2025/001546,Ação Penal - Procedimento Ordinário,Crime de Descumprimento de Medida Protetiva  de Urgência,2025-11-17,True,2025-11-23,2025-11-24,,2026-05-11,2026-05-12,Restrito,https://esaj.tjsp.jus.br/cpopg/show.do?processo.codigo=GN0004J1V0000&processo.numero=1503093-69.2025.8.26.0599
1503095-39.2025.8.26.0599,7º Promotor de Justiça de Piracicaba,Foro de Piracicaba,3ª Vara Criminal,2025/001668,Procedimento Especial da Lei Antitóxicos,Tráfico de Drogas e Condutas Afins,2025-12-12,False,2025-11-17,2025-11-27,2026-04-28,,,Público,https://esaj.tjsp.jus.br/cpopg/show.do?processo.codigo=GN0004J1X0000&processo.numero=1503095-39.2025.8.26.0599
1500213-78.2025.8.26.0446,7º Promotor de Justiça de Piracicaba,Foro de Piracicaba,3ª Vara Criminal,2025/001598,Ação Penal - Procedimento Ordinário,Tráfico de Drogas e Condutas Afins,2025-11-30,False,2025-11-19,2025-11-25,,,,Restrito,https://esaj.tjsp.jus.br/cpopg/show.do?processo.codigo=CE00000680000&processo.numero=1500213-78.2025.8.26.0446
1503082-40.2025.8.26.0599,18º Promotor de Justiça de Piracicaba,Foro de Piracicaba,4ª Vara Criminal,2025/001653,Inquérito Policial,Tráfico de Drogas e Condutas Afins,2025-12-11,False,2025-11-27,2025-11-27,,,,Público,https://esaj.tjsp.jus.br/cpopg/show.do?processo.codigo=GN0004J1N0000&processo.numero=1503082-40.2025.8.26.0599
1503086-77.2025.8.26.0599,4º Promotor de Justiça de Piracicaba,Foro de Piracicaba,3ª Vara Criminal,2025/001663,Procedimento Especial da Lei Antitóxicos,Tráfico de Drogas e Condutas Afins,2025-12-12,True,2025-11-17,2025-11-28,2026-01-26,,,Público,https://esaj.tjsp.jus.br/cpopg/show.do?processo.codigo=GN0004J1R0000&processo.numero=1503086-77.2025.8.26.0599
1503088-47.2025.8.26.0599,6º Promotor de Justiça de Piracicaba,Foro de Piracicaba,1ª Vara Criminal,2026/000283,Procedimento Especial da Lei Antitóxicos,Tráfico de Drogas e Condutas Afins,2026-03-06,False,2025-11-27,2026-02-12,2026-04-02,,,Público,https://esaj.tjsp.jus.br/cpopg/show.do?processo.codigo=GN0004J1T0000&processo.numero=1503088-47.2025.8.26.0599
1500115-93.2025.8.26.0446,10º Promotor de Justiça de Piracicaba,Foro de Piracicaba,2ª Vara Criminal,2025/001768,Procedimento Especial da Lei Antitóxicos,Tráfico de Drogas e Condutas Afins,2025-12-11,False,2025-11-19,2025-11-25,2026-03-18,,,Público,https://esaj.tjsp.jus.br/cpopg/show.do?processo.codigo=CE000003R0000&processo.numero=1500115-93.2025.8.26.0446
1500133-17.2025.8.26.0446,7º Promotor de Justiça de Piracicaba,Foro de Piracicaba,3ª Vara Criminal,2025/001685,Procedimento Especial da Lei Antitóxicos,Tráfico de Drogas e Condutas Afins,2025-12-17,False,2025-12-11,2025-12-12,,,,Público,https://esaj.tjsp.jus.br/cpopg/show.do?processo.codigo=CE00000460000&processo.numero=1500133-17.2025.8.26.0446
1503072-93.2025.8.26.0599,4º Promotor de Justiça de Piracicaba,Foro de Piracicaba,3ª Vara Criminal,2025/001650,Ação Penal - Procedimento Ordinário,Decorrente de Violência Doméstica,2025-12-10,False,2025-11-29,2025-12-01,,,,Restrito,https://esaj.tjsp.jus.br/cpopg/show.do?processo.codigo=GN0004J1F0000&processo.numero=1503072-93.2025.8.26.0599
1503075-48.2025.8.26.0599,7º Promotor de Justiça de Piracicaba,Foro de Piracicaba,3ª Vara Criminal,2025/001659,Ação Penal - Procedimento Ordinário,Lesão Cometida em Razão da Condição de Mulher,2025-12-11,False,2025-11-29,2025-12-01,,,,Restrito,https://esaj.tjsp.jus.br/cpopg/show.do?processo.codigo=GN0004J1J0000&processo.numero=1503075-48.2025.8.26.0599
1503077-18.2025.8.26.0599,17º Promotor de Justiça de Piracicaba,Foro de Piracicaba,4ª Vara Criminal,2025/001640,Ação Penal - Procedimento Ordinário,Receptação,2025-12-09,False,2025-11-17,2025-11-24,2026-01-26,2026-04-11,,Público,https://esaj.tjsp.jus.br/cpopg/show.do?processo.codigo=GN0004J1L0000&processo.numero=1503077-18.2025.8.26.0599
1500086-43.2025.8.26.0446,7º Promotor de Justiça de Piracicaba,Foro de Piracicaba,3ª Vara Criminal,2025/001596,Ação Penal - Procedimento Ordinário,Tráfico de Drogas e Condutas Afins,2025-11-30,False,2025-11-14,2025-11-24,2026-02-03,,,Público,https://esaj.tjsp.jus.br/cpopg/show.do?processo.codigo=CE000002X0000&processo.numero=1500086-43.2025.8.26.0446
1500094-20.2025.8.26.0446,9º Promotor de Justiça de Piracicaba,Foro de Piracicaba,2ª Vara Criminal,2025/001760,Procedimento Especial da Lei Antitóxicos,Tráfico de Drogas e Condutas Afins,2025-12-10,False,2025-12-02,2025-12-02,2026-01-30,,,Público,https://esaj.tjsp.jus.br/cpopg/show.do?processo.codigo=CE00000350000&processo.numero=1500094-20.2025.8.26.0446
1503066-86.2025.8.26.0599,17º Promotor de Justiça de Piracicaba,Foro de Piracicaba,4ª Vara Criminal,2025/001646,Ação Penal - Procedimento Ordinário,Lesão Cometida em Razão da Condição de Mulher,2025-12-10,False,2025-11-13,2025-11-20,,,,Restrito,https://esaj.tjsp.jus.br/cpopg/show.do?processo.codigo=GN0004J190000&processo.numero=1503066-86.2025.8.26.0599
1503068-56.2025.8.26.0599,9º Promotor de Justiça de Piracicaba,Foro de Piracicaba,2ª Vara Criminal,2025/001721,Procedimento Especial da Lei Antitóxicos,Tráfico de Drogas e Condutas Afins,2025-12-01,False,2025-11-19,2025-11-26,2026-01-20,2026-05-25,2026-05-25,Público,https://esaj.tjsp.jus.br/cpopg/show.do?processo.codigo=GN0004J1B0000&processo.numero=1503068-56.2025.8.26.0599
1500038-84.2025.8.26.0446,6º Promotor de Justiça de Piracicaba,Foro de Piracicaba,1ª Vara Criminal,2025/001490,Procedimento Especial da Lei Antitóxicos,Tráfico de Drogas e Condutas Afins,2025-12-01,False,2025-11-12,2025-11-19,2026-02-12,,,Público,https://esaj.tjsp.jus.br/cpopg/show.do?processo.codigo=CE000001H0000&processo.numero=1500038-84.2025.8.26.0446
1503051-20.2025.8.26.0599,6º Promotor de Justiça de Piracicaba,Foro de Piracicaba,1ª Vara Criminal,2025/001562,Ação Penal - Procedimento Ordinário,Falsificação / Corrupção / Adulteração / Alteração de produto destinado a fins terapêuticos ou medicinais,2025-12-17,False,2025-12-10,2025-12-12,,,,Público,https://esaj.tjsp.jus.br/cpopg/show.do?processo.codigo=GN0004J0U0000&processo.numero=1503051-20.2025.8.26.0599
1503054-72.2025.8.26.0599,17º Promotor de Justiça de Piracicaba,Foro de Piracicaba,4ª Vara Criminal,2025/001650,Procedimento Especial da Lei Antitóxicos,Tráfico de Drogas e Condutas Afins,2025-12-11,True,2025-11-28,2025-12-01,2026-02-18,2026-05-07,,Público,https://esaj.tjsp.jus.br/cpopg/show.do?processo.codigo=GN0004J0X0000&processo.numero=1503054-72.2025.8.26.0599
1503042-58.2025.8.26.0599,11º Promotor de Justiça de Piracicaba,Foro de Piracicaba,1ª Vara Criminal,2026/000055,Procedimento Especial da Lei Antitóxicos,Tráfico de Drogas e Condutas Afins,2026-01-12,False,2025-12-05,2025-12-10,2026-02-05,,,Público,https://esaj.tjsp.jus.br/cpopg/show.do?processo.codigo=GN0004J0K0000&processo.numero=1503042-58.2025.8.26.0599
1503047-80.2025.8.26.0599,6º Promotor de Justiça de Piracicaba,Foro de Piracicaba,1ª Vara Criminal,2025/001533,Procedimento Especial da Lei Antitóxicos,Tráfico de Drogas e Condutas Afins,2025-12-11,True,2025-12-02,2025-12-02,2026-01-22,2026-03-19,2026-03-20,Público,https://esaj.tjsp.jus.br/cpopg/show.do?processo.codigo=GN0004J0P0000&processo.numero=1503047-80.2025.8.26.0599
1503030-44.2025.8.26.0599,9º Promotor de Justiça de Piracicaba,Foro de Piracicaba,2ª Vara Criminal,2025/001652,Procedimento Especial da Lei Antitóxicos,Tráfico de Drogas e Condutas Afins,2025-11-10,True,2025-12-02,2025-12-02,2026-02-04,2026-05-07,2026-05-07,Público,https://esaj.tjsp.jus.br/cpopg/show.do?processo.codigo=GN0004J080000&processo.numero=1503030-44.2025.8.26.0599
1503034-81.2025.8.26.0599,4º Promotor de Justiça de Piracicaba,Foro de Piracicaba,3ª Vara Criminal,2025/001661,Crimes de Imprensa,Tráfico de Drogas e Condutas Afins,2025-12-11,False,2025-12-02,2025-12-03,2026-02-19,,,Público,https://esaj.tjsp.jus.br/cpopg/show.do?processo.codigo=GN0004J0C0000&processo.numero=1503034-81.2025.8.26.0599
1503036-51.2025.8.26.0599,4º Promotor de Justiça de Piracicaba,Foro de Piracicaba,3ª Vara Criminal,2025/001673,Ação Penal - Procedimento Ordinário,Roubo,2025-12-15,False,2025-11-19,2025-11-26,,,,Público,https://esaj.tjsp.jus.br/cpopg/show.do?processo.codigo=GN0004J0E0000&processo.numero=1503036-51.2025.8.26.0599
1503024-37.2025.8.26.0599,18º Promotor de Justiça de Piracicaba,Foro de Piracicaba,4ª Vara Criminal,2025/001525,Procedimento Especial da Lei Antitóxicos,Tráfico de Drogas e Condutas Afins,2025-11-10,True,2025-11-12,2025-11-12,2026-03-20,,,Público,https://esaj.tjsp.jus.br/cpopg/show.do?processo.codigo=GN0004J020000&processo.numero=1503024-37.2025.8.26.0599
1503025-22.2025.8.26.0599,10º Promotor de Justiça de Piracicaba,Foro de Piracicaba,2ª Vara Criminal,2025/001745,Procedimento Especial da Lei Antitóxicos,Tráfico de Drogas e Condutas Afins,2025-12-05,False,2025-11-18,2025-11-26,2026-01-22,,,Público,https://esaj.tjsp.jus.br/cpopg/show.do?processo.codigo=GN0004J030000&processo.numero=1503025-22.2025.8.26.0599
1503026-07.2025.8.26.0599,9º Promotor de Justiça de Piracicaba,Foro de Piracicaba,2ª Vara Criminal,2025/001651,Ação Penal - Procedimento Ordinário,Estelionato,2025-11-10,False,2025-11-14,2025-11-17,,,,Público,https://esaj.tjsp.jus.br/cpopg/show.do?processo.codigo=GN0004J040000&processo.numero=1503026-07.2025.8.26.0599
1503027-89.2025.8.26.0599,9º Promotor de Justiça de Piracicaba,Foro de Piracicaba,2ª Vara Criminal,2025/001650,Ação Penal - Procedimento Ordinário,Tráfico de Drogas e Condutas Afins,2025-11-10,False,2025-11-28,2025-12-02,2025-12-19,,,Público,https://esaj.tjsp.jus.br/cpopg/show.do?processo.codigo=GN0004J050000&processo.numero=1503027-89.2025.8.26.0599
1511908-14.2025.8.26.0451,6º Promotor de Justiça de Piracicaba,Foro de Piracicaba,1ª Vara Criminal,2025/001429,Ação Penal - Procedimento Ordinário,Roubo,2025-11-07,False,2026-04-17,2026-04-17,,,,Público,https://esaj.tjsp.jus.br/cpopg/show.do?processo.codigo=CJ000WNUN0000&processo.numero=1511908-14.2025.8.26.0451
1511707-22.2025.8.26.0451,10º Promotor de Justiça de Piracicaba,Foro de Piracicaba,2ª Vara Criminal,2025/001645,Ação Penal - Procedimento Ordinário,Roubo,2025-11-06,False,2026-01-20,2026-01-21,,,,Público,https://esaj.tjsp.jus.br/cpopg/show.do?processo.codigo=CJ000WNP20000&processo.numero=1511707-22.2025.8.26.0451
1502994-02.2025.8.26.0599,18º Promotor de Justiça de Piracicaba,Foro de Piracicaba,4ª Vara Criminal,2025/001515,Procedimento Especial da Lei Antitóxicos,Tráfico de Drogas e Condutas Afins,2025-11-05,True,2025-11-06,2025-11-06,2025-12-12,2026-05-11,2026-05-12,Público,https://esaj.tjsp.jus.br/cpopg/show.do?processo.codigo=GN0004IZ60000&processo.numero=1502994-02.2025.8.26.0599
1502997-54.2025.8.26.0599,6º Promotor de Justiça de Piracicaba,Foro de Piracicaba,1ª Vara Criminal,2025/001430,Procedimento Especial da Lei Antitóxicos,Tráfico de Drogas e Condutas Afins,2025-11-07,False,2025-12-03,2025-12-03,2026-04-09,,,Público,https://esaj.tjsp.jus.br/cpopg/show.do?processo.codigo=GN0004IZ90000&processo.numero=1502997-54.2025.8.26.0599
1503002-76.2025.8.26.0599,18º Promotor de Justiça de Piracicaba,Foro de Piracicaba,4ª Vara Criminal,2025/001529,Procedimento Especial da Lei Antitóxicos,Tráfico de Drogas e Condutas Afins,2025-11-10,False,2025-11-10,2025-11-13,2026-02-01,,,Público,https://esaj.tjsp.jus.br/cpopg/show.do?processo.codigo=GN0004IZE0000&processo.numero=1503002-76.2025.8.26.0599
1503003-61.2025.8.26.0599,11º Promotor de Justiça de Piracicaba,Foro de Piracicaba,1ª Vara Criminal,2025/001426,Procedimento Especial da Lei Antitóxicos,Tráfico de Drogas e Condutas Afins,2025-11-07,False,2025-11-10,2025-11-11,2026-01-30,2026-05-27,,Público,https://esaj.tjsp.jus.br/cpopg/show.do?processo.codigo=GN0004IZF0000&processo.numero=1503003-61.2025.8.26.0599
1503007-98.2025.8.26.0599,18º Promotor de Justiça de Piracicaba,Foro de Piracicaba,4ª Vara Criminal,2025/001611,Ação Penal - Procedimento Ordinário,Crimes do Sistema Nacional de Armas,2025-12-02,False,2025-11-27,2025-11-28,2026-01-08,,,Público,https://esaj.tjsp.jus.br/cpopg/show.do?processo.codigo=GN0004IZJ0000&processo.numero=1503007-98.2025.8.26.0599
1502987-10.2025.8.26.0599,7º Promotor de Justiça de Piracicaba,Foro de Piracicaba,3ª Vara Criminal,2025/001506,Procedimento Especial da Lei Antitóxicos,Tráfico de Drogas e Condutas Afins,2025-11-04,False,2025-11-18,2025-11-19,2026-03-20,,,Público,https://esaj.tjsp.jus.br/cpopg/show.do?processo.codigo=GN0004IYZ0000&processo.numero=1502987-10.2025.8.26.0599
1502988-92.2025.8.26.0599,9º Promotor de Justiça de Piracicaba,Foro de Piracicaba,2ª Vara Criminal,2025/001641,Procedimento Especial da Lei Antitóxicos,Tráfico de Drogas e Condutas Afins,2025-11-04,False,2026-03-24,2026-03-30,,,,Público,https://esaj.tjsp.jus.br/cpopg/show.do?processo.codigo=GN0004IZ00000&processo.numero=1502988-92.2025.8.26.0599
1502990-62.2025.8.26.0599,4º Promotor de Justiça de Piracicaba,Foro de Piracicaba,3ª Vara Criminal,2025/001510,Ação Penal - Procedimento Ordinário,Crime de Descumprimento de Medida Protetiva  de Urgência,2025-11-05,True,2025-11-06,2025-11-07,,2026-05-05,2026-05-08,Restrito,https://esaj.tjsp.jus.br/cpopg/show.do?processo.codigo=GN0004IZ20000&processo.numero=1502990-62.2025.8.26.0599
1502991-47.2025.8.26.0599,6º Promotor de Justiça de Piracicaba,Foro de Piracicaba,1ª Vara Criminal,2025/001419,Ação Penal - Procedimento Ordinário,Adulteração de Sinal Identificador de Veículo Automotor,2025-11-05,False,2025-11-26,2025-11-28,2026-02-10,,,Público,https://esaj.tjsp.jus.br/cpopg/show.do?processo.codigo=GN0004IZ30000&processo.numero=1502991-47.2025.8.26.0599
1504822-94.2025.8.26.0320,7º Promotor de Justiça de Piracicaba,Foro de Piracicaba,3ª Vara Criminal,2025/001535,Ação Penal - Procedimento Ordinário,Furto,2025-11-12,False,2025-11-07,2025-11-13,,,,Público,https://esaj.tjsp.jus.br/cpopg/show.do?processo.codigo=8W000G2DG0000&processo.numero=1504822-94.2025.8.26.0320
1502981-03.2025.8.26.0599,7º Promotor de Justiça de Piracicaba,Foro de Piracicaba,3ª Vara Criminal,2025/001505,Procedimento Especial da Lei Antitóxicos,Tráfico de Drogas e Condutas Afins,2025-11-04,True,2025-11-11,2025-11-11,2025-12-10,,,Público,https://esaj.tjsp.jus.br/cpopg/show.do?processo.codigo=GN0004IYT0000&processo.numero=1502981-03.2025.8.26.0599
1502982-85.2025.8.26.0599,11º Promotor de Justiça de Piracicaba,Foro de Piracicaba,1ª Vara Criminal,2025/001418,Procedimento Especial da Lei Antitóxicos,Tráfico de Drogas e Condutas Afins,2025-11-04,False,2025-11-11,2025-11-11,2026-02-23,,,Público,https://esaj.tjsp.jus.br/cpopg/show.do?processo.codigo=GN0004IYU0000&processo.numero=1502982-85.2025.8.26.0599
1508671-69.2025.8.26.0451,7º Promotor de Justiça de Piracicaba,Foro de Piracicaba,3ª Vara Criminal,2025/001649,Ação Penal - Procedimento Sumário,Ameaça,2025-12-10,False,2026-04-13,2026-04-16,,,,Restrito,https://esaj.tjsp.jus.br/cpopg/show.do?processo.codigo=CJ000WL6E0000&processo.numero=1508671-69.2025.8.26.0451
1502974-11.2025.8.26.0599,4º Promotor de Justiça de Piracicaba,Foro de Piracicaba,3ª Vara Criminal,2025/001492,Ação Penal - Procedimento Ordinário,Lesão Cometida em Razão da Condição de Mulher,2025-11-02,False,2025-11-05,2025-11-07,,,,Restrito,https://esaj.tjsp.jus.br/cpopg/show.do?processo.codigo=GN0004IYL0000&processo.numero=1502974-11.2025.8.26.0599
1502975-93.2025.8.26.0599,18º Promotor de Justiça de Piracicaba,Foro de Piracicaba,4ª Vara Criminal,2025/001507,Crimes Ambientais,Roubo,2025-11-03,False,2026-05-12,2026-05-13,,,,Público,https://esaj.tjsp.jus.br/cpopg/show.do?processo.codigo=GN0004IYN0000&processo.numero=1502975-93.2025.8.26.0599
1508665-62.2025.8.26.0451,7º Promotor de Justiça de Piracicaba,Foro de Piracicaba,3ª Vara Criminal,2025/001497,Ação Penal - Procedimento Sumaríssimo,Ameaça,2025-11-03,False,2025-11-07,2025-11-10,,,,Público,https://esaj.tjsp.jus.br/cpopg/show.do?processo.codigo=CJ000WL5K0000&processo.numero=1508665-62.2025.8.26.0451
1508666-47.2025.8.26.0451,6º Promotor de Justiça de Piracicaba,Foro de Piracicaba,1ª Vara Criminal,2025/001409,Ação Penal - Procedimento Sumário,Lesão Cometida em Razão da Condição de Mulher,2025-11-03,False,2025-11-05,2025-11-07,,,,Restrito,https://esaj.tjsp.jus.br/cpopg/show.do?processo.codigo=CJ000WL5L0000&processo.numero=1508666-47.2025.8.26.0451
1502962-94.2025.8.26.0599,7º Promotor de Justiça de Piracicaba,Foro de Piracicaba,3ª Vara Criminal,2025/001495,Procedimento Especial da Lei Antitóxicos,Tráfico de Drogas e Condutas Afins,2025-11-03,False,2025-11-07,2025-11-10,2026-01-26,,,Público,https://esaj.tjsp.jus.br/cpopg/show.do?processo.codigo=GN0004IY80000&processo.numero=1502962-94.2025.8.26.0599
1502967-19.2025.8.26.0599,9º Promotor de Justiça de Piracicaba,Foro de Piracicaba,2ª Vara Criminal,2025/001634,Procedimento Especial da Lei Antitóxicos,Tráfico de Drogas e Condutas Afins,2025-11-03,True,2025-11-18,2025-11-19,2025-12-04,2026-02-25,,Público,https://esaj.tjsp.jus.br/cpopg/show.do?processo.codigo=GN0004IYE0000&processo.numero=1502967-19.2025.8.26.0599
1502955-05.2025.8.26.0599,11º Promotor de Justiça de Piracicaba,Foro de Piracicaba,1ª Vara Criminal,2025/001408,Procedimento Especial da Lei Antitóxicos,Tráfico de Drogas e Condutas Afins,2025-11-02,False,2025-11-11,2025-11-11,2025-12-11,,,Público,https://esaj.tjsp.jus.br/cpopg/show.do?processo.codigo=GN0004IXZ0000&processo.numero=1502955-05.2025.8.26.0599
1508631-87.2025.8.26.0451,6º Promotor de Justiça de Piracicaba,Foro de Piracicaba,1ª Vara Criminal,2025/001392,Inquérito Policial,Ameaça,2025-10-31,False,2026-05-27,2026-05-27,,,,Restrito,https://esaj.tjsp.jus.br/cpopg/show.do?processo.codigo=CJ000WL260000&processo.numero=1508631-87.2025.8.26.0451
1508634-42.2025.8.26.0451,6º Promotor de Justiça de Piracicaba,Foro de Piracicaba,1ª Vara Criminal,2025/001393,Inquérito Policial,Ameaça,2025-10-31,False,2026-05-27,2026-05-27,,,,Restrito,https://esaj.tjsp.jus.br/cpopg/show.do?processo.codigo=CJ000WL2N0000&processo.numero=1508634-42.2025.8.26.0451
1508638-79.2025.8.26.0451,11º Promotor de Justiça de Piracicaba,Foro de Piracicaba,1ª Vara Criminal,2025/001395,Inquérito Policial,Ameaça,2025-10-31,False,2026-05-27,2026-05-27,,,,Restrito,https://esaj.tjsp.jus.br/cpopg/show.do?processo.codigo=CJ000WL2V0000&processo.numero=1508638-79.2025.8.26.0451
1508647-41.2025.8.26.0451,11º Promotor de Justiça de Piracicaba,Foro de Piracicaba,1ª Vara Criminal,2025/001398,Inquérito Policial,Crime de Descumprimento de Medida Protetiva  de Urgência,2025-10-31,False,2026-05-29,2026-05-30,,,,Restrito,https://esaj.tjsp.jus.br/cpopg/show.do?processo.codigo=CJ000WL3C0000&processo.numero=1508647-41.2025.8.26.0451
1502937-81.2025.8.26.0599,7º Promotor de Justiça de Piracicaba,Foro de Piracicaba,3ª Vara Criminal,2025/001485,Ação Penal - Procedimento Ordinário,Furto Qualificado,2025-10-30,True,2025-11-05,2025-11-06,,,,Público,https://esaj.tjsp.jus.br/cpopg/show.do?processo.codigo=GN0004IXC0000&processo.numero=1502937-81.2025.8.26.0599
1502942-06.2025.8.26.0599,6º Promotor de Justiça de Piracicaba,Foro de Piracicaba,1ª Vara Criminal,2025/001411,Procedimento Especial da Lei Antitóxicos,Tráfico de Drogas e Condutas Afins,2025-11-04,True,2025-11-03,2025-11-04,2026-01-13,2026-03-19,2026-03-20,Público,https://esaj.tjsp.jus.br/cpopg/show.do?processo.codigo=GN0004IXH0000&processo.numero=1502942-06.2025.8.26.0599
1502944-73.2025.8.26.0599,7º Promotor de Justiça de Piracicaba,Foro de Piracicaba,3ª Vara Criminal,2025/001536,Procedimento Especial da Lei Antitóxicos,Tráfico de Drogas e Condutas Afins,2025-11-12,True,2025-11-05,2025-11-13,2025-12-17,,,Público,https://esaj.tjsp.jus.br/cpopg/show.do?processo.codigo=GN0004IXJ0000&processo.numero=1502944-73.2025.8.26.0599
1508621-43.2025.8.26.0451,18º Promotor de Justiça de Piracicaba,Foro de Piracicaba,4ª Vara Criminal,2025/001501,Ação Penal - Procedimento Ordinário,Decorrente de Violência Doméstica,2025-11-03,False,2025-10-31,2025-11-05,,,,Restrito,https://esaj.tjsp.jus.br/cpopg/show.do?processo.codigo=CJ000WL1Q0000&processo.numero=1508621-43.2025.8.26.0451
1502922-15.2025.8.26.0599,9º Promotor de Justiça de Piracicaba,Foro de Piracicaba,2ª Vara Criminal,2025/001621,Procedimento Especial da Lei Antitóxicos,Tráfico de Drogas e Condutas Afins,2025-10-30,True,2025-11-28,2025-12-01,2025-12-16,,2026-04-22,Público,https://esaj.tjsp.jus.br/cpopg/show.do?processo.codigo=GN0004IWZ0000&processo.numero=1502922-15.2025.8.26.0599
1502923-97.2025.8.26.0599,11º Promotor de Justiça de Piracicaba,Foro de Piracicaba,1ª Vara Criminal,2025/001387,Procedimento Especial da Lei Antitóxicos,Tráfico de Drogas e Condutas Afins,2025-10-30,True,2025-11-18,2025-11-18,2026-01-20,2026-03-06,2026-03-06,Público,https://esaj.tjsp.jus.br/cpopg/show.do?processo.codigo=GN0004IX00000&processo.numero=1502923-97.2025.8.26.0599
1502928-22.2025.8.26.0599,18º Promotor de Justiça de Piracicaba,Foro de Piracicaba,4ª Vara Criminal,2025/001487,Procedimento Especial da Lei Antitóxicos,Tráfico de Drogas e Condutas Afins,2025-10-30,True,2025-11-19,2025-11-26,2026-02-01,2026-04-15,2026-04-16,Público,https://esaj.tjsp.jus.br/cpopg/show.do?processo.codigo=GN0004IX50000&processo.numero=1502928-22.2025.8.26.0599
1502930-89.2025.8.26.0599,18º Promotor de Justiça de Piracicaba,Foro de Piracicaba,4ª Vara Criminal,2025/001489,Procedimento Especial da Lei Antitóxicos,Tráfico de Drogas e Condutas Afins,2025-10-30,False,2025-11-26,2025-11-28,2026-02-03,,,Público,https://esaj.tjsp.jus.br/cpopg/show.do?processo.codigo=GN0004IX70000&processo.numero=1502930-89.2025.8.26.0599
1502931-74.2025.8.26.0599,7º Promotor de Justiça de Piracicaba,Foro de Piracicaba,3ª Vara Criminal,2025/001489,Procedimento Especial da Lei Antitóxicos,Tráfico de Drogas e Condutas Afins,2025-10-31,False,2025-11-07,2025-11-10,2026-03-13,,,Público,https://esaj.tjsp.jus.br/cpopg/show.do?processo.codigo=GN0004IX80000&processo.numero=1502931-74.2025.8.26.0599
1502913-53.2025.8.26.0599,11º Promotor de Justiça de Piracicaba,Foro de Piracicaba,1ª Vara Criminal,2025/001377,Procedimento Especial da Lei Antitóxicos,Tráfico de Drogas e Condutas Afins,2025-10-28,True,2025-11-07,2025-11-12,2025-12-18,2026-03-03,2026-03-05,Público,https://esaj.tjsp.jus.br/cpopg/show.do?processo.codigo=GN0004IWQ0000&processo.numero=1502913-53.2025.8.26.0599
1502917-90.2025.8.26.0599,4º Promotor de Justiça de Piracicaba,Foro de Piracicaba,3ª Vara Criminal,2025/001483,Procedimento Especial da Lei Antitóxicos,Tráfico de Drogas e Condutas Afins,2025-10-30,False,2025-10-31,2025-10-31,,,,Público,https://esaj.tjsp.jus.br/cpopg/show.do?processo.codigo=GN0004IWU0000&processo.numero=1502917-90.2025.8.26.0599
1502920-45.2025.8.26.0599,9º Promotor de Justiça de Piracicaba,Foro de Piracicaba,2ª Vara Criminal,2025/001622,Ação Penal - Procedimento Ordinário,Furto Qualificado,2025-10-30,False,2025-11-10,2025-11-11,2025-11-15,2026-05-25,2026-05-26,Público,https://esaj.tjsp.jus.br/cpopg/show.do?processo.codigo=GN0004IWX0000&processo.numero=1502920-45.2025.8.26.0599
1508555-63.2025.8.26.0451,13º Promotor de Justiça de Piracicaba,Foro de Piracicaba,Vara do Juizado Especial Cível e Criminal,2025/002075,Termo Circunstanciado,Crimes de Trânsito,2025-10-28,False,,2026-04-09,,,,Público,https://esaj.tjsp.jus.br/cpopg/show.do?processo.codigo=CJ000WKUD0000&processo.numero=1508555-63.2025.8.26.0451
1502900-54.2025.8.26.0599,7º Promotor de Justiça de Piracicaba,Foro de Piracicaba,3ª Vara Criminal,2025/001479,Ação Penal - Procedimento Ordinário,Furto Qualificado,2025-10-29,False,2025-11-05,2026-03-17,,,,Público,https://esaj.tjsp.jus.br/cpopg/show.do?processo.codigo=GN0004IWA0000&processo.numero=1502900-54.2025.8.26.0599
1502883-18.2025.8.26.0599,9º Promotor de Justiça de Piracicaba,Foro de Piracicaba,2ª Vara Criminal,2025/001610,Ação Penal - Procedimento Ordinário,Decorrente de Violência Doméstica,2025-10-28,False,2025-10-29,2026-05-04,,,,Restrito,https://esaj.tjsp.jus.br/cpopg/show.do?processo.codigo=GN0004IVT0000&processo.numero=1502883-18.2025.8.26.0599
1502885-85.2025.8.26.0599,18º Promotor de Justiça de Piracicaba,Foro de Piracicaba,4ª Vara Criminal,2025/001475,Ação Penal - Procedimento Ordinário,Receptação,2025-10-27,False,2025-11-06,2025-11-11,2025-11-18,,,Público,https://esaj.tjsp.jus.br/cpopg/show.do?processo.codigo=GN0004IVV0000&processo.numero=1502885-85.2025.8.26.0599
1502886-70.2025.8.26.0599,7º Promotor de Justiça de Piracicaba,Foro de Piracicaba,3ª Vara Criminal,2025/001468,Ação Penal - Procedimento Ordinário,Decorrente de Violência Doméstica,2025-10-27,True,2025-10-29,2025-10-30,,2026-01-22,2026-01-23,Restrito,https://esaj.tjsp.jus.br/cpopg/show.do?processo.codigo=GN0004IVW0000&processo.numero=1502886-70.2025.8.26.0599
1502888-40.2025.8.26.0599,11º Promotor de Justiça de Piracicaba,Foro de Piracicaba,1ª Vara Criminal,2025/001374,Ação Penal - Procedimento Ordinário,Crimes do Sistema Nacional de Armas,2025-10-28,True,2025-11-03,2025-11-04,,2026-03-19,2026-03-20,Público,https://esaj.tjsp.jus.br/cpopg/show.do?processo.codigo=GN0004IVY0000&processo.numero=1502888-40.2025.8.26.0599
1502864-12.2025.8.26.0599,6º Promotor de Justiça de Piracicaba,Foro de Piracicaba,1ª Vara Criminal,2025/001373,Ação Penal - Procedimento Sumário,Ameaça,2025-10-27,False,2025-10-29,2025-10-30,,,,Restrito,https://esaj.tjsp.jus.br/cpopg/show.do?processo.codigo=GN0004IVA0000&processo.numero=1502864-12.2025.8.26.0599
1508465-55.2025.8.26.0451,11º Promotor de Justiça de Piracicaba,Foro de Piracicaba,1ª Vara Criminal,2025/001358,Inquérito Policial,Furto Qualificado,2025-10-24,False,2026-05-25,2026-05-26,,,,Público,https://esaj.tjsp.jus.br/cpopg/show.do?processo.codigo=CJ000WKNO0000&processo.numero=1508465-55.2025.8.26.0451
1502848-58.2025.8.26.0599,18º Promotor de Justiça de Piracicaba,Foro de Piracicaba,4ª Vara Criminal,2025/001459,Procedimento Especial da Lei Antitóxicos,Tráfico de Drogas e Condutas Afins,2025-10-24,False,2025-11-19,2025-11-26,2025-12-10,,,Público,https://esaj.tjsp.jus.br/cpopg/show.do?processo.codigo=GN0004IUT0000&processo.numero=1502848-58.2025.8.26.0599
1502853-80.2025.8.26.0599,9º Promotor de Justiça de Piracicaba,Foro de Piracicaba,2ª Vara Criminal,2025/001593,Ação Penal - Procedimento Ordinário,Receptação,2025-10-24,False,2025-10-29,2025-10-30,,,,Público,https://esaj.tjsp.jus.br/cpopg/show.do?processo.codigo=GN0004IUZ0000&processo.numero=1502853-80.2025.8.26.0599
1508369-40.2025.8.26.0451,9º Promotor de Justiça de Piracicaba,Foro de Piracicaba,2ª Vara Criminal,2025/001572,Ação Penal - Procedimento Ordinário,Receptação,2025-10-22,False,2025-12-02,2025-12-03,,,,Público,https://esaj.tjsp.jus.br/cpopg/show.do?processo.codigo=CJ000WKIY0000&processo.numero=1508369-40.2025.8.26.0451
1508377-17.2025.8.26.0451,6º Promotor de Justiça de Piracicaba,Foro de Piracicaba,1ª Vara Criminal,2025/001349,Ação Penal - Procedimento Ordinário,Furto,2025-10-22,False,2025-10-23,2025-10-24,2025-12-11,,,Público,https://esaj.tjsp.jus.br/cpopg/show.do?processo.codigo=CJ000WKJG0000&processo.numero=1508377-17.2025.8.26.0451
1502820-90.2025.8.26.0599,18º Promotor de Justiça de Piracicaba,Foro de Piracicaba,4ª Vara Criminal,2025/001435,Ação Penal - Procedimento Ordinário,Receptação,2025-10-21,False,2025-11-03,2025-11-19,2025-12-15,,,Público,https://esaj.tjsp.jus.br/cpopg/show.do?processo.codigo=GN0004ITX0000&processo.numero=1502820-90.2025.8.26.0599
1502824-30.2025.8.26.0599,7º Promotor de Justiça de Piracicaba,Foro de Piracicaba,3ª Vara Criminal,2025/001445,Ação Penal - Procedimento Sumário,Ameaça,2025-10-23,False,2025-10-28,2025-11-03,,,,Restrito,https://esaj.tjsp.jus.br/cpopg/show.do?processo.codigo=GN0004IU30000&processo.numero=1502824-30.2025.8.26.0599
1502827-82.2025.8.26.0599,4º Promotor de Justiça de Piracicaba,Foro de Piracicaba,3ª Vara Criminal,2025/001440,Procedimento Especial da Lei Antitóxicos,Tráfico de Drogas e Condutas Afins,2025-10-22,True,2025-11-18,2025-11-23,2025-12-09,,,Público,https://esaj.tjsp.jus.br/cpopg/show.do?processo.codigo=GN0004IU60000&processo.numero=1502827-82.2025.8.26.0599
1502828-67.2025.8.26.0599,9º Promotor de Justiça de Piracicaba,Foro de Piracicaba,2ª Vara Criminal,2025/001582,Procedimento Especial da Lei Antitóxicos,Tráfico de Drogas e Condutas Afins,2025-10-23,False,2025-10-29,2025-10-30,2025-11-10,,,Público,https://esaj.tjsp.jus.br/cpopg/show.do?processo.codigo=GN0004IU70000&processo.numero=1502828-67.2025.8.26.0599
1502833-89.2025.8.26.0599,9º Promotor de Justiça de Piracicaba,Foro de Piracicaba,2ª Vara Criminal,2025/001573,Ação Penal - Procedimento Ordinário,Vias de fato,2025-10-22,False,2025-10-28,2025-10-29,,,,Restrito,https://esaj.tjsp.jus.br/cpopg/show.do?processo.codigo=GN0004IUC0000&processo.numero=1502833-89.2025.8.26.0599
1502836-44.2025.8.26.0599,7º Promotor de Justiça de Piracicaba,Foro de Piracicaba,3ª Vara Criminal,2025/001446,Ação Penal - Procedimento Ordinário,Crimes do Sistema Nacional de Armas,2025-10-23,False,2025-10-24,2025-10-30,2026-04-10,,,Público,https://esaj.tjsp.jus.br/cpopg/show.do?processo.codigo=GN0004IUF0000&processo.numero=1502836-44.2025.8.26.0599
1502837-29.2025.8.26.0599,18º Promotor de Justiça de Piracicaba,Foro de Piracicaba,4ª Vara Criminal,2025/001447,Procedimento Especial da Lei Antitóxicos,Tráfico de Drogas e Condutas Afins,2025-10-22,True,2025-11-06,2025-11-07,,2026-03-18,2026-03-20,Público,https://esaj.tjsp.jus.br/cpopg/show.do?processo.codigo=GN0004IUG0000&processo.numero=1502837-29.2025.8.26.0599
1508323-51.2025.8.26.0451,11º Promotor de Justiça de Piracicaba,Foro de Piracicaba,1ª Vara Criminal,2025/001335,Inquérito Policial,Furto Qualificado,2025-10-21,False,2026-05-22,2026-05-22,,,,Público,https://esaj.tjsp.jus.br/cpopg/show.do?processo.codigo=CJ000WKDO0000&processo.numero=1508323-51.2025.8.26.0451
1502799-17.2025.8.26.0599,6º Promotor de Justiça de Piracicaba,Foro de Piracicaba,1ª Vara Criminal,2025/001330,Procedimento Especial da Lei Antitóxicos,Tráfico de Drogas e Condutas Afins,2025-10-20,True,2025-10-24,2025-10-28,2025-11-26,2026-01-26,2026-01-27,Público,https://esaj.tjsp.jus.br/cpopg/show.do?processo.codigo=GN0004ITC0000&processo.numero=1502799-17.2025.8.26.0599
1502808-76.2025.8.26.0599,6º Promotor de Justiça de Piracicaba,Foro de Piracicaba,1ª Vara Criminal,2025/001339,Procedimento Especial da Lei Antitóxicos,Tráfico de Drogas e Condutas Afins,2025-10-21,False,2025-11-17,2025-11-18,2026-02-23,,,Público,https://esaj.tjsp.jus.br/cpopg/show.do?processo.codigo=GN0004ITL0000&processo.numero=1502808-76.2025.8.26.0599
1502813-98.2025.8.26.0599,6º Promotor de Justiça de Piracicaba,Foro de Piracicaba,1ª Vara Criminal,2025/001332,Ação Penal - Procedimento Ordinário,Furto Qualificado,2025-10-20,True,2025-11-18,2025-11-19,,,,Público,https://esaj.tjsp.jus.br/cpopg/show.do?processo.codigo=GN0004ITQ0000&processo.numero=1502813-98.2025.8.26.0599
1502816-53.2025.8.26.0599,10º Promotor de Justiça de Piracicaba,Foro de Piracicaba,2ª Vara Criminal,2025/001568,Procedimento Especial da Lei Antitóxicos,Tráfico de Drogas e Condutas Afins,2025-10-21,True,2025-10-28,2025-10-29,2025-11-26,2026-03-12,2026-03-13,Público,https://esaj.tjsp.jus.br/cpopg/show.do?processo.codigo=GN0004ITT0000&processo.numero=1502816-53.2025.8.26.0599
1502817-38.2025.8.26.0599,7º Promotor de Justiça de Piracicaba,Foro de Piracicaba,3ª Vara Criminal,2025/001437,Ação Penal - Procedimento Sumário,Decorrente de Violência Doméstica,2025-10-21,False,2025-10-22,2025-10-25,2026-01-19,,,Restrito,https://esaj.tjsp.jus.br/cpopg/show.do?processo.codigo=GN0004ITU0000&processo.numero=1502817-38.2025.8.26.0599
1502787-03.2025.8.26.0599,10º Promotor de Justiça de Piracicaba,Foro de Piracicaba,2ª Vara Criminal,2025/001555,Ação Penal - Procedimento Ordinário,Roubo,2025-10-17,True,2025-10-22,2025-10-23,,,,Público,https://esaj.tjsp.jus.br/cpopg/show.do?processo.codigo=GN0004ISV0000&processo.numero=1502787-03.2025.8.26.0599
1508273-25.2025.8.26.0451,11º Promotor de Justiça de Piracicaba,Foro de Piracicaba,1ª Vara Criminal,2025/001325,Ação Penal - Procedimento Ordinário,Adulteração de Sinal Identificador de Veículo Automotor,2025-10-17,False,2025-12-12,2026-01-21,,,,Público,https://esaj.tjsp.jus.br/cpopg/show.do?processo.codigo=CJ000WK7S0000&processo.numero=1508273-25.2025.8.26.0451
1502774-04.2025.8.26.0599,18º Promotor de Justiça de Piracicaba,Foro de Piracicaba,4ª Vara Criminal,2025/001429,Procedimento Especial da Lei Antitóxicos,Tráfico de Drogas e Condutas Afins,2025-10-17,False,2025-10-24,2025-10-27,2025-11-18,2026-03-01,2026-05-05,Público,https://esaj.tjsp.jus.br/cpopg/show.do?processo.codigo=GN0004ISI0000&processo.numero=1502774-04.2025.8.26.0599
1502784-48.2025.8.26.0599,10º Promotor de Justiça de Piracicaba,Foro de Piracicaba,2ª Vara Criminal,2025/001556,Procedimento Especial da Lei Antitóxicos,Tráfico de Drogas e Condutas Afins,2025-10-17,False,2025-11-13,2025-11-24,,,2026-02-27,Público,https://esaj.tjsp.jus.br/cpopg/show.do?processo.codigo=GN0004ISS0000&processo.numero=1502784-48.2025.8.26.0599
1502760-20.2025.8.26.0599,11º Promotor de Justiça de Piracicaba,Foro de Piracicaba,1ª Vara Criminal,2025/001317,Ação Penal - Procedimento Sumário,Lesão Cometida em Razão da Condição de Mulher,2025-10-15,False,2025-10-16,2025-11-02,,,,Restrito,https://esaj.tjsp.jus.br/cpopg/show.do?processo.codigo=GN0004IS40000&processo.numero=1502760-20.2025.8.26.0599
1502761-05.2025.8.26.0599,9º Promotor de Justiça de Piracicaba,Foro de Piracicaba,2ª Vara Criminal,2025/001550,Ação Penal - Procedimento Sumário,Crime de Descumprimento de Medida Protetiva  de Urgência,2025-10-16,False,2025-10-20,2025-10-21,,,,Restrito,https://esaj.tjsp.jus.br/cpopg/show.do?processo.codigo=GN0004IS50000&processo.numero=1502761-05.2025.8.26.0599
1502762-87.2025.8.26.0599,7º Promotor de Justiça de Piracicaba,Foro de Piracicaba,3ª Vara Criminal,2025/001417,Procedimento Especial da Lei Antitóxicos,Tráfico de Drogas e Condutas Afins,2025-10-17,False,2025-11-12,2025-11-12,2026-02-08,,,Público,https://esaj.tjsp.jus.br/cpopg/show.do?processo.codigo=GN0004IS60000&processo.numero=1502762-87.2025.8.26.0599
1508204-90.2025.8.26.0451,10º Promotor de Justiça de Piracicaba,Foro de Piracicaba,2ª Vara Criminal,2025/001537,Ação Penal - Procedimento Ordinário,Crimes de Trânsito,2025-10-15,False,2026-05-15,2026-05-19,,,,Público,https://esaj.tjsp.jus.br/cpopg/show.do?processo.codigo=CJ000WK1P0000&processo.numero=1508204-90.2025.8.26.0451
1508206-60.2025.8.26.0451,10º Promotor de Justiça de Piracicaba,Foro de Piracicaba,2ª Vara Criminal,2025/001538,Ação Penal - Procedimento Ordinário,Furto,2025-10-15,False,2026-04-09,2026-04-27,,,,Público,https://esaj.tjsp.jus.br/cpopg/show.do?processo.codigo=CJ000WK1S0000&processo.numero=1508206-60.2025.8.26.0451
1508209-15.2025.8.26.0451,4º Promotor de Justiça de Piracicaba,Foro de Piracicaba,3ª Vara Criminal,2026/000580,Ação Penal - Procedimento Ordinário,Furto,2026-05-15,False,2026-03-16,2026-03-18,,,,Público,https://esaj.tjsp.jus.br/cpopg/show.do?processo.codigo=CJ000WK1X0000&processo.numero=1508209-15.2025.8.26.0451
1508217-89.2025.8.26.0451,13º Promotor de Justiça de Piracicaba,Foro de Piracicaba,Vara do Juizado Especial Cível e Criminal,2025/002045,Termo Circunstanciado,Comunicação falsa de crime ou de contravenção,2025-10-15,False,,2025-11-12,2026-04-03,,,Público,https://esaj.tjsp.jus.br/cpopg/show.do?processo.codigo=CJ000WK2X0000&processo.numero=1508217-89.2025.8.26.0451
1502749-88.2025.8.26.0599,6º Promotor de Justiça de Piracicaba,Foro de Piracicaba,1ª Vara Criminal,2025/001311,Ação Penal - Procedimento Sumário,Ameaça,2025-10-14,False,2025-10-14,2025-10-15,,,,Restrito,https://esaj.tjsp.jus.br/cpopg/show.do?processo.codigo=GN0004IRU0000&processo.numero=1502749-88.2025.8.26.0599
1502754-13.2025.8.26.0599,6º Promotor de Justiça de Piracicaba,Foro de Piracicaba,1ª Vara Criminal,2025/001312,Ação Penal - Procedimento Ordinário,Crimes do Sistema Nacional de Armas,2025-10-14,False,2025-10-15,2025-10-16,2025-12-08,,,Público,https://esaj.tjsp.jus.br/cpopg/show.do?processo.codigo=GN0004IRY0000&processo.numero=1502754-13.2025.8.26.0599
1508195-31.2025.8.26.0451,7º Promotor de Justiça de Piracicaba,Foro de Piracicaba,3ª Vara Criminal,2025/001436,Ação Penal - Procedimento Sumaríssimo,Crimes de Trânsito,2025-10-21,False,2026-05-08,2026-05-11,,,,Público,https://esaj.tjsp.jus.br/cpopg/show.do?processo.codigo=CJ000WJZL0000&processo.numero=1508195-31.2025.8.26.0451
1502741-14.2025.8.26.0599,6º Promotor de Justiça de Piracicaba,Foro de Piracicaba,1ª Vara Criminal,2025/001310,Procedimento Especial da Lei Antitóxicos,Tráfico de Drogas e Condutas Afins,2025-10-14,False,2025-11-11,2025-11-13,2026-01-26,2026-05-13,2026-05-21,Público,https://esaj.tjsp.jus.br/cpopg/show.do?processo.codigo=GN0004IRK0000&processo.numero=1502741-14.2025.8.26.0599
1502744-66.2025.8.26.0599,11º Promotor de Justiça de Piracicaba,Foro de Piracicaba,1ª Vara Criminal,2025/001314,Procedimento Especial da Lei Antitóxicos,Tráfico de Drogas e Condutas Afins,2025-10-14,False,2025-10-15,2025-10-16,2026-02-10,,,Público,https://esaj.tjsp.jus.br/cpopg/show.do?processo.codigo=GN0004IRN0000&processo.numero=1502744-66.2025.8.26.0599
1502745-51.2025.8.26.0599,6º Promotor de Justiça de Piracicaba,Foro de Piracicaba,1ª Vara Criminal,2025/001313,Ação Penal - Procedimento Sumário,Leve,2025-10-14,False,2025-10-14,2025-10-15,,,,Restrito,https://esaj.tjsp.jus.br/cpopg/show.do?processo.codigo=GN0004IRO0000&processo.numero=1502745-51.2025.8.26.0599
1502730-82.2025.8.26.0599,18º Promotor de Justiça de Piracicaba,Foro de Piracicaba,4ª Vara Criminal,2025/001413,Procedimento Especial da Lei Antitóxicos,Tráfico de Drogas e Condutas Afins,2025-10-14,False,2025-10-24,2025-10-27,2026-03-23,,,Público,https://esaj.tjsp.jus.br/cpopg/show.do?processo.codigo=GN0004IR90000&processo.numero=1502730-82.2025.8.26.0599
1508154-64.2025.8.26.0451,18º Promotor de Justiça de Piracicaba,Foro de Piracicaba,4ª Vara Criminal,2026/000299,Ação Penal - Procedimento Sumaríssimo,Desacato,2026-03-06,False,,2025-10-22,,,,Público,https://esaj.tjsp.jus.br/cpopg/show.do?processo.codigo=CJ000WJSA0000&processo.numero=1508154-64.2025.8.26.0451
1502719-53.2025.8.26.0599,18º Promotor de Justiça de Piracicaba,Foro de Piracicaba,4ª Vara Criminal,2025/001401,Procedimento Especial da Lei Antitóxicos,Tráfico de Drogas e Condutas Afins,2025-10-12,False,2025-10-17,2025-10-17,2025-12-08,,,Público,https://esaj.tjsp.jus.br/cpopg/show.do?processo.codigo=GN0004IQV0000&processo.numero=1502719-53.2025.8.26.0599
1502700-47.2025.8.26.0599,17º Promotor de Justiça de Piracicaba,Foro de Piracicaba,4ª Vara Criminal,2025/001596,Procedimento Especial da Lei Antitóxicos,Tráfico de Drogas e Condutas Afins,2025-11-28,True,2025-11-12,2025-11-14,,,,Público,https://esaj.tjsp.jus.br/cpopg/show.do?processo.codigo=GN0004IQB0000&processo.numero=1502700-47.2025.8.26.0599
1502702-17.2025.8.26.0599,9º Promotor de Justiça de Piracicaba,Foro de Piracicaba,2ª Vara Criminal,2025/001523,Inquérito Policial,Tráfico de Drogas e Condutas Afins,2025-10-10,False,2026-02-20,2026-02-22,2026-04-17,,,Público,https://esaj.tjsp.jus.br/cpopg/show.do?processo.codigo=GN0004IQD0000&processo.numero=1502702-17.2025.8.26.0599
1502690-03.2025.8.26.0599,10º Promotor de Justiça de Piracicaba,Foro de Piracicaba,2ª Vara Criminal,2025/001518,Procedimento Especial da Lei Antitóxicos,Tráfico de Drogas e Condutas Afins,2025-10-09,False,2025-10-29,2025-10-30,2025-11-23,2026-03-30,2026-04-07,Público,https://esaj.tjsp.jus.br/cpopg/show.do?processo.codigo=GN0004IQ10000&processo.numero=1502690-03.2025.8.26.0599
1502692-70.2025.8.26.0599,7º Promotor de Justiça de Piracicaba,Foro de Piracicaba,3ª Vara Criminal,2025/001387,Ação Penal - Procedimento Ordinário,Crime de Descumprimento de Medida Protetiva  de Urgência,2025-10-09,False,2025-10-24,2025-10-31,,,,Restrito,https://esaj.tjsp.jus.br/cpopg/show.do?processo.codigo=GN0004IQ30000&processo.numero=1502692-70.2025.8.26.0599
1502693-55.2025.8.26.0599,11º Promotor de Justiça de Piracicaba,Foro de Piracicaba,1ª Vara Criminal,2025/001298,Procedimento Especial da Lei Antitóxicos,Tráfico de Drogas e Condutas Afins,2025-10-09,True,2025-11-05,2025-11-06,2025-12-10,2026-01-21,2026-01-21,Público,https://esaj.tjsp.jus.br/cpopg/show.do?processo.codigo=GN0004IQ40000&processo.numero=1502693-55.2025.8.26.0599
1502694-40.2025.8.26.0599,7º Promotor de Justiça de Piracicaba,Foro de Piracicaba,3ª Vara Criminal,2025/001388,Ação Penal - Procedimento Ordinário,Furto Qualificado,2025-10-09,True,2025-10-17,2025-10-17,,2026-05-29,,Público,https://esaj.tjsp.jus.br/cpopg/show.do?processo.codigo=GN0004IQ50000&processo.numero=1502694-40.2025.8.26.0599
1508124-29.2025.8.26.0451,13º Promotor de Justiça de Piracicaba,Foro de Piracicaba,Vara do Juizado Especial Cível e Criminal,2025/002023,Termo Circunstanciado,Contravenções Penais,2025-10-08,False,,2025-12-04,,,,Público,https://esaj.tjsp.jus.br/cpopg/show.do?processo.codigo=CJ000WJLX0000&processo.numero=1508124-29.2025.8.26.0451
0008962-46.2025.8.26.0451,9º Promotor de Justiça de Piracicaba,Foro de Piracicaba,2ª Vara Criminal,2025/001700,Procedimento Especial da Lei Antitóxicos,Posse de Drogas para Consumo Pessoal,2025-11-25,False,,2025-11-17,2025-12-03,,,Público,https://esaj.tjsp.jus.br/cpopg/show.do?processo.codigo=CJ000WJAU0000&processo.numero=0008962-46.2025.8.26.0451
1502666-72.2025.8.26.0599,9º Promotor de Justiça de Piracicaba,Foro de Piracicaba,2ª Vara Criminal,2025/001511,Ação Penal - Procedimento Ordinário,Furto Qualificado,2025-10-07,False,2025-10-14,2025-10-16,,,,Público,https://esaj.tjsp.jus.br/cpopg/show.do?processo.codigo=GN0004IPC0000&processo.numero=1502666-72.2025.8.26.0599
1502667-57.2025.8.26.0599,9º Promotor de Justiça de Piracicaba,Foro de Piracicaba,2ª Vara Criminal,2025/001512,Ação Penal - Procedimento Sumário,Crime de Descumprimento de Medida Protetiva  de Urgência,2025-10-07,True,2025-10-08,2025-10-10,,2026-04-07,2026-04-08,Restrito,https://esaj.tjsp.jus.br/cpopg/show.do?processo.codigo=GN0004IPD0000&processo.numero=1502667-57.2025.8.26.0599
1508086-17.2025.8.26.0451,11º Promotor de Justiça de Piracicaba,Foro de Piracicaba,1ª Vara Criminal,2025/001284,Ação Penal - Procedimento Ordinário,Roubo,2025-10-06,False,2025-10-07,2025-10-17,,,,Público,https://esaj.tjsp.jus.br/cpopg/show.do?processo.codigo=CJ000WJDG0000&processo.numero=1508086-17.2025.8.26.0451
1502645-96.2025.8.26.0599,6º Promotor de Justiça de Piracicaba,Foro de Piracicaba,1ª Vara Criminal,2025/001279,Procedimento Especial da Lei Antitóxicos,Tráfico de Drogas e Condutas Afins,2025-10-06,False,2025-10-24,2025-10-24,2025-11-28,,,Público,https://esaj.tjsp.jus.br/cpopg/show.do?processo.codigo=GN0004IOQ0000&processo.numero=1502645-96.2025.8.26.0599
1502616-46.2025.8.26.0599,4º Promotor de Justiça de Piracicaba,Foro de Piracicaba,3ª Vara Criminal,2025/001370,Ação Penal - Procedimento Ordinário,Crimes do Sistema Nacional de Armas,2025-10-03,False,2025-10-07,2025-10-09,,2026-03-24,2026-03-25,Público,https://esaj.tjsp.jus.br/cpopg/show.do?processo.codigo=GN0004INX0000&processo.numero=1502616-46.2025.8.26.0599
1508056-79.2025.8.26.0451,7º Promotor de Justiça de Piracicaba,Foro de Piracicaba,3ª Vara Criminal,2025/001369,Ação Penal - Procedimento Sumário,Lesão Cometida em Razão da Condição de Mulher,2025-10-03,False,2025-10-03,2025-10-07,,,,Restrito,https://esaj.tjsp.jus.br/cpopg/show.do?processo.codigo=CJ000WJ680000&processo.numero=1508056-79.2025.8.26.0451
1508070-63.2025.8.26.0451,13º Promotor de Justiça de Piracicaba,Foro de Piracicaba,Vara do Juizado Especial Cível e Criminal,2025/002040,Ação Penal - Procedimento Sumaríssimo,Desacato,2025-10-15,False,,2025-12-01,,,,Público,https://esaj.tjsp.jus.br/cpopg/show.do?processo.codigo=CJ000WJ8U0000&processo.numero=1508070-63.2025.8.26.0451
1502606-02.2025.8.26.0599,18º Promotor de Justiça de Piracicaba,Foro de Piracicaba,4ª Vara Criminal,2025/001381,Ação Penal - Procedimento Sumário,Decorrente de Violência Doméstica,2025-10-04,False,2025-10-06,2025-10-07,2025-11-03,,,Restrito,https://esaj.tjsp.jus.br/cpopg/show.do?processo.codigo=GN0004INN0000&processo.numero=1502606-02.2025.8.26.0599
1502607-84.2025.8.26.0599,18º Promotor de Justiça de Piracicaba,Foro de Piracicaba,4ª Vara Criminal,2025/001379,Procedimento Especial da Lei Antitóxicos,Tráfico de Drogas e Condutas Afins,2025-10-03,False,2025-10-24,2025-10-24,2026-01-16,,,Restrito,https://esaj.tjsp.jus.br/cpopg/show.do?processo.codigo=GN0004INO0000&processo.numero=1502607-84.2025.8.26.0599
1502609-54.2025.8.26.0599,9º Promotor de Justiça de Piracicaba,Foro de Piracicaba,2ª Vara Criminal,2025/001502,Procedimento Especial da Lei Antitóxicos,Tráfico de Drogas e Condutas Afins,2025-10-03,False,2025-10-24,2025-10-27,2025-11-17,,,Público,https://esaj.tjsp.jus.br/cpopg/show.do?processo.codigo=GN0004INQ0000&processo.numero=1502609-54.2025.8.26.0599
1502590-48.2025.8.26.0599,6º Promotor de Justiça de Piracicaba,Foro de Piracicaba,1ª Vara Criminal,2025/001270,Ação Penal - Procedimento Sumário,Lesão Cometida em Razão da Condição de Mulher,2025-10-01,False,2025-10-01,2025-10-02,,,,Restrito,https://esaj.tjsp.jus.br/cpopg/show.do?processo.codigo=GN0004IN60000&processo.numero=1502590-48.2025.8.26.0599
1502594-85.2025.8.26.0599,9º Promotor de Justiça de Piracicaba,Foro de Piracicaba,2ª Vara Criminal,2025/001500,Ação Penal - Procedimento Ordinário,Ameaça,2025-10-03,False,2025-10-06,2025-10-08,,,,Restrito,https://esaj.tjsp.jus.br/cpopg/show.do?processo.codigo=GN0004INB0000&processo.numero=1502594-85.2025.8.26.0599
1502584-41.2025.8.26.0599,9º Promotor de Justiça de Piracicaba,Foro de Piracicaba,2ª Vara Criminal,2025/001493,Procedimento Especial da Lei Antitóxicos,Tráfico de Drogas e Condutas Afins,2025-10-01,True,2025-10-14,2025-10-16,2025-10-27,2026-02-09,2026-02-09,Público,https://esaj.tjsp.jus.br/cpopg/show.do?processo.codigo=GN0004IN00000&processo.numero=1502584-41.2025.8.26.0599
1502569-72.2025.8.26.0599,11º Promotor de Justiça de Piracicaba,Foro de Piracicaba,1ª Vara Criminal,2025/001256,Ação Penal - Procedimento Sumário,Lesão Cometida em Razão da Condição de Mulher,2025-09-29,False,2025-09-30,2025-09-30,,,,Restrito,https://esaj.tjsp.jus.br/cpopg/show.do?processo.codigo=GN0004IMI0000&processo.numero=1502569-72.2025.8.26.0599
1502572-27.2025.8.26.0599,10º Promotor de Justiça de Piracicaba,Foro de Piracicaba,2ª Vara Criminal,2025/001479,Ação Penal - Procedimento Ordinário,Crime de Descumprimento de Medida Protetiva  de Urgência,2025-09-29,False,2025-09-30,2025-10-06,,,,Restrito,https://esaj.tjsp.jus.br/cpopg/show.do?processo.codigo=GN0004IML0000&processo.numero=1502572-27.2025.8.26.0599
1502575-79.2025.8.26.0599,10º Promotor de Justiça de Piracicaba,Foro de Piracicaba,2ª Vara Criminal,2025/001485,Procedimento Especial da Lei Antitóxicos,Tráfico de Drogas e Condutas Afins,2025-09-30,True,2025-10-01,2025-10-07,2025-12-12,2026-02-02,2026-02-06,Público,https://esaj.tjsp.jus.br/cpopg/show.do?processo.codigo=GN0004IMO0000&processo.numero=1502575-79.2025.8.26.0599
1502578-34.2025.8.26.0599,10º Promotor de Justiça de Piracicaba,Foro de Piracicaba,2ª Vara Criminal,2025/001487,Procedimento Especial da Lei Antitóxicos,Tráfico de Drogas e Condutas Afins,2025-09-30,True,2025-10-10,2025-10-16,2026-04-16,,,Público,https://esaj.tjsp.jus.br/cpopg/show.do?processo.codigo=GN0004IMR0000&processo.numero=1502578-34.2025.8.26.0599
1507984-92.2025.8.26.0451,18º Promotor de Justiça de Piracicaba,Foro de Piracicaba,4ª Vara Criminal,2025/001363,Ação Penal - Procedimento Ordinário,Receptação,2025-09-29,False,2026-01-30,2026-02-05,,,,Público,https://esaj.tjsp.jus.br/cpopg/show.do?processo.codigo=CJ000WIUV0000&processo.numero=1507984-92.2025.8.26.0451
1502558-43.2025.8.26.0599,7º Promotor de Justiça de Piracicaba,Foro de Piracicaba,3ª Vara Criminal,2025/001336,Ação Penal - Procedimento Ordinário,Satisfação de lascívia mediante presença de criança ou adolescente,2025-09-29,False,2025-10-01,2026-03-30,,,,Restrito,https://esaj.tjsp.jus.br/cpopg/show.do?processo.codigo=GN0004IM50000&processo.numero=1502558-43.2025.8.26.0599
1502565-35.2025.8.26.0599,11º Promotor de Justiça de Piracicaba,Foro de Piracicaba,1ª Vara Criminal,2025/001254,Ação Penal - Procedimento Sumário,Leve,2025-09-29,True,2025-09-30,2025-09-30,,2026-01-30,2026-02-04,Restrito,https://esaj.tjsp.jus.br/cpopg/show.do?processo.codigo=GN0004IMD0000&processo.numero=1502565-35.2025.8.26.0599
1502568-87.2025.8.26.0599,18º Promotor de Justiça de Piracicaba,Foro de Piracicaba,4ª Vara Criminal,2025/001361,Procedimento Especial da Lei Antitóxicos,Tráfico de Drogas e Condutas Afins,2025-09-29,True,2025-10-10,2025-10-10,2025-12-11,2026-03-20,,Público,https://esaj.tjsp.jus.br/cpopg/show.do?processo.codigo=GN0004IMH0000&processo.numero=1502568-87.2025.8.26.0599
1502541-07.2025.8.26.0599,9º Promotor de Justiça de Piracicaba,Foro de Piracicaba,2ª Vara Criminal,2025/001473,Ação Penal - Procedimento Ordinário,Furto,2025-09-29,False,2025-10-03,2025-10-06,,,,Público,https://esaj.tjsp.jus.br/cpopg/show.do?processo.codigo=GN0004ILN0000&processo.numero=1502541-07.2025.8.26.0599
1502545-44.2025.8.26.0599,7º Promotor de Justiça de Piracicaba,Foro de Piracicaba,3ª Vara Criminal,2025/001335,Procedimento Especial da Lei Antitóxicos,Tráfico de Drogas e Condutas Afins,2025-09-29,False,2025-10-30,2025-11-04,2025-12-12,,,Público,https://esaj.tjsp.jus.br/cpopg/show.do?processo.codigo=GN0004ILR0000&processo.numero=1502545-44.2025.8.26.0599
1502552-36.2025.8.26.0599,6º Promotor de Justiça de Piracicaba,Foro de Piracicaba,1ª Vara Criminal,2025/001259,Procedimento Especial da Lei Antitóxicos,Tráfico de Drogas e Condutas Afins,2025-09-29,False,2025-10-23,2025-10-24,2026-01-22,,,Público,https://esaj.tjsp.jus.br/cpopg/show.do?processo.codigo=GN0004ILZ0000&processo.numero=1502552-36.2025.8.26.0599
1502522-98.2025.8.26.0599,10º Promotor de Justiça de Piracicaba,Foro de Piracicaba,2ª Vara Criminal,2025/001469,Ação Penal - Procedimento Ordinário,Roubo,2025-09-29,False,2025-09-29,2025-10-01,,,,Público,https://esaj.tjsp.jus.br/cpopg/show.do?processo.codigo=GN0004IL40000&processo.numero=1502522-98.2025.8.26.0599
1502524-68.2025.8.26.0599,6º Promotor de Justiça de Piracicaba,Foro de Piracicaba,1ª Vara Criminal,2025/001249,Procedimento Especial da Lei Antitóxicos,Tráfico de Drogas e Condutas Afins,2025-09-29,False,2025-10-10,2025-10-10,2025-12-19,2026-02-13,2026-02-18,Público,https://esaj.tjsp.jus.br/cpopg/show.do?processo.codigo=GN0004IL60000&processo.numero=1502524-68.2025.8.26.0599
1502503-92.2025.8.26.0599,6º Promotor de Justiça de Piracicaba,Foro de Piracicaba,1ª Vara Criminal,2025/001243,Procedimento Especial da Lei Antitóxicos,Tráfico de Drogas e Condutas Afins,2025-09-25,True,2025-10-10,2025-10-10,2025-11-18,2026-05-19,2026-05-20,Público,https://esaj.tjsp.jus.br/cpopg/show.do?processo.codigo=GN0004IKJ0000&processo.numero=1502503-92.2025.8.26.0599
1502520-31.2025.8.26.0599,9º Promotor de Justiça de Piracicaba,Foro de Piracicaba,2ª Vara Criminal,2025/001470,Ação Penal - Procedimento Ordinário,Receptação,2025-09-29,False,2025-10-06,2025-10-06,,,,Público,https://esaj.tjsp.jus.br/cpopg/show.do?processo.codigo=GN0004IL20000&processo.numero=1502520-31.2025.8.26.0599
1507944-13.2025.8.26.0451,18º Promotor de Justiça de Piracicaba,Foro de Piracicaba,4ª Vara Criminal,2025/001351,Ação Penal - Procedimento Ordinário,Decorrente de Violência Doméstica,2025-09-29,False,2025-09-26,2025-09-30,,,,Restrito,https://esaj.tjsp.jus.br/cpopg/show.do?processo.codigo=CJ000WIQ40000&processo.numero=1507944-13.2025.8.26.0451
1502484-86.2025.8.26.0599,9º Promotor de Justiça de Piracicaba,Foro de Piracicaba,2ª Vara Criminal,2025/001460,Procedimento Especial da Lei Antitóxicos,Tráfico de Drogas e Condutas Afins,2025-09-24,True,2025-10-01,2025-10-02,2025-11-08,2026-01-30,2026-02-02,Público,https://esaj.tjsp.jus.br/cpopg/show.do?processo.codigo=GN0004IK20000&processo.numero=1502484-86.2025.8.26.0599
1502494-33.2025.8.26.0599,10º Promotor de Justiça de Piracicaba,Foro de Piracicaba,2ª Vara Criminal,2025/001525,Procedimento Especial da Lei Antitóxicos,Tráfico de Drogas e Condutas Afins,2025-10-10,False,2025-10-10,2025-10-17,2025-11-28,2026-03-23,2026-03-31,Público,https://esaj.tjsp.jus.br/cpopg/show.do?processo.codigo=GN0004IKA0000&processo.numero=1502494-33.2025.8.26.0599
1502474-42.2025.8.26.0599,11º Promotor de Justiça de Piracicaba,Foro de Piracicaba,1ª Vara Criminal,2025/001237,Procedimento Especial da Lei Antitóxicos,Tráfico de Drogas e Condutas Afins,2025-09-23,False,2025-09-30,2025-10-07,2026-03-19,,,Público,https://esaj.tjsp.jus.br/cpopg/show.do?processo.codigo=GN0004IJS0000&processo.numero=1502474-42.2025.8.26.0599
1502479-64.2025.8.26.0599,10º Promotor de Justiça de Piracicaba,Foro de Piracicaba,2ª Vara Criminal,2025/001458,Procedimento Especial da Lei Antitóxicos,Tráfico de Drogas e Condutas Afins,2025-09-24,False,2025-10-08,2025-10-13,2025-11-08,,,Público,https://esaj.tjsp.jus.br/cpopg/show.do?processo.codigo=GN0004IJX0000&processo.numero=1502479-64.2025.8.26.0599
1502480-49.2025.8.26.0599,7º Promotor de Justiça de Piracicaba,Foro de Piracicaba,3ª Vara Criminal,2025/001327,Procedimento Especial da Lei Antitóxicos,Tráfico de Drogas e Condutas Afins,2025-09-24,False,,2025-11-13,2026-03-09,,,Público,https://esaj.tjsp.jus.br/cpopg/show.do?processo.codigo=GN0004IJY0000&processo.numero=1502480-49.2025.8.26.0599
1502482-19.2025.8.26.0599,10º Promotor de Justiça de Piracicaba,Foro de Piracicaba,2ª Vara Criminal,2025/001459,Ação Penal - Procedimento Sumário,Crime de Descumprimento de Medida Protetiva  de Urgência,2025-09-24,False,2025-09-25,2025-09-29,,,,Restrito,https://esaj.tjsp.jus.br/cpopg/show.do?processo.codigo=GN0004IK00000&processo.numero=1502482-19.2025.8.26.0599
1502465-80.2025.8.26.0599,11º Promotor de Justiça de Piracicaba,Foro de Piracicaba,1ª Vara Criminal,2025/001234,Ação Penal - Procedimento Sumário,Contra a Mulher,2025-09-23,False,2025-09-23,2025-09-24,,,,Restrito,https://esaj.tjsp.jus.br/cpopg/show.do?processo.codigo=GN0004IJI0000&processo.numero=1502465-80.2025.8.26.0599
1502467-50.2025.8.26.0599,10º Promotor de Justiça de Piracicaba,Foro de Piracicaba,2ª Vara Criminal,2025/001455,Ação Penal - Procedimento Ordinário,Roubo Majorado,2025-09-23,False,2025-09-26,2025-10-01,2025-11-04,2026-04-01,2026-04-06,Público,https://esaj.tjsp.jus.br/cpopg/show.do?processo.codigo=GN0004IJL0000&processo.numero=1502467-50.2025.8.26.0599
1502471-87.2025.8.26.0599,18º Promotor de Justiça de Piracicaba,Foro de Piracicaba,4ª Vara Criminal,2025/001335,Procedimento Especial da Lei Antitóxicos,Tráfico de Drogas e Condutas Afins,2025-09-23,False,2025-10-21,2025-10-22,2025-12-17,2026-05-18,2026-05-28,Público,https://esaj.tjsp.jus.br/cpopg/show.do?processo.codigo=GN0004IJP0000&processo.numero=1502471-87.2025.8.26.0599
1507866-19.2025.8.26.0451,10º Promotor de Justiça de Piracicaba,Foro de Piracicaba,2ª Vara Criminal,2025/001449,Ação Penal - Procedimento Ordinário,Estelionato,2025-09-22,False,2026-05-19,2026-05-20,,,,Público,https://esaj.tjsp.jus.br/cpopg/show.do?processo.codigo=CJ000WIF80000&processo.numero=1507866-19.2025.8.26.0451
1502455-36.2025.8.26.0599,11º Promotor de Justiça de Piracicaba,Foro de Piracicaba,1ª Vara Criminal,2025/001227,Procedimento Especial da Lei Antitóxicos,Tráfico de Drogas e Condutas Afins,2025-09-22,True,2025-09-25,2025-09-25,,2026-04-06,2026-04-08,Público,https://esaj.tjsp.jus.br/cpopg/show.do?processo.codigo=GN0004IJ70000&processo.numero=1502455-36.2025.8.26.0599
1502457-06.2025.8.26.0599,9º Promotor de Justiça de Piracicaba,Foro de Piracicaba,2ª Vara Criminal,2025/001451,Procedimento Especial da Lei Antitóxicos,Tráfico de Drogas e Condutas Afins,2025-09-23,False,2025-10-20,2025-10-20,2025-11-19,,,Público,https://esaj.tjsp.jus.br/cpopg/show.do?processo.codigo=GN0004IJA0000&processo.numero=1502457-06.2025.8.26.0599
1502458-88.2025.8.26.0599,6º Promotor de Justiça de Piracicaba,Foro de Piracicaba,1ª Vara Criminal,2025/001230,Ação Penal - Procedimento Sumário,Lesão Cometida em Razão da Condição de Mulher,2025-09-22,False,2025-09-23,2025-09-23,,,,Restrito,https://esaj.tjsp.jus.br/cpopg/show.do?processo.codigo=GN0004IJB0000&processo.numero=1502458-88.2025.8.26.0599
1507845-43.2025.8.26.0451,9º Promotor de Justiça de Piracicaba,Foro de Piracicaba,2ª Vara Criminal,2025/001442,Ação Penal - Procedimento Ordinário,Leve,2025-09-21,False,2026-04-01,2026-04-06,,,,Restrito,https://esaj.tjsp.jus.br/cpopg/show.do?processo.codigo=CJ000WICB0000&processo.numero=1507845-43.2025.8.26.0451
1507849-80.2025.8.26.0451,7º Promotor de Justiça de Piracicaba,Foro de Piracicaba,3ª Vara Criminal,2025/001309,Inquérito Policial,Ameaça,2025-09-21,False,2026-05-27,2026-05-29,,,,Público,https://esaj.tjsp.jus.br/cpopg/show.do?processo.codigo=CJ000WICF0000&processo.numero=1507849-80.2025.8.26.0451
1507852-35.2025.8.26.0451,18º Promotor de Justiça de Piracicaba,Foro de Piracicaba,4ª Vara Criminal,2025/001327,Ação Penal - Procedimento Sumário,Ameaça,2025-09-21,False,2025-10-01,2025-10-03,,,,Restrito,https://esaj.tjsp.jus.br/cpopg/show.do?processo.codigo=CJ000WICI0000&processo.numero=1507852-35.2025.8.26.0451
1502435-45.2025.8.26.0599,18º Promotor de Justiça de Piracicaba,Foro de Piracicaba,4ª Vara Criminal,2025/001329,Ação Penal - Procedimento Sumário,Decorrente de Violência Doméstica,2025-09-21,False,2025-09-26,2025-09-30,,,,Restrito,https://esaj.tjsp.jus.br/cpopg/show.do?processo.codigo=GN0004IIF0000&processo.numero=1502435-45.2025.8.26.0599
1502448-44.2025.8.26.0599,18º Promotor de Justiça de Piracicaba,Foro de Piracicaba,4ª Vara Criminal,2025/001331,Procedimento Especial da Lei Antitóxicos,Tráfico de Drogas e Condutas Afins,2025-09-22,False,2025-10-08,2025-10-08,,2026-03-20,2026-04-02,Público,https://esaj.tjsp.jus.br/cpopg/show.do?processo.codigo=GN0004IIZ0000&processo.numero=1502448-44.2025.8.26.0599
1502449-29.2025.8.26.0599,7º Promotor de Justiça de Piracicaba,Foro de Piracicaba,3ª Vara Criminal,2025/001315,Procedimento Especial da Lei Antitóxicos,Tráfico de Drogas e Condutas Afins,2025-09-22,True,2025-09-30,2025-09-30,2025-10-10,2026-02-27,,Público,https://esaj.tjsp.jus.br/cpopg/show.do?processo.codigo=GN0004IJ00000&processo.numero=1502449-29.2025.8.26.0599
1502451-96.2025.8.26.0599,11º Promotor de Justiça de Piracicaba,Foro de Piracicaba,1ª Vara Criminal,2025/001226,Ação Penal - Procedimento Sumário,Estupro de vulnerável,2025-09-22,True,2025-09-23,2025-09-24,,2026-03-11,2026-03-12,Restrito,https://esaj.tjsp.jus.br/cpopg/show.do?processo.codigo=GN0004IJ20000&processo.numero=1502451-96.2025.8.26.0599
1502414-69.2025.8.26.0599,10º Promotor de Justiça de Piracicaba,Foro de Piracicaba,2ª Vara Criminal,2025/001438,Ação Penal - Procedimento Ordinário,Ameaça,2025-09-20,False,2025-09-19,2026-03-13,,,,Restrito,https://esaj.tjsp.jus.br/cpopg/show.do?processo.codigo=GN0004IHD0000&processo.numero=1502414-69.2025.8.26.0599
1502417-24.2025.8.26.0599,10º Promotor de Justiça de Piracicaba,Foro de Piracicaba,2ª Vara Criminal,2025/001439,Procedimento Especial da Lei Antitóxicos,Tráfico de Drogas e Condutas Afins,2025-09-20,False,2025-10-20,2025-10-23,2025-12-18,,,Público,https://esaj.tjsp.jus.br/cpopg/show.do?processo.codigo=GN0004IHG0000&processo.numero=1502417-24.2025.8.26.0599
1507822-97.2025.8.26.0451,13º Promotor de Justiça de Piracicaba,Foro de Piracicaba,Vara do Juizado Especial Cível e Criminal,2025/001966,Ação Penal - Procedimento Sumaríssimo,Leve,2025-09-19,False,,2025-12-01,,,,Público,https://esaj.tjsp.jus.br/cpopg/show.do?processo.codigo=CJ000WIAU0000&processo.numero=1507822-97.2025.8.26.0451
1502386-04.2025.8.26.0599,4º Promotor de Justiça de Piracicaba,Foro de Piracicaba,3ª Vara Criminal,2025/001300,Procedimento Especial da Lei Antitóxicos,Tráfico de Drogas e Condutas Afins,2025-09-18,False,2025-09-24,2025-09-26,,,,Público,https://esaj.tjsp.jus.br/cpopg/show.do?processo.codigo=GN0004IGZ0000&processo.numero=1502386-04.2025.8.26.0599
1502393-93.2025.8.26.0599,11º Promotor de Justiça de Piracicaba,Foro de Piracicaba,1ª Vara Criminal,2025/001218,Procedimento Especial da Lei Antitóxicos,Tráfico de Drogas e Condutas Afins,2025-09-19,True,2025-09-30,2025-10-02,2025-10-23,2026-02-02,2026-02-02,Público,https://esaj.tjsp.jus.br/cpopg/show.do?processo.codigo=GN0004IH70000&processo.numero=1502393-93.2025.8.26.0599
1507799-54.2025.8.26.0451,6º Promotor de Justiça de Piracicaba,Foro de Piracicaba,1ª Vara Criminal,2025/001212,Ação Penal - Procedimento Sumaríssimo,Crimes de Trânsito,2025-09-18,False,2025-10-16,2026-02-09,,,,Público,https://esaj.tjsp.jus.br/cpopg/show.do?processo.codigo=CJ000WI6G0000&processo.numero=1507799-54.2025.8.26.0451
1502372-20.2025.8.26.0599,9º Promotor de Justiça de Piracicaba,Foro de Piracicaba,2ª Vara Criminal,2025/001430,Procedimento Especial da Lei Antitóxicos,Tráfico de Drogas e Condutas Afins,2025-09-17,False,2025-09-24,2025-09-24,2025-12-15,,,Público,https://esaj.tjsp.jus.br/cpopg/show.do?processo.codigo=GN0004IGL0000&processo.numero=1502372-20.2025.8.26.0599
1502374-87.2025.8.26.0599,10º Promotor de Justiça de Piracicaba,Foro de Piracicaba,2ª Vara Criminal,2025/001429,Procedimento Especial da Lei Antitóxicos,Tráfico de Drogas e Condutas Afins,2025-09-17,False,2025-09-25,2025-09-29,2025-11-08,,,Público,https://esaj.tjsp.jus.br/cpopg/show.do?processo.codigo=GN0004IGN0000&processo.numero=1502374-87.2025.8.26.0599
1502375-72.2025.8.26.0599,9º Promotor de Justiça de Piracicaba,Foro de Piracicaba,2ª Vara Criminal,2025/001434,Ação Penal - Procedimento Ordinário,Crimes do Sistema Nacional de Armas,2025-09-18,True,2025-09-26,2025-09-29,,,2026-03-06,Público,https://esaj.tjsp.jus.br/cpopg/show.do?processo.codigo=GN0004IGO0000&processo.numero=1502375-72.2025.8.26.0599
1502376-57.2025.8.26.0599,11º Promotor de Justiça de Piracicaba,Foro de Piracicaba,1ª Vara Criminal,2025/001214,Ação Penal - Procedimento Sumário,Contra a Mulher,2025-09-18,False,2025-09-19,2025-10-12,2025-10-28,,,Restrito,https://esaj.tjsp.jus.br/cpopg/show.do?processo.codigo=GN0004IGP0000&processo.numero=1502376-57.2025.8.26.0599
1502384-34.2025.8.26.0599,10º Promotor de Justiça de Piracicaba,Foro de Piracicaba,2ª Vara Criminal,2025/001435,Ação Penal - Procedimento Sumário,Crime de Descumprimento de Medida Protetiva  de Urgência,2025-09-18,False,2025-09-19,2025-09-23,,,,Restrito,https://esaj.tjsp.jus.br/cpopg/show.do?processo.codigo=GN0004IGX0000&processo.numero=1502384-34.2025.8.26.0599
1502362-73.2025.8.26.0599,7º Promotor de Justiça de Piracicaba,Foro de Piracicaba,3ª Vara Criminal,2025/001289,Ação Penal - Procedimento Ordinário,Tráfico de Drogas e Condutas Afins,2025-09-16,True,2025-10-14,2025-10-14,2026-02-09,,,Público,https://esaj.tjsp.jus.br/cpopg/show.do?processo.codigo=GN0004IG90000&processo.numero=1502362-73.2025.8.26.0599
1502367-95.2025.8.26.0599,18º Promotor de Justiça de Piracicaba,Foro de Piracicaba,4ª Vara Criminal,2025/001307,Procedimento Especial da Lei Antitóxicos,Tráfico de Drogas e Condutas Afins,2025-09-17,False,2025-09-24,2025-09-26,2025-12-11,,,Público,https://esaj.tjsp.jus.br/cpopg/show.do?processo.codigo=GN0004IGH0000&processo.numero=1502367-95.2025.8.26.0599
1507752-80.2025.8.26.0451,9º Promotor de Justiça de Piracicaba,Foro de Piracicaba,2ª Vara Criminal,2026/000262,Ação Penal - Procedimento Sumaríssimo,Crimes de Trânsito,2026-03-03,False,,2026-02-20,,,,Público,https://esaj.tjsp.jus.br/cpopg/show.do?processo.codigo=CJ000WI1A0000&processo.numero=1507752-80.2025.8.26.0451
1507757-05.2025.8.26.0451,13º Promotor de Justiça de Piracicaba,Foro de Piracicaba,Vara do Juizado Especial Cível e Criminal,2025/001949,Ação Penal - Procedimento Sumaríssimo,Contravenções Penais,2025-09-16,False,,2025-09-23,,2026-03-06,2026-03-09,Público,https://esaj.tjsp.jus.br/cpopg/show.do?processo.codigo=CJ000WI1I0000&processo.numero=1507757-05.2025.8.26.0451
1502361-88.2025.8.26.0599,18º Promotor de Justiça de Piracicaba,Foro de Piracicaba,4ª Vara Criminal,2025/001303,Ação Penal - Procedimento Ordinário,Receptação,2025-09-16,False,2025-11-17,2025-11-19,,,,Público,https://esaj.tjsp.jus.br/cpopg/show.do?processo.codigo=GN0004IG80000&processo.numero=1502361-88.2025.8.26.0599
1507669-64.2025.8.26.0451,7º Promotor de Justiça de Piracicaba,Foro de Piracicaba,3ª Vara Criminal,2025/001277,Ação Penal - Procedimento Ordinário,Estupro de vulnerável,2025-09-15,False,2025-11-12,2025-11-14,,,,Restrito,https://esaj.tjsp.jus.br/cpopg/show.do?processo.codigo=CJ000WHWC0000&processo.numero=1507669-64.2025.8.26.0451
1507673-04.2025.8.26.0451,18º Promotor de Justiça de Piracicaba,Foro de Piracicaba,4ª Vara Criminal,2025/001289,Ação Penal - Procedimento Ordinário,Contra a Mulher,2025-09-15,False,2025-11-11,2025-11-12,,,,Restrito,https://esaj.tjsp.jus.br/cpopg/show.do?processo.codigo=CJ000WHWJ0000&processo.numero=1507673-04.2025.8.26.0451
1507725-97.2025.8.26.0451,6º Promotor de Justiça de Piracicaba,Foro de Piracicaba,1ª Vara Criminal,2025/001201,Ação Penal - Procedimento Ordinário,Estelionato,2025-09-15,False,2025-12-04,2025-12-05,,,,Público,https://esaj.tjsp.jus.br/cpopg/show.do?processo.codigo=CJ000WHYT0000&processo.numero=1507725-97.2025.8.26.0451
1507732-89.2025.8.26.0451,11º Promotor de Justiça de Piracicaba,Foro de Piracicaba,1ª Vara Criminal,2025/001204,Ação Penal - Procedimento Ordinário,Fato Atípico,2025-09-15,False,2026-05-05,2026-05-06,,,,Público,https://esaj.tjsp.jus.br/cpopg/show.do?processo.codigo=CJ000WHZ00000&processo.numero=1507732-89.2025.8.26.0451
1502344-52.2025.8.26.0599,9º Promotor de Justiça de Piracicaba,Foro de Piracicaba,2ª Vara Criminal,2025/001420,Ação Penal - Procedimento Ordinário,Roubo Majorado,2025-09-15,True,2025-09-19,2025-09-23,,2026-03-20,2026-05-07,Público,https://esaj.tjsp.jus.br/cpopg/show.do?processo.codigo=GN0004IFR0000&processo.numero=1502344-52.2025.8.26.0599
1507650-58.2025.8.26.0451,9º Promotor de Justiça de Piracicaba,Foro de Piracicaba,2ª Vara Criminal,2025/001403,Ação Penal - Procedimento Ordinário,Lesão Cometida em Razão da Condição de Mulher,2025-09-14,False,2026-02-28,2026-03-06,,,,Restrito,https://esaj.tjsp.jus.br/cpopg/show.do?processo.codigo=CJ000WHV40000&processo.numero=1507650-58.2025.8.26.0451
1502331-53.2025.8.26.0599,10º Promotor de Justiça de Piracicaba,Foro de Piracicaba,2ª Vara Criminal,2025/001425,Ação Penal - Procedimento Ordinário,Lesão Cometida em Razão da Condição de Mulher,2025-09-16,False,2025-09-15,2025-09-22,,,,Restrito,https://esaj.tjsp.jus.br/cpopg/show.do?processo.codigo=GN0004IFD0000&processo.numero=1502331-53.2025.8.26.0599
1502333-23.2025.8.26.0599,11º Promotor de Justiça de Piracicaba,Foro de Piracicaba,1ª Vara Criminal,2025/001188,Ação Penal - Procedimento Ordinário,Furto,2025-09-15,False,2025-10-10,2025-10-14,,,,Público,https://esaj.tjsp.jus.br/cpopg/show.do?processo.codigo=GN0004IFF0000&processo.numero=1502333-23.2025.8.26.0599
1502317-69.2025.8.26.0599,7º Promotor de Justiça de Piracicaba,Foro de Piracicaba,3ª Vara Criminal,2025/001268,Procedimento Especial da Lei Antitóxicos,Tráfico de Drogas e Condutas Afins,2025-09-12,False,2025-10-03,2025-10-07,,2026-04-01,2026-04-06,Público,https://esaj.tjsp.jus.br/cpopg/show.do?processo.codigo=GN0004IEY0000&processo.numero=1502317-69.2025.8.26.0599
1502318-54.2025.8.26.0599,6º Promotor de Justiça de Piracicaba,Foro de Piracicaba,1ª Vara Criminal,2025/001182,Procedimento Especial da Lei Antitóxicos,Tráfico de Drogas e Condutas Afins,2025-09-12,False,2025-09-22,2025-09-23,,,,Público,https://esaj.tjsp.jus.br/cpopg/show.do?processo.codigo=GN0004IEZ0000&processo.numero=1502318-54.2025.8.26.0599
1507629-82.2025.8.26.0451,10º Promotor de Justiça de Piracicaba,Foro de Piracicaba,2ª Vara Criminal,2025/001447,Ação Penal - Procedimento Ordinário,Adulteração de Sinal Identificador de Veículo Automotor,2025-09-22,False,,2026-03-05,,,,Público,https://esaj.tjsp.jus.br/cpopg/show.do?processo.codigo=CJ000WHT50000&processo.numero=1507629-82.2025.8.26.0451
1502306-40.2025.8.26.0599,4º Promotor de Justiça de Piracicaba,Foro de Piracicaba,3ª Vara Criminal,2025/001261,Ação Penal - Procedimento Ordinário,Furto Qualificado,2025-09-11,False,2025-09-17,2025-09-26,,,,Público,https://esaj.tjsp.jus.br/cpopg/show.do?processo.codigo=GN0004IEN0000&processo.numero=1502306-40.2025.8.26.0599
1502310-77.2025.8.26.0599,9º Promotor de Justiça de Piracicaba,Foro de Piracicaba,2ª Vara Criminal,2025/001400,Procedimento Especial da Lei Antitóxicos,Tráfico de Drogas e Condutas Afins,2025-09-12,False,2025-09-23,2025-09-23,2025-10-13,,,Público,https://esaj.tjsp.jus.br/cpopg/show.do?processo.codigo=GN0004IER0000&processo.numero=1502310-77.2025.8.26.0599
1502298-63.2025.8.26.0599,18º Promotor de Justiça de Piracicaba,Foro de Piracicaba,4ª Vara Criminal,2025/001275,Procedimento Especial da Lei Antitóxicos,Tráfico de Drogas e Condutas Afins,2025-09-11,True,2025-10-08,2025-10-09,2025-10-31,,,Público,https://esaj.tjsp.jus.br/cpopg/show.do?processo.codigo=GN0004IEF0000&processo.numero=1502298-63.2025.8.26.0599
1502299-48.2025.8.26.0599,10º Promotor de Justiça de Piracicaba,Foro de Piracicaba,2ª Vara Criminal,2025/001395,Procedimento Especial da Lei Antitóxicos,Tráfico de Drogas e Condutas Afins,2025-09-11,True,2025-09-24,2025-09-29,2025-11-08,2026-03-12,2026-03-13,Público,https://esaj.tjsp.jus.br/cpopg/show.do?processo.codigo=GN0004IEG0000&processo.numero=1502299-48.2025.8.26.0599
1502301-18.2025.8.26.0599,10º Promotor de Justiça de Piracicaba,Foro de Piracicaba,2ª Vara Criminal,2025/001399,Procedimento Especial da Lei Antitóxicos,Tráfico de Drogas e Condutas Afins,2025-09-12,False,2025-10-08,2025-10-14,2025-12-01,,,Público,https://esaj.tjsp.jus.br/cpopg/show.do?processo.codigo=GN0004IEI0000&processo.numero=1502301-18.2025.8.26.0599
1502290-86.2025.8.26.0599,11º Promotor de Justiça de Piracicaba,Foro de Piracicaba,1ª Vara Criminal,2025/001166,Procedimento Especial da Lei Antitóxicos,Tráfico de Drogas e Condutas Afins,2025-09-09,False,2025-09-23,2025-09-24,2025-10-06,,,Público,https://esaj.tjsp.jus.br/cpopg/show.do?processo.codigo=GN0004IE50000&processo.numero=1502290-86.2025.8.26.0599
1507548-36.2025.8.26.0451,10º Promotor de Justiça de Piracicaba,Foro de Piracicaba,2ª Vara Criminal,2025/001375,Ação Penal - Procedimento Ordinário,Contra a Mulher,2025-09-09,False,2025-09-12,2025-10-30,,,,Restrito,https://esaj.tjsp.jus.br/cpopg/show.do?processo.codigo=CJ000WHJ80000&processo.numero=1507548-36.2025.8.26.0451
1502289-04.2025.8.26.0599,10º Promotor de Justiça de Piracicaba,Foro de Piracicaba,2ª Vara Criminal,2025/001379,Ação Penal - Procedimento Ordinário,Estelionato,2025-09-09,False,2025-09-16,2026-03-13,,,,Restrito,https://esaj.tjsp.jus.br/cpopg/show.do?processo.codigo=GN0004IE40000&processo.numero=1502289-04.2025.8.26.0599
1507467-87.2025.8.26.0451,6º Promotor de Justiça de Piracicaba,Foro de Piracicaba,1ª Vara Criminal,2025/001150,Ação Penal - Procedimento Ordinário,Contra a Mulher,2025-09-08,False,2026-01-19,2026-01-19,,,,Restrito,https://esaj.tjsp.jus.br/cpopg/show.do?processo.codigo=CJ000WHCJ0000&processo.numero=1507467-87.2025.8.26.0451
1507511-09.2025.8.26.0451,13º Promotor de Justiça de Piracicaba,Foro de Piracicaba,Vara do Juizado Especial Cível e Criminal,2025/001895,Ação Penal - Procedimento Sumaríssimo,Comunicação falsa de crime ou de contravenção,2025-09-08,False,,2025-09-17,,,,Público,https://esaj.tjsp.jus.br/cpopg/show.do?processo.codigo=CJ000WHFY0000&processo.numero=1507511-09.2025.8.26.0451
1502275-20.2025.8.26.0599,18º Promotor de Justiça de Piracicaba,Foro de Piracicaba,4ª Vara Criminal,2025/001251,Ação Penal - Procedimento Ordinário,Furto,2025-09-08,False,2025-10-06,2025-10-09,,,,Público,https://esaj.tjsp.jus.br/cpopg/show.do?processo.codigo=GN0004IDQ0000&processo.numero=1502275-20.2025.8.26.0599
1502277-87.2025.8.26.0599,7º Promotor de Justiça de Piracicaba,Foro de Piracicaba,3ª Vara Criminal,2025/001246,Ação Penal - Procedimento Ordinário,Importunação Sexual,2025-09-08,False,2025-09-12,2025-09-15,,,,Restrito,https://esaj.tjsp.jus.br/cpopg/show.do?processo.codigo=GN0004IDS0000&processo.numero=1502277-87.2025.8.26.0599
1502280-42.2025.8.26.0599,18º Promotor de Justiça de Piracicaba,Foro de Piracicaba,4ª Vara Criminal,2025/001259,Procedimento Especial da Lei Antitóxicos,Tráfico de Drogas e Condutas Afins,2025-09-09,False,2025-10-03,2025-10-06,2026-03-19,,,Público,https://esaj.tjsp.jus.br/cpopg/show.do?processo.codigo=GN0004IDV0000&processo.numero=1502280-42.2025.8.26.0599
1502282-12.2025.8.26.0599,6º Promotor de Justiça de Piracicaba,Foro de Piracicaba,1ª Vara Criminal,2025/001159,Ação Penal - Procedimento Sumário,Lesão Cometida em Razão da Condição de Mulher,2025-09-08,False,2025-09-09,2025-09-09,,,,Restrito,https://esaj.tjsp.jus.br/cpopg/show.do?processo.codigo=GN0004IDX0000&processo.numero=1502282-12.2025.8.26.0599
1502268-28.2025.8.26.0599,7º Promotor de Justiça de Piracicaba,Foro de Piracicaba,3ª Vara Criminal,2025/001248,Procedimento Especial da Lei Antitóxicos,Tráfico de Drogas e Condutas Afins,2025-09-08,True,2025-09-09,2025-09-09,2025-10-01,2026-03-12,2026-03-13,Público,https://esaj.tjsp.jus.br/cpopg/show.do?processo.codigo=GN0004IDJ0000&processo.numero=1502268-28.2025.8.26.0599
1502254-44.2025.8.26.0599,10º Promotor de Justiça de Piracicaba,Foro de Piracicaba,2ª Vara Criminal,2025/001356,Procedimento Especial da Lei Antitóxicos,Tráfico de Drogas e Condutas Afins,2025-09-08,False,2025-09-09,2025-09-18,2025-10-12,,,Público,https://esaj.tjsp.jus.br/cpopg/show.do?processo.codigo=GN0004ID40000&processo.numero=1502254-44.2025.8.26.0599
1502257-96.2025.8.26.0599,6º Promotor de Justiça de Piracicaba,Foro de Piracicaba,1ª Vara Criminal,2025/001151,Procedimento Especial da Lei Antitóxicos,Tráfico de Drogas e Condutas Afins,2025-09-08,False,2025-09-10,2025-09-11,2025-11-03,,,Público,https://esaj.tjsp.jus.br/cpopg/show.do?processo.codigo=GN0004ID70000&processo.numero=1502257-96.2025.8.26.0599
1502237-08.2025.8.26.0599,10º Promotor de Justiça de Piracicaba,Foro de Piracicaba,2ª Vara Criminal,2025/001349,Procedimento Especial da Lei Antitóxicos,Tráfico de Drogas e Condutas Afins,2025-09-05,False,2025-09-08,2025-09-11,2025-11-26,,,Público,https://esaj.tjsp.jus.br/cpopg/show.do?processo.codigo=GN0004ICL0000&processo.numero=1502237-08.2025.8.26.0599
1502238-90.2025.8.26.0599,18º Promotor de Justiça de Piracicaba,Foro de Piracicaba,4ª Vara Criminal,2025/001245,Procedimento Especial da Lei Antitóxicos,Tráfico de Drogas e Condutas Afins,2025-09-05,False,2025-09-12,2025-09-18,2026-03-16,,,Público,https://esaj.tjsp.jus.br/cpopg/show.do?processo.codigo=GN0004ICN0000&processo.numero=1502238-90.2025.8.26.0599
1502233-68.2025.8.26.0599,7º Promotor de Justiça de Piracicaba,Foro de Piracicaba,3ª Vara Criminal,2025/001227,Ação Penal - Procedimento Sumário,Ameaça,2025-09-05,False,2025-09-12,2025-09-15,,,,Restrito,https://esaj.tjsp.jus.br/cpopg/show.do?processo.codigo=GN0004ICI0000&processo.numero=1502233-68.2025.8.26.0599
1502235-38.2025.8.26.0599,11º Promotor de Justiça de Piracicaba,Foro de Piracicaba,1ª Vara Criminal,2025/001264,Procedimento Especial da Lei Antitóxicos,Tráfico de Drogas e Condutas Afins,2025-09-30,False,2025-09-16,2025-10-05,2026-03-09,,,Público,https://esaj.tjsp.jus.br/cpopg/show.do?processo.codigo=GN0004ICK0000&processo.numero=1502235-38.2025.8.26.0599
1502215-47.2025.8.26.0599,10º Promotor de Justiça de Piracicaba,Foro de Piracicaba,2ª Vara Criminal,2025/001339,Procedimento Especial da Lei Antitóxicos,Tráfico de Drogas e Condutas Afins,2025-09-03,False,2025-09-04,2025-09-05,2025-09-30,,,Público,https://esaj.tjsp.jus.br/cpopg/show.do?processo.codigo=GN0004IBX0000&processo.numero=1502215-47.2025.8.26.0599
1502218-02.2025.8.26.0599,18º Promotor de Justiça de Piracicaba,Foro de Piracicaba,4ª Vara Criminal,2025/001239,Procedimento Especial da Lei Antitóxicos,Tráfico de Drogas e Condutas Afins,2025-09-03,False,2025-09-08,2025-09-10,2025-12-11,,,Público,https://esaj.tjsp.jus.br/cpopg/show.do?processo.codigo=GN0004IC00000&processo.numero=1502218-02.2025.8.26.0599
1502207-70.2025.8.26.0599,6º Promotor de Justiça de Piracicaba,Foro de Piracicaba,1ª Vara Criminal,2025/001120,Ação Penal - Procedimento Sumário,Lesão Cometida em Razão da Condição de Mulher,2025-09-01,False,2025-09-02,2025-09-03,,,,Restrito,https://esaj.tjsp.jus.br/cpopg/show.do?processo.codigo=GN0004IBN0000&processo.numero=1502207-70.2025.8.26.0599
1502208-55.2025.8.26.0599,6º Promotor de Justiça de Piracicaba,Foro de Piracicaba,1ª Vara Criminal,2025/001121,Ação Penal - Procedimento Sumário,Leve,2025-09-01,False,2025-09-02,2025-09-03,,,,Restrito,https://esaj.tjsp.jus.br/cpopg/show.do?processo.codigo=GN0004IBO0000&processo.numero=1502208-55.2025.8.26.0599
1502201-63.2025.8.26.0599,10º Promotor de Justiça de Piracicaba,Foro de Piracicaba,2ª Vara Criminal,2025/001327,Procedimento Especial da Lei Antitóxicos,Tráfico de Drogas e Condutas Afins,2025-09-01,True,2025-09-08,2025-09-11,,2026-03-20,2026-03-30,Público,https://esaj.tjsp.jus.br/cpopg/show.do?processo.codigo=GN0004IBH0000&processo.numero=1502201-63.2025.8.26.0599
1502204-18.2025.8.26.0599,6º Promotor de Justiça de Piracicaba,Foro de Piracicaba,1ª Vara Criminal,2025/001119,Ação Penal - Procedimento Sumário,Lesão Cometida em Razão da Condição de Mulher,2025-09-01,False,2025-09-02,2025-09-03,,,,Restrito,https://esaj.tjsp.jus.br/cpopg/show.do?processo.codigo=GN0004IBK0000&processo.numero=1502204-18.2025.8.26.0599
1502192-04.2025.8.26.0599,11º Promotor de Justiça de Piracicaba,Foro de Piracicaba,1ª Vara Criminal,2025/001116,Ação Penal - Procedimento Ordinário,Furto Qualificado,2025-09-01,False,2025-09-09,2025-09-09,2025-09-22,2026-01-26,2026-01-27,Público,https://esaj.tjsp.jus.br/cpopg/show.do?processo.codigo=GN0004IB60000&processo.numero=1502192-04.2025.8.26.0599
1502168-73.2025.8.26.0599,4º Promotor de Justiça de Piracicaba,Foro de Piracicaba,3ª Vara Criminal,2025/001203,Ação Penal - Procedimento Sumário,Crime de Descumprimento de Medida Protetiva  de Urgência,2025-09-01,False,2025-09-05,2025-09-09,,,,Restrito,https://esaj.tjsp.jus.br/cpopg/show.do?processo.codigo=GN0004IAF0000&processo.numero=1502168-73.2025.8.26.0599
1502172-13.2025.8.26.0599,10º Promotor de Justiça de Piracicaba,Foro de Piracicaba,2ª Vara Criminal,2025/001325,Ação Penal - Procedimento Ordinário,Furto Qualificado,2025-09-01,False,2025-09-05,2025-10-13,,,,Público,https://esaj.tjsp.jus.br/cpopg/show.do?processo.codigo=GN0004IAJ0000&processo.numero=1502172-13.2025.8.26.0599
1502173-95.2025.8.26.0599,11º Promotor de Justiça de Piracicaba,Foro de Piracicaba,1ª Vara Criminal,2025/001114,Procedimento Especial da Lei Antitóxicos,Tráfico de Drogas e Condutas Afins,2025-09-01,False,2025-09-16,2025-09-17,2025-10-02,,,Público,https://esaj.tjsp.jus.br/cpopg/show.do?processo.codigo=GN0004IAK0000&processo.numero=1502173-95.2025.8.26.0599
1502180-87.2025.8.26.0599,4º Promotor de Justiça de Piracicaba,Foro de Piracicaba,3ª Vara Criminal,2025/001202,Ação Penal - Procedimento Ordinário,Importunação Sexual,2025-09-01,False,2025-09-05,2025-09-12,,,,Restrito,https://esaj.tjsp.jus.br/cpopg/show.do?processo.codigo=GN0004IAR0000&processo.numero=1502180-87.2025.8.26.0599
1502181-72.2025.8.26.0599,11º Promotor de Justiça de Piracicaba,Foro de Piracicaba,1ª Vara Criminal,2025/001117,Procedimento Especial da Lei Antitóxicos,Tráfico de Drogas e Condutas Afins,2025-09-01,False,2025-10-14,2025-10-16,,,,Público,https://esaj.tjsp.jus.br/cpopg/show.do?processo.codigo=GN0004IAS0000&processo.numero=1502181-72.2025.8.26.0599
1502143-60.2025.8.26.0599,11º Promotor de Justiça de Piracicaba,Foro de Piracicaba,1ª Vara Criminal,2025/001106,Procedimento Especial da Lei Antitóxicos,Tráfico de Drogas e Condutas Afins,2025-08-29,True,2025-09-08,2025-09-08,2025-09-26,2025-12-05,2026-04-29,Público,https://esaj.tjsp.jus.br/cpopg/show.do?processo.codigo=GN0004I9O0000&processo.numero=1502143-60.2025.8.26.0599
1502144-45.2025.8.26.0599,10º Promotor de Justiça de Piracicaba,Foro de Piracicaba,2ª Vara Criminal,2025/001318,Procedimento Especial da Lei Antitóxicos,Tráfico de Drogas e Condutas Afins,2025-08-29,True,2025-09-05,2025-09-09,,2026-02-09,2026-02-10,Público,https://esaj.tjsp.jus.br/cpopg/show.do?processo.codigo=GN0004I9P0000&processo.numero=1502144-45.2025.8.26.0599
1502149-67.2025.8.26.0599,9º Promotor de Justiça de Piracicaba,Foro de Piracicaba,2ª Vara Criminal,2025/001322,Procedimento Especial da Lei Antitóxicos,Tráfico de Drogas e Condutas Afins,2025-08-29,False,2025-09-02,2025-09-05,2026-01-22,,,Público,https://esaj.tjsp.jus.br/cpopg/show.do?processo.codigo=GN0004I9V0000&processo.numero=1502149-67.2025.8.26.0599
1502150-52.2025.8.26.0599,7º Promotor de Justiça de Piracicaba,Foro de Piracicaba,3ª Vara Criminal,2025/001199,Procedimento Especial da Lei Antitóxicos,Tráfico de Drogas e Condutas Afins,2025-08-29,True,2025-09-02,2025-09-03,,2026-02-18,2026-02-23,Público,https://esaj.tjsp.jus.br/cpopg/show.do?processo.codigo=GN0004I9W0000&processo.numero=1502150-52.2025.8.26.0599
1502154-89.2025.8.26.0599,7º Promotor de Justiça de Piracicaba,Foro de Piracicaba,3ª Vara Criminal,2025/001198,Ação Penal - Procedimento Sumário,Decorrente de Violência Doméstica,2025-08-29,False,2025-09-05,2025-09-07,,,,Restrito,https://esaj.tjsp.jus.br/cpopg/show.do?processo.codigo=GN0004IA10000&processo.numero=1502154-89.2025.8.26.0599
1502124-54.2025.8.26.0599,7º Promotor de Justiça de Piracicaba,Foro de Piracicaba,3ª Vara Criminal,2025/001188,Procedimento Especial da Lei Antitóxicos,Tráfico de Drogas e Condutas Afins,2025-08-28,False,2025-09-02,2025-09-03,2025-10-08,,,Público,https://esaj.tjsp.jus.br/cpopg/show.do?processo.codigo=GN0004I950000&processo.numero=1502124-54.2025.8.26.0599
1502128-91.2025.8.26.0599,18º Promotor de Justiça de Piracicaba,Foro de Piracicaba,4ª Vara Criminal,2025/001205,Ação Penal - Procedimento Ordinário,Decorrente de Violência Doméstica,2025-08-28,False,2025-09-25,2025-09-26,2025-10-09,2025-11-13,2025-11-24,Restrito,https://esaj.tjsp.jus.br/cpopg/show.do?processo.codigo=GN0004I990000&processo.numero=1502128-91.2025.8.26.0599
1502130-61.2025.8.26.0599,7º Promotor de Justiça de Piracicaba,Foro de Piracicaba,3ª Vara Criminal,2025/001197,Ação Penal - Procedimento Ordinário,Furto Qualificado,2025-08-29,True,2025-08-29,2025-09-09,,2026-02-09,2026-02-09,Público,https://esaj.tjsp.jus.br/cpopg/show.do?processo.codigo=GN0004I9B0000&processo.numero=1502130-61.2025.8.26.0599
1502135-83.2025.8.26.0599,6º Promotor de Justiça de Piracicaba,Foro de Piracicaba,1ª Vara Criminal,2025/001111,Procedimento Especial da Lei Antitóxicos,Tráfico de Drogas e Condutas Afins,2025-08-29,True,2025-09-08,2025-09-09,2025-09-29,2025-12-10,2025-12-10,Público,https://esaj.tjsp.jus.br/cpopg/show.do?processo.codigo=GN0004I9G0000&processo.numero=1502135-83.2025.8.26.0599
1502141-90.2025.8.26.0599,18º Promotor de Justiça de Piracicaba,Foro de Piracicaba,4ª Vara Criminal,2025/001217,Procedimento Especial da Lei Antitóxicos,Tráfico de Drogas e Condutas Afins,2025-08-29,True,2025-09-05,2025-09-05,2025-11-04,2026-03-16,2026-03-17,Público,https://esaj.tjsp.jus.br/cpopg/show.do?processo.codigo=GN0004I9M0000&processo.numero=1502141-90.2025.8.26.0599
1507120-54.2025.8.26.0451,18º Promotor de Justiça de Piracicaba,Foro de Piracicaba,4ª Vara Criminal,2025/001201,Ação Penal - Procedimento Ordinário,Adulteração de Sinal Identificador de Veículo Automotor,2025-08-27,False,2025-12-11,2025-12-12,,,,Público,https://esaj.tjsp.jus.br/cpopg/show.do?processo.codigo=CJ000WGHQ0000&processo.numero=1507120-54.2025.8.26.0451
1507003-63.2025.8.26.0451,4º Promotor de Justiça de Piracicaba,Foro de Piracicaba,3ª Vara Criminal,2025/001181,Ação Penal - Procedimento Sumário,Lesão Cometida em Razão da Condição de Mulher,2025-08-26,False,2025-08-26,2025-08-28,,,,Restrito,https://esaj.tjsp.jus.br/cpopg/show.do?processo.codigo=CJ000WGBJ0000&processo.numero=1507003-63.2025.8.26.0451
1507010-55.2025.8.26.0451,10º Promotor de Justiça de Piracicaba,Foro de Piracicaba,2ª Vara Criminal,2025/001635,Inquérito Policial,Ameaça,2025-11-03,False,2025-12-09,2026-05-14,,,,Restrito,https://esaj.tjsp.jus.br/cpopg/show.do?processo.codigo=CJ000WGCK0000&processo.numero=1507010-55.2025.8.26.0451
1507013-10.2025.8.26.0451,7º Promotor de Justiça de Piracicaba,Foro de Piracicaba,3ª Vara Criminal,2025/001178,Ação Penal - Procedimento Ordinário,Importunação Sexual,2025-08-26,False,2026-01-22,2026-01-26,,,,Restrito,https://esaj.tjsp.jus.br/cpopg/show.do?processo.codigo=CJ000WGCM0000&processo.numero=1507013-10.2025.8.26.0451
1502109-85.2025.8.26.0599,10º Promotor de Justiça de Piracicaba,Foro de Piracicaba,2ª Vara Criminal,2025/001299,Ação Penal - Procedimento Ordinário,Furto Qualificado,2025-08-25,True,2025-08-27,2025-09-04,,2026-05-21,2026-05-22,Público,https://esaj.tjsp.jus.br/cpopg/show.do?processo.codigo=GN0004I8O0000&processo.numero=1502109-85.2025.8.26.0599
1502111-55.2025.8.26.0599,6º Promotor de Justiça de Piracicaba,Foro de Piracicaba,1ª Vara Criminal,2025/001101,Ação Penal - Procedimento Ordinário,Furto,2025-08-26,False,2025-08-29,2025-09-02,,,,Público,https://esaj.tjsp.jus.br/cpopg/show.do?processo.codigo=GN0004I8S0000&processo.numero=1502111-55.2025.8.26.0599
1502113-25.2025.8.26.0599,10º Promotor de Justiça de Piracicaba,Foro de Piracicaba,2ª Vara Criminal,2025/001308,Procedimento Especial da Lei Antitóxicos,Tráfico de Drogas e Condutas Afins,2025-08-26,False,2025-09-19,2025-09-24,2025-11-06,,,Público,https://esaj.tjsp.jus.br/cpopg/show.do?processo.codigo=GN0004I8U0000&processo.numero=1502113-25.2025.8.26.0599
1506904-93.2025.8.26.0451,6º Promotor de Justiça de Piracicaba,Foro de Piracicaba,1ª Vara Criminal,2025/001072,Ação Penal - Procedimento Ordinário,DIREITO PENAL-Crimes contra a liberdade pessoal-Perseguição,2025-08-25,False,2026-01-22,2026-01-23,,,,Restrito,https://esaj.tjsp.jus.br/cpopg/show.do?processo.codigo=CJ000WG630000&processo.numero=1506904-93.2025.8.26.0451
1506907-48.2025.8.26.0451,4º Promotor de Justiça de Piracicaba,Foro de Piracicaba,3ª Vara Criminal,2025/001161,Ação Penal - Procedimento Sumário,Ameaça,2025-08-25,False,2025-11-14,2025-11-19,,,,Restrito,https://esaj.tjsp.jus.br/cpopg/show.do?processo.codigo=CJ000WG680000&processo.numero=1506907-48.2025.8.26.0451
1506915-25.2025.8.26.0451,7º Promotor de Justiça de Piracicaba,Foro de Piracicaba,3ª Vara Criminal,2025/001166,Ação Penal - Procedimento Ordinário,Furto Qualificado,2025-08-25,False,2025-08-29,2025-08-29,,,,Público,https://esaj.tjsp.jus.br/cpopg/show.do?processo.codigo=CJ000WG6W0000&processo.numero=1506915-25.2025.8.26.0451
1506931-76.2025.8.26.0451,9º Promotor de Justiça de Piracicaba,Foro de Piracicaba,2ª Vara Criminal,2025/001291,Ação Penal - Procedimento Sumário,Ameaça,2025-08-25,False,2026-05-05,2026-05-06,,,,Restrito,https://esaj.tjsp.jus.br/cpopg/show.do?processo.codigo=CJ000WG7O0000&processo.numero=1506931-76.2025.8.26.0451
1506941-23.2025.8.26.0451,11º Promotor de Justiça de Piracicaba,Foro de Piracicaba,1ª Vara Criminal,2025/001085,Inquérito Policial,Crime de Descumprimento de Medida Protetiva  de Urgência,2025-08-25,False,2026-05-22,2026-05-23,,,,Restrito,https://esaj.tjsp.jus.br/cpopg/show.do?processo.codigo=CJ000WG8T0000&processo.numero=1506941-23.2025.8.26.0451
1506989-79.2025.8.26.0451,6º Promotor de Justiça de Piracicaba,Foro de Piracicaba,1ª Vara Criminal,2025/001089,Inquérito Policial,Leve,2025-08-25,False,2026-05-22,2026-05-22,,,,Restrito,https://esaj.tjsp.jus.br/cpopg/show.do?processo.codigo=CJ000WG9J0000&processo.numero=1506989-79.2025.8.26.0451
1502104-63.2025.8.26.0599,10º Promotor de Justiça de Piracicaba,Foro de Piracicaba,2ª Vara Criminal,2025/001298,Procedimento Especial da Lei Antitóxicos,Tráfico de Drogas e Condutas Afins,2025-08-25,True,2025-08-27,2025-09-01,2025-11-03,2026-02-10,,Público,https://esaj.tjsp.jus.br/cpopg/show.do?processo.codigo=GN0004I8J0000&processo.numero=1502104-63.2025.8.26.0599
1502105-48.2025.8.26.0599,4º Promotor de Justiça de Piracicaba,Foro de Piracicaba,3ª Vara Criminal,2025/001172,Ação Penal - Procedimento Sumário,Lesão Cometida em Razão da Condição de Mulher,2025-08-25,False,2025-08-26,2025-08-27,,,,Restrito,https://esaj.tjsp.jus.br/cpopg/show.do?processo.codigo=GN0004I8K0000&processo.numero=1502105-48.2025.8.26.0599
1502087-27.2025.8.26.0599,6º Promotor de Justiça de Piracicaba,Foro de Piracicaba,1ª Vara Criminal,2025/001073,Ação Penal - Procedimento Sumário,Leve,2025-08-25,False,2025-09-12,2025-09-12,,,,Restrito,https://esaj.tjsp.jus.br/cpopg/show.do?processo.codigo=GN0004I810000&processo.numero=1502087-27.2025.8.26.0599
1502091-64.2025.8.26.0599,11º Promotor de Justiça de Piracicaba,Foro de Piracicaba,1ª Vara Criminal,2025/001078,Ação Penal - Procedimento Ordinário,Furto Qualificado,2025-08-25,False,2025-08-29,2025-09-01,,2026-01-26,2026-01-28,Público,https://esaj.tjsp.jus.br/cpopg/show.do?processo.codigo=GN0004I860000&processo.numero=1502091-64.2025.8.26.0599
1502094-19.2025.8.26.0599,7º Promotor de Justiça de Piracicaba,Foro de Piracicaba,3ª Vara Criminal,2025/001159,Procedimento Especial da Lei Antitóxicos,Tráfico de Drogas e Condutas Afins,2025-08-25,False,2025-08-28,2025-08-26,2025-09-19,,,Público,https://esaj.tjsp.jus.br/cpopg/show.do?processo.codigo=GN0004I890000&processo.numero=1502094-19.2025.8.26.0599
1502061-29.2025.8.26.0599,4º Promotor de Justiça de Piracicaba,Foro de Piracicaba,3ª Vara Criminal,2025/001151,Ação Penal - Procedimento Sumário,Ameaça,2025-08-22,False,2025-08-26,2025-08-28,,,,Restrito,https://esaj.tjsp.jus.br/cpopg/show.do?processo.codigo=GN0004I7B0000&processo.numero=1502061-29.2025.8.26.0599
1502062-14.2025.8.26.0599,10º Promotor de Justiça de Piracicaba,Foro de Piracicaba,2ª Vara Criminal,2025/001278,Ação Penal - Procedimento Sumário,Crime de Descumprimento de Medida Protetiva  de Urgência,2025-08-22,False,2025-08-26,2025-08-29,2025-10-02,,,Restrito,https://esaj.tjsp.jus.br/cpopg/show.do?processo.codigo=GN0004I7C0000&processo.numero=1502062-14.2025.8.26.0599
1502066-51.2025.8.26.0599,10º Promotor de Justiça de Piracicaba,Foro de Piracicaba,2ª Vara Criminal,2025/001277,Procedimento Especial da Lei Antitóxicos,Tráfico de Drogas e Condutas Afins,2025-08-22,False,2025-08-27,2025-09-02,,,,Público,https://esaj.tjsp.jus.br/cpopg/show.do?processo.codigo=GN0004I7G0000&processo.numero=1502066-51.2025.8.26.0599
1502067-36.2025.8.26.0599,7º Promotor de Justiça de Piracicaba,Foro de Piracicaba,3ª Vara Criminal,2025/001157,Ação Penal - Procedimento Ordinário,Roubo Majorado,2025-08-25,False,2025-08-26,2025-08-26,,,,Público,https://esaj.tjsp.jus.br/cpopg/show.do?processo.codigo=GN0004I7H0000&processo.numero=1502067-36.2025.8.26.0599
1502068-21.2025.8.26.0599,7º Promotor de Justiça de Piracicaba,Foro de Piracicaba,3ª Vara Criminal,2025/001158,Ação Penal - Procedimento Sumário,Decorrente de Violência Doméstica,2025-08-25,False,2025-08-28,2025-09-01,,,,Restrito,https://esaj.tjsp.jus.br/cpopg/show.do?processo.codigo=GN0004I7I0000&processo.numero=1502068-21.2025.8.26.0599
1502069-06.2025.8.26.0599,9º Promotor de Justiça de Piracicaba,Foro de Piracicaba,2ª Vara Criminal,2025/001283,Procedimento Especial da Lei Antitóxicos,Tráfico de Drogas e Condutas Afins,2025-08-25,True,2025-09-01,2025-09-02,,2025-11-27,2025-11-27,Público,https://esaj.tjsp.jus.br/cpopg/show.do?processo.codigo=GN0004I7J0000&processo.numero=1502069-06.2025.8.26.0599
1502043-08.2025.8.26.0599,11º Promotor de Justiça de Piracicaba,Foro de Piracicaba,1ª Vara Criminal,2025/001067,Procedimento Especial da Lei Antitóxicos,Tráfico de Drogas e Condutas Afins,2025-08-22,False,2025-08-27,2025-08-30,2025-10-01,,,Público,https://esaj.tjsp.jus.br/cpopg/show.do?processo.codigo=GN0004I6T0000&processo.numero=1502043-08.2025.8.26.0599
1502044-90.2025.8.26.0599,4º Promotor de Justiça de Piracicaba,Foro de Piracicaba,3ª Vara Criminal,2025/001150,Ação Penal - Procedimento Sumário,Lesão Cometida em Razão da Condição de Mulher,2025-08-22,False,2025-09-03,2025-09-09,,,,Restrito,https://esaj.tjsp.jus.br/cpopg/show.do?processo.codigo=GN0004I6U0000&processo.numero=1502044-90.2025.8.26.0599
1502047-45.2025.8.26.0599,18º Promotor de Justiça de Piracicaba,Foro de Piracicaba,4ª Vara Criminal,2025/001165,Ação Penal - Procedimento Sumário,Ameaça,2025-08-22,False,2025-08-26,2025-09-02,,,,Restrito,https://esaj.tjsp.jus.br/cpopg/show.do?processo.codigo=GN0004I6X0000&processo.numero=1502047-45.2025.8.26.0599
1502048-30.2025.8.26.0599,4º Promotor de Justiça de Piracicaba,Foro de Piracicaba,3ª Vara Criminal,2025/001153,Ação Penal - Procedimento Sumário,Decorrente de Violência Doméstica,2025-08-22,False,2025-08-28,2025-09-01,,,,Restrito,https://esaj.tjsp.jus.br/cpopg/show.do?processo.codigo=GN0004I6Y0000&processo.numero=1502048-30.2025.8.26.0599
1502054-37.2025.8.26.0599,11º Promotor de Justiça de Piracicaba,Foro de Piracicaba,1ª Vara Criminal,2025/001068,Procedimento Especial da Lei Antitóxicos,Tráfico de Drogas e Condutas Afins,2025-08-22,False,2025-08-28,2025-08-30,2025-10-16,,,Público,https://esaj.tjsp.jus.br/cpopg/show.do?processo.codigo=GN0004I740000&processo.numero=1502054-37.2025.8.26.0599
1506840-83.2025.8.26.0451,13º Promotor de Justiça de Piracicaba,Foro de Piracicaba,Vara do Juizado Especial Cível e Criminal,2025/001842,Termo Circunstanciado,Posse de Drogas para Consumo Pessoal,2025-08-21,False,,2026-02-24,,,,Público,https://esaj.tjsp.jus.br/cpopg/show.do?processo.codigo=CJ000WFZO0000&processo.numero=1506840-83.2025.8.26.0451
1506591-35.2025.8.26.0451,18º Promotor de Justiça de Piracicaba,Foro de Piracicaba,4ª Vara Criminal,2025/001151,Ação Penal - Procedimento Ordinário,Importunação Sexual,2025-08-20,False,2025-08-20,2025-08-22,,,,Restrito,https://esaj.tjsp.jus.br/cpopg/show.do?processo.codigo=CJ000WFLM0000&processo.numero=1506591-35.2025.8.26.0451
1502026-69.2025.8.26.0599,7º Promotor de Justiça de Piracicaba,Foro de Piracicaba,3ª Vara Criminal,2025/001136,Procedimento Especial da Lei Antitóxicos,Tráfico de Drogas e Condutas Afins,2025-08-20,True,2025-09-05,2025-09-08,2025-12-12,2026-05-25,2026-05-26,Público,https://esaj.tjsp.jus.br/cpopg/show.do?processo.codigo=GN0004I6A0000&processo.numero=1502026-69.2025.8.26.0599
1502027-54.2025.8.26.0599,6º Promotor de Justiça de Piracicaba,Foro de Piracicaba,1ª Vara Criminal,2025/001061,Ação Penal - Procedimento Ordinário,Crimes do Sistema Nacional de Armas,2025-08-20,False,2025-08-28,2025-08-29,,,,Público,https://esaj.tjsp.jus.br/cpopg/show.do?processo.codigo=GN0004I6B0000&processo.numero=1502027-54.2025.8.26.0599
1502030-09.2025.8.26.0599,7º Promotor de Justiça de Piracicaba,Foro de Piracicaba,3ª Vara Criminal,2025/001137,Procedimento Especial da Lei Antitóxicos,Tráfico de Drogas e Condutas Afins,2025-08-20,False,2025-08-27,2025-08-28,,,,Público,https://esaj.tjsp.jus.br/cpopg/show.do?processo.codigo=GN0004I6E0000&processo.numero=1502030-09.2025.8.26.0599
1506533-32.2025.8.26.0451,4º Promotor de Justiça de Piracicaba,Foro de Piracicaba,3ª Vara Criminal,2025/001133,Ação Penal - Procedimento Ordinário,Roubo,2025-08-19,False,2025-08-26,2025-08-29,,,,Público,https://esaj.tjsp.jus.br/cpopg/show.do?processo.codigo=CJ000WFHW0000&processo.numero=1506533-32.2025.8.26.0451
1502019-77.2025.8.26.0599,7º Promotor de Justiça de Piracicaba,Foro de Piracicaba,3ª Vara Criminal,2025/001128,Ação Penal - Procedimento Ordinário,Furto Qualificado,2025-08-18,True,2025-08-22,2025-09-01,,,,Público,https://esaj.tjsp.jus.br/cpopg/show.do?processo.codigo=GN0004I630000&processo.numero=1502019-77.2025.8.26.0599
1502020-62.2025.8.26.0599,6º Promotor de Justiça de Piracicaba,Foro de Piracicaba,1ª Vara Criminal,2025/001049,Procedimento Especial da Lei Antitóxicos,Tráfico de Drogas e Condutas Afins,2025-08-18,False,2025-08-26,2025-08-26,2025-09-26,2025-12-15,2025-12-17,Público,https://esaj.tjsp.jus.br/cpopg/show.do?processo.codigo=GN0004I640000&processo.numero=1502020-62.2025.8.26.0599
1506367-97.2025.8.26.0451,18º Promotor de Justiça de Piracicaba,Foro de Piracicaba,4ª Vara Criminal,2025/001129,Ação Penal - Procedimento Ordinário,Roubo,2025-08-18,False,2025-08-25,2025-08-26,,,,Público,https://esaj.tjsp.jus.br/cpopg/show.do?processo.codigo=CJ000WF6R0000&processo.numero=1506367-97.2025.8.26.0451
1506384-36.2025.8.26.0451,18º Promotor de Justiça de Piracicaba,Foro de Piracicaba,4ª Vara Criminal,2025/001137,Ação Penal - Procedimento Ordinário,Roubo,2025-08-18,False,2025-08-26,2025-08-29,,,,Público,https://esaj.tjsp.jus.br/cpopg/show.do?processo.codigo=CJ000WF9V0000&processo.numero=1506384-36.2025.8.26.0451
1506386-06.2025.8.26.0451,6º Promotor de Justiça de Piracicaba,Foro de Piracicaba,1ª Vara Criminal,2025/001050,Ação Penal - Procedimento Ordinário,Roubo,2025-08-18,False,2025-08-26,2025-08-27,,,,Público,https://esaj.tjsp.jus.br/cpopg/show.do?processo.codigo=CJ000WFA20000&processo.numero=1506386-06.2025.8.26.0451
1506388-73.2025.8.26.0451,13º Promotor de Justiça de Piracicaba,Foro de Piracicaba,Vara do Juizado Especial Cível e Criminal,2025/001832,Termo Circunstanciado,Posse de Drogas para Consumo Pessoal,2025-08-18,False,,2026-04-01,,,,Público,https://esaj.tjsp.jus.br/cpopg/show.do?processo.codigo=CJ000WFAG0000&processo.numero=1506388-73.2025.8.26.0451
1502009-33.2025.8.26.0599,9º Promotor de Justiça de Piracicaba,Foro de Piracicaba,2ª Vara Criminal,2025/001254,Ação Penal - Procedimento Ordinário,Lesão Cometida em Razão da Condição de Mulher,2025-08-18,False,2025-08-18,2025-10-15,,,,Restrito,https://esaj.tjsp.jus.br/cpopg/show.do?processo.codigo=GN0004I5U0000&processo.numero=1502009-33.2025.8.26.0599
1502012-85.2025.8.26.0599,10º Promotor de Justiça de Piracicaba,Foro de Piracicaba,2ª Vara Criminal,2025/001256,Procedimento Especial da Lei Antitóxicos,Tráfico de Drogas e Condutas Afins,2025-08-18,False,2025-08-25,2025-08-29,,,,Público,https://esaj.tjsp.jus.br/cpopg/show.do?processo.codigo=GN0004I5X0000&processo.numero=1502012-85.2025.8.26.0599
1502013-70.2025.8.26.0599,13º Promotor de Justiça de Piracicaba,Foro de Piracicaba,Vara do Juizado Especial Cível e Criminal,2025/001989,Ação Penal - Procedimento Sumaríssimo,Posse de Drogas para Consumo Pessoal,2025-09-24,False,2025-08-18,2025-12-04,,,,Restrito,https://esaj.tjsp.jus.br/cpopg/show.do?processo.codigo=GN0004I5Y0000&processo.numero=1502013-70.2025.8.26.0599
1502014-55.2025.8.26.0599,7º Promotor de Justiça de Piracicaba,Foro de Piracicaba,3ª Vara Criminal,2025/001127,Procedimento Especial da Lei Antitóxicos,Tráfico de Drogas e Condutas Afins,2025-08-18,False,2025-08-21,2025-08-25,2025-09-01,,,Público,https://esaj.tjsp.jus.br/cpopg/show.do?processo.codigo=GN0004I5Z0000&processo.numero=1502014-55.2025.8.26.0599
1501996-34.2025.8.26.0599,11º Promotor de Justiça de Piracicaba,Foro de Piracicaba,1ª Vara Criminal,2025/001045,Procedimento Especial da Lei Antitóxicos,Tráfico de Drogas e Condutas Afins,2025-08-18,True,2025-09-15,2025-09-15,2025-09-26,2025-12-10,2025-12-11,Público,https://esaj.tjsp.jus.br/cpopg/show.do?processo.codigo=GN0004I5G0000&processo.numero=1501996-34.2025.8.26.0599
1501999-86.2025.8.26.0599,11º Promotor de Justiça de Piracicaba,Foro de Piracicaba,1ª Vara Criminal,2025/001044,Ação Penal - Procedimento Ordinário,Furto,2025-08-18,False,2025-08-27,2025-08-30,,,,Público,https://esaj.tjsp.jus.br/cpopg/show.do?processo.codigo=GN0004I5J0000&processo.numero=1501999-86.2025.8.26.0599
1502005-93.2025.8.26.0599,18º Promotor de Justiça de Piracicaba,Foro de Piracicaba,4ª Vara Criminal,2025/001127,Ação Penal - Procedimento Ordinário,Ameaça,2025-08-18,False,2025-08-28,2025-09-02,,,,Restrito,https://esaj.tjsp.jus.br/cpopg/show.do?processo.codigo=GN0004I5Q0000&processo.numero=1502005-93.2025.8.26.0599
1501976-43.2025.8.26.0599,6º Promotor de Justiça de Piracicaba,Foro de Piracicaba,1ª Vara Criminal,2025/001041,Procedimento Especial da Lei Antitóxicos,Tráfico de Drogas e Condutas Afins,2025-08-16,True,2025-08-20,2025-08-20,2025-10-14,2026-03-02,2026-04-06,Público,https://esaj.tjsp.jus.br/cpopg/show.do?processo.codigo=GN0004I4R0000&processo.numero=1501976-43.2025.8.26.0599
1506354-98.2025.8.26.0451,6º Promotor de Justiça de Piracicaba,Foro de Piracicaba,1ª Vara Criminal,2025/001039,Ação Penal - Procedimento Ordinário,Roubo,2025-08-15,False,2025-08-18,2025-08-29,,,,Público,https://esaj.tjsp.jus.br/cpopg/show.do?processo.codigo=CJ000WF4F0000&processo.numero=1506354-98.2025.8.26.0451
1506355-83.2025.8.26.0451,9º Promotor de Justiça de Piracicaba,Foro de Piracicaba,2ª Vara Criminal,2025/001244,Ação Penal - Procedimento Ordinário,Roubo,2025-08-15,True,2025-08-26,2025-08-28,,,,Público,https://esaj.tjsp.jus.br/cpopg/show.do?processo.codigo=CJ000WF4H0000&processo.numero=1506355-83.2025.8.26.0451
1506357-53.2025.8.26.0451,18º Promotor de Justiça de Piracicaba,Foro de Piracicaba,4ª Vara Criminal,2025/001125,Ação Penal - Procedimento Ordinário,Roubo,2025-08-15,False,2025-08-18,2025-09-02,,,,Público,https://esaj.tjsp.jus.br/cpopg/show.do?processo.codigo=CJ000WF4X0000&processo.numero=1506357-53.2025.8.26.0451
1506358-38.2025.8.26.0451,6º Promotor de Justiça de Piracicaba,Foro de Piracicaba,1ª Vara Criminal,2025/001040,Ação Penal - Procedimento Ordinário,Roubo,2025-08-15,False,2025-08-18,2025-08-29,,,,Público,https://esaj.tjsp.jus.br/cpopg/show.do?processo.codigo=CJ000WF4Y0000&processo.numero=1506358-38.2025.8.26.0451
1501965-14.2025.8.26.0599,11º Promotor de Justiça de Piracicaba,Foro de Piracicaba,1ª Vara Criminal,2025/001046,Procedimento Especial da Lei Antitóxicos,Tráfico de Drogas e Condutas Afins,2025-08-18,True,2025-08-21,2025-08-22,2025-10-15,2026-05-02,2026-05-12,Público,https://esaj.tjsp.jus.br/cpopg/show.do?processo.codigo=GN0004I4G0000&processo.numero=1501965-14.2025.8.26.0599
1501972-06.2025.8.26.0599,4º Promotor de Justiça de Piracicaba,Foro de Piracicaba,3ª Vara Criminal,2025/001120,Ação Penal - Procedimento Sumário,Ameaça,2025-08-16,False,2025-08-28,2025-09-01,,,,Restrito,https://esaj.tjsp.jus.br/cpopg/show.do?processo.codigo=GN0004I4N0000&processo.numero=1501972-06.2025.8.26.0599
1501948-75.2025.8.26.0599,4º Promotor de Justiça de Piracicaba,Foro de Piracicaba,3ª Vara Criminal,2025/001124,Procedimento Especial da Lei Antitóxicos,Tráfico de Drogas e Condutas Afins,2025-08-18,True,2025-09-08,2025-09-09,2025-10-06,,,Público,https://esaj.tjsp.jus.br/cpopg/show.do?processo.codigo=GN0004I3Z0000&processo.numero=1501948-75.2025.8.26.0599
1506043-10.2025.8.26.0451,Promotoria de Justiça Criminal de Piracicaba,Foro de Piracicaba,4ª Vara Criminal,2025/001117,Ação Penal - Procedimento Ordinário,Lesão Cometida em Razão da Condição de Mulher,2025-08-13,False,2025-08-14,2025-09-02,,,,Restrito,https://esaj.tjsp.jus.br/cpopg/show.do?processo.codigo=CJ000WEL90000&processo.numero=1506043-10.2025.8.26.0451
1501933-09.2025.8.26.0599,4º Promotor de Justiça de Piracicaba,Foro de Piracicaba,3ª Vara Criminal,2025/001112,Procedimento Especial da Lei Antitóxicos,Tráfico de Drogas e Condutas Afins,2025-08-13,False,2025-08-18,2025-08-20,2025-09-18,,,Público,https://esaj.tjsp.jus.br/cpopg/show.do?processo.codigo=GN0004I3P0000&processo.numero=1501933-09.2025.8.26.0599
1505931-41.2025.8.26.0451,18º Promotor de Justiça de Piracicaba,Foro de Piracicaba,4ª Vara Criminal,2025/001107,Ação Penal - Procedimento Sumário,Crime de Descumprimento de Medida Protetiva  de Urgência,2025-08-12,False,2026-04-12,2026-04-16,,,,Restrito,https://esaj.tjsp.jus.br/cpopg/show.do?processo.codigo=CJ000WEEI0000&processo.numero=1505931-41.2025.8.26.0451
1505940-03.2025.8.26.0451,6º Promotor de Justiça de Piracicaba,Foro de Piracicaba,1ª Vara Criminal,2025/001023,Ação Penal - Procedimento Ordinário,Leve,2025-08-12,False,2025-11-12,2025-11-14,,,,Restrito,https://esaj.tjsp.jus.br/cpopg/show.do?processo.codigo=CJ000WEEY0000&processo.numero=1505940-03.2025.8.26.0451
1505960-91.2025.8.26.0451,7º Promotor de Justiça de Piracicaba,Foro de Piracicaba,3ª Vara Criminal,2025/001098,Ação Penal - Procedimento Sumário,Decorrente de Violência Doméstica,2025-08-12,False,2025-11-17,2025-11-18,,,,Restrito,https://esaj.tjsp.jus.br/cpopg/show.do?processo.codigo=CJ000WEFR0000&processo.numero=1505960-91.2025.8.26.0451
1506038-85.2025.8.26.0451,4º Promotor de Justiça de Piracicaba,Foro de Piracicaba,3ª Vara Criminal,2025/001113,Ação Penal - Procedimento Ordinário,Crime de Descumprimento de Medida Protetiva  de Urgência,2025-08-13,False,2025-08-14,2025-08-20,2025-09-01,,,Restrito,https://esaj.tjsp.jus.br/cpopg/show.do?processo.codigo=CJ000WEL30000&processo.numero=1506038-85.2025.8.26.0451
1501908-93.2025.8.26.0599,10º Promotor de Justiça de Piracicaba,Foro de Piracicaba,2ª Vara Criminal,2025/001219,Procedimento Especial da Lei Antitóxicos,Tráfico de Drogas e Condutas Afins,2025-08-11,False,2025-09-02,2025-09-05,2025-10-02,,,Público,https://esaj.tjsp.jus.br/cpopg/show.do?processo.codigo=GN0004I310000&processo.numero=1501908-93.2025.8.26.0599
1501911-48.2025.8.26.0599,9º Promotor de Justiça de Piracicaba,Foro de Piracicaba,2ª Vara Criminal,2026/000264,Inquérito Policial,Posse de Drogas para Consumo Pessoal,2026-03-04,False,2025-08-21,2026-02-25,2026-05-29,,,Público,https://esaj.tjsp.jus.br/cpopg/show.do?processo.codigo=GN0004I340000&processo.numero=1501911-48.2025.8.26.0599
1501912-33.2025.8.26.0599,7º Promotor de Justiça de Piracicaba,Foro de Piracicaba,3ª Vara Criminal,2025/001109,Procedimento Especial da Lei Antitóxicos,Tráfico de Drogas e Condutas Afins,2025-08-13,False,2025-09-09,2025-09-10,2025-10-22,,,Público,https://esaj.tjsp.jus.br/cpopg/show.do?processo.codigo=GN0004I350000&processo.numero=1501912-33.2025.8.26.0599
1501913-18.2025.8.26.0599,18º Promotor de Justiça de Piracicaba,Foro de Piracicaba,4ª Vara Criminal,2025/001115,Procedimento Especial da Lei Antitóxicos,Tráfico de Drogas e Condutas Afins,2025-08-13,False,2025-08-15,2025-08-18,2025-10-27,,,Público,https://esaj.tjsp.jus.br/cpopg/show.do?processo.codigo=GN0004I360000&processo.numero=1501913-18.2025.8.26.0599
1501914-03.2025.8.26.0599,9º Promotor de Justiça de Piracicaba,Foro de Piracicaba,2ª Vara Criminal,2025/001231,Ação Penal - Procedimento Ordinário,Crime de Descumprimento de Medida Protetiva  de Urgência,2025-08-13,False,2025-08-12,2025-08-13,,,,Restrito,https://esaj.tjsp.jus.br/cpopg/show.do?processo.codigo=GN0004I370000&processo.numero=1501914-03.2025.8.26.0599
1501919-25.2025.8.26.0599,6º Promotor de Justiça de Piracicaba,Foro de Piracicaba,1ª Vara Criminal,2025/001031,Procedimento Especial da Lei Antitóxicos,Tráfico de Drogas e Condutas Afins,2025-08-13,False,2025-08-27,2025-09-01,,,,Público,https://esaj.tjsp.jus.br/cpopg/show.do?processo.codigo=GN0004I3C0000&processo.numero=1501919-25.2025.8.26.0599
1505873-38.2025.8.26.0451,6º Promotor de Justiça de Piracicaba,Foro de Piracicaba,1ª Vara Criminal,2025/001013,Ação Penal - Procedimento Ordinário,Roubo,2025-08-11,True,2025-08-14,2025-08-15,,2025-11-27,2025-12-18,Restrito,https://esaj.tjsp.jus.br/cpopg/show.do?processo.codigo=CJ000WE8T0000&processo.numero=1505873-38.2025.8.26.0451
1505910-65.2025.8.26.0451,6º Promotor de Justiça de Piracicaba,Foro de Piracicaba,1ª Vara Criminal,2025/001020,Ação Penal - Procedimento Ordinário,Quadrilha ou Bando,2025-08-11,True,2025-08-20,2025-08-21,,2026-02-27,2026-04-30,Restrito,https://esaj.tjsp.jus.br/cpopg/show.do?processo.codigo=CJ000WECO0000&processo.numero=1505910-65.2025.8.26.0451
1501898-49.2025.8.26.0599,7º Promotor de Justiça de Piracicaba,Foro de Piracicaba,3ª Vara Criminal,2025/001086,Procedimento Especial da Lei Antitóxicos,Tráfico de Drogas e Condutas Afins,2025-08-11,True,2025-09-03,2025-09-04,2025-10-01,2026-03-25,2026-03-26,Público,https://esaj.tjsp.jus.br/cpopg/show.do?processo.codigo=GN0004I2R0000&processo.numero=1501898-49.2025.8.26.0599
1501879-43.2025.8.26.0599,9º Promotor de Justiça de Piracicaba,Foro de Piracicaba,2ª Vara Criminal,2025/001212,Procedimento Especial da Lei Antitóxicos,Tráfico de Drogas e Condutas Afins,2025-08-11,True,2025-08-21,2025-09-05,2025-09-16,2026-01-21,2026-01-21,Público,https://esaj.tjsp.jus.br/cpopg/show.do?processo.codigo=GN0004I230000&processo.numero=1501879-43.2025.8.26.0599
1501880-28.2025.8.26.0599,10º Promotor de Justiça de Piracicaba,Foro de Piracicaba,2ª Vara Criminal,2025/001215,Ação Penal - Procedimento Sumaríssimo,Ameaça,2025-08-11,False,2025-08-13,2025-08-19,,,,Restrito,https://esaj.tjsp.jus.br/cpopg/show.do?processo.codigo=GN0004I240000&processo.numero=1501880-28.2025.8.26.0599
1501881-13.2025.8.26.0599,9º Promotor de Justiça de Piracicaba,Foro de Piracicaba,2ª Vara Criminal,2025/001213,Ação Penal - Procedimento Ordinário,Ameaça,2025-08-11,False,2025-08-14,2025-08-14,,,,Restrito,https://esaj.tjsp.jus.br/cpopg/show.do?processo.codigo=GN0004I250000&processo.numero=1501881-13.2025.8.26.0599
1501884-65.2025.8.26.0599,18º Promotor de Justiça de Piracicaba,Foro de Piracicaba,4ª Vara Criminal,2025/001103,Ação Penal - Procedimento Ordinário,Estupro de vulnerável,2025-08-11,False,2025-08-19,2025-08-29,2025-09-25,2026-02-20,2026-03-02,Restrito,https://esaj.tjsp.jus.br/cpopg/show.do?processo.codigo=GN0004I280000&processo.numero=1501884-65.2025.8.26.0599
1501892-42.2025.8.26.0599,9º Promotor de Justiça de Piracicaba,Foro de Piracicaba,2ª Vara Criminal,2025/001214,Ação Penal - Procedimento Ordinário,Roubo Majorado,2025-08-11,False,2025-08-18,2025-08-19,,2025-11-13,2025-11-17,Público,https://esaj.tjsp.jus.br/cpopg/show.do?processo.codigo=GN0004I2L0000&processo.numero=1501892-42.2025.8.26.0599
1501875-06.2025.8.26.0599,4º Promotor de Justiça de Piracicaba,Foro de Piracicaba,3ª Vara Criminal,2025/001084,Ação Penal - Procedimento Ordinário,Resistência,2025-08-11,False,2025-08-14,2025-08-21,,,,Público,https://esaj.tjsp.jus.br/cpopg/show.do?processo.codigo=GN0004I1Z0000&processo.numero=1501875-06.2025.8.26.0599
1505836-11.2025.8.26.0451,6º Promotor de Justiça de Piracicaba,Foro de Piracicaba,1ª Vara Criminal,2025/001010,Procedimento Especial da Lei Antitóxicos,Tráfico de Drogas e Condutas Afins,2025-08-11,False,2025-08-26,2025-08-27,2025-09-16,2025-11-27,2026-02-23,Público,https://esaj.tjsp.jus.br/cpopg/show.do?processo.codigo=CJ000WE4X0000&processo.numero=1505836-11.2025.8.26.0451
1505799-81.2025.8.26.0451,6º Promotor de Justiça de Piracicaba,Foro de Piracicaba,1ª Vara Criminal,2025/001000,Ação Penal - Procedimento Ordinário,Roubo,2025-08-07,False,2025-08-11,2025-08-12,,,,Restrito,https://esaj.tjsp.jus.br/cpopg/show.do?processo.codigo=CJ000WDYL0000&processo.numero=1505799-81.2025.8.26.0451
1501842-16.2025.8.26.0599,11º Promotor de Justiça de Piracicaba,Foro de Piracicaba,1ª Vara Criminal,2025/001004,Procedimento Especial da Lei Antitóxicos,Tráfico de Drogas e Condutas Afins,2025-08-07,True,2025-09-02,2025-09-03,2025-10-07,2026-04-06,2026-04-15,Público,https://esaj.tjsp.jus.br/cpopg/show.do?processo.codigo=GN0004I130000&processo.numero=1501842-16.2025.8.26.0599
1501844-83.2025.8.26.0599,10º Promotor de Justiça de Piracicaba,Foro de Piracicaba,2ª Vara Criminal,2025/001206,Procedimento Especial da Lei Antitóxicos,Tráfico de Drogas e Condutas Afins,2025-08-07,False,2025-08-13,2025-08-18,,,,Público,https://esaj.tjsp.jus.br/cpopg/show.do?processo.codigo=GN0004I140000&processo.numero=1501844-83.2025.8.26.0599
1501848-23.2025.8.26.0599,7º Promotor de Justiça de Piracicaba,Foro de Piracicaba,3ª Vara Criminal,2025/001075,Procedimento Especial da Lei Antitóxicos,Tráfico de Drogas e Condutas Afins,2025-08-07,False,2025-08-13,2025-08-18,2025-09-08,,,Restrito,https://esaj.tjsp.jus.br/cpopg/show.do?processo.codigo=GN0004I180000&processo.numero=1501848-23.2025.8.26.0599
1505750-40.2025.8.26.0451,4º Promotor de Justiça de Piracicaba,Foro de Piracicaba,3ª Vara Criminal,2025/001060,Ação Penal - Procedimento Sumaríssimo,Crimes de Trânsito,2025-08-06,False,2026-01-16,2026-02-08,,,,Público,https://esaj.tjsp.jus.br/cpopg/show.do?processo.codigo=CJ000WDQO0000&processo.numero=1505750-40.2025.8.26.0451
1505767-76.2025.8.26.0451,13º Promotor de Justiça de Piracicaba,Foro de Piracicaba,Vara do Juizado Especial Cível e Criminal,2025/001780,Ação Penal - Procedimento Sumaríssimo,Desacato,2025-08-06,False,,2025-10-14,,,,Público,https://esaj.tjsp.jus.br/cpopg/show.do?processo.codigo=CJ000WDV90000&processo.numero=1505767-76.2025.8.26.0451
1501829-17.2025.8.26.0599,7º Promotor de Justiça de Piracicaba,Foro de Piracicaba,3ª Vara Criminal,2025/001065,Procedimento Especial da Lei Antitóxicos,Tráfico de Drogas e Condutas Afins,2025-08-07,False,2025-09-03,2025-09-04,2025-09-29,,,Público,https://esaj.tjsp.jus.br/cpopg/show.do?processo.codigo=GN0004I0S0000&processo.numero=1501829-17.2025.8.26.0599
1505739-11.2025.8.26.0451,11º Promotor de Justiça de Piracicaba,Foro de Piracicaba,1ª Vara Criminal,2025/001378,Ação Penal - Procedimento Sumário,Desacato,2025-10-28,False,,2025-10-22,,,,Público,https://esaj.tjsp.jus.br/cpopg/show.do?processo.codigo=CJ000WDPZ0000&processo.numero=1505739-11.2025.8.26.0451
1505741-78.2025.8.26.0451,18º Promotor de Justiça de Piracicaba,Foro de Piracicaba,4ª Vara Criminal,2025/001085,Inquérito Policial,Roubo,2025-08-05,False,2026-01-21,2026-01-24,,,,Público,https://esaj.tjsp.jus.br/cpopg/show.do?processo.codigo=CJ000WDQ30000&processo.numero=1505741-78.2025.8.26.0451
1501785-95.2025.8.26.0599,7º Promotor de Justiça de Piracicaba,Foro de Piracicaba,3ª Vara Criminal,2025/001049,Procedimento Especial da Lei Antitóxicos,Tráfico de Drogas e Condutas Afins,2025-08-05,True,2025-08-26,2025-08-27,2025-09-11,2026-03-16,2026-03-17,Público,https://esaj.tjsp.jus.br/cpopg/show.do?processo.codigo=GN0004HXR0000&processo.numero=1501785-95.2025.8.26.0599
1501787-65.2025.8.26.0599,6º Promotor de Justiça de Piracicaba,Foro de Piracicaba,1ª Vara Criminal,2025/000983,Procedimento Especial da Lei Antitóxicos,Tráfico de Drogas e Condutas Afins,2025-08-05,False,2025-08-29,2025-09-01,2026-03-27,,,Público,https://esaj.tjsp.jus.br/cpopg/show.do?processo.codigo=GN0004HXT0000&processo.numero=1501787-65.2025.8.26.0599
1501794-57.2025.8.26.0599,7º Promotor de Justiça de Piracicaba,Foro de Piracicaba,3ª Vara Criminal,2025/001048,Ação Penal - Procedimento Sumário,Ameaça,2025-08-05,False,2025-08-05,2025-08-07,,,,Restrito,https://esaj.tjsp.jus.br/cpopg/show.do?processo.codigo=GN0004HY10000&processo.numero=1501794-57.2025.8.26.0599
1501799-79.2025.8.26.0599,9º Promotor de Justiça de Piracicaba,Foro de Piracicaba,2ª Vara Criminal,2025/001190,Procedimento Especial da Lei Antitóxicos,Tráfico de Drogas e Condutas Afins,2025-08-05,True,2025-08-11,2025-08-12,,2025-12-11,2025-12-12,Público,https://esaj.tjsp.jus.br/cpopg/show.do?processo.codigo=GN0004HY60000&processo.numero=1501799-79.2025.8.26.0599
1501800-64.2025.8.26.0599,9º Promotor de Justiça de Piracicaba,Foro de Piracicaba,2ª Vara Criminal,2025/001191,Ação Penal - Procedimento Ordinário,Roubo Majorado,2025-08-05,False,2025-08-08,2025-08-11,2025-08-12,2025-12-19,2025-12-19,Público,https://esaj.tjsp.jus.br/cpopg/show.do?processo.codigo=GN0004HY70000&processo.numero=1501800-64.2025.8.26.0599
1501801-49.2025.8.26.0599,10º Promotor de Justiça de Piracicaba,Foro de Piracicaba,2ª Vara Criminal,2025/001198,Procedimento Especial da Lei Antitóxicos,Tráfico de Drogas e Condutas Afins,2025-08-06,False,2025-08-15,2025-08-29,2026-05-22,,,Público,https://esaj.tjsp.jus.br/cpopg/show.do?processo.codigo=GN0004HY80000&processo.numero=1501801-49.2025.8.26.0599
1501803-19.2025.8.26.0599,11º Promotor de Justiça de Piracicaba,Foro de Piracicaba,1ª Vara Criminal,2025/000984,Ação Penal - Procedimento Ordinário,Roubo,2025-08-05,False,2025-08-08,2025-08-08,,,,Público,https://esaj.tjsp.jus.br/cpopg/show.do?processo.codigo=GN0004HYA0000&processo.numero=1501803-19.2025.8.26.0599
1501810-11.2025.8.26.0599,6º Promotor de Justiça de Piracicaba,Foro de Piracicaba,1ª Vara Criminal,2025/000992,Ação Penal - Procedimento Sumário,Possuir cena de sexo explícito ou pornográfica envolvendo criança ou adolescente (Artigo 241-B),2025-08-06,False,2025-08-07,2025-08-08,,,2026-05-15,Restrito,https://esaj.tjsp.jus.br/cpopg/show.do?processo.codigo=GN0004HYH0000&processo.numero=1501810-11.2025.8.26.0599
1501818-85.2025.8.26.0599,7º Promotor de Justiça de Piracicaba,Foro de Piracicaba,3ª Vara Criminal,2025/001059,Procedimento Especial da Lei Antitóxicos,Tráfico de Drogas e Condutas Afins,2025-08-06,False,2025-08-20,2025-08-21,2025-09-17,,,Público,https://esaj.tjsp.jus.br/cpopg/show.do?processo.codigo=GN0004HYP0000&processo.numero=1501818-85.2025.8.26.0599
1505694-07.2025.8.26.0451,13º Promotor de Justiça de Piracicaba,Foro de Piracicaba,Vara do Juizado Especial Cível e Criminal,2025/001760,Termo Circunstanciado,Ameaça,2025-08-04,False,,2026-01-26,,,,Público,https://esaj.tjsp.jus.br/cpopg/show.do?processo.codigo=CJ000WDHC0000&processo.numero=1505694-07.2025.8.26.0451
1505702-81.2025.8.26.0451,13º Promotor de Justiça de Piracicaba,Foro de Piracicaba,Vara do Juizado Especial Cível e Criminal,2025/001764,Ação Penal - Procedimento Sumaríssimo,Desacato,2025-08-04,False,,2025-10-07,,,,Público,https://esaj.tjsp.jus.br/cpopg/show.do?processo.codigo=CJ000WDHS0000&processo.numero=1505702-81.2025.8.26.0451
1501777-21.2025.8.26.0599,6º Promotor de Justiça de Piracicaba,Foro de Piracicaba,1ª Vara Criminal,2025/000980,Ação Penal - Procedimento Ordinário,Furto,2025-08-04,False,2025-08-25,2025-08-26,,,,Público,https://esaj.tjsp.jus.br/cpopg/show.do?processo.codigo=GN0004HXJ0000&processo.numero=1501777-21.2025.8.26.0599
1501781-58.2025.8.26.0599,9º Promotor de Justiça de Piracicaba,Foro de Piracicaba,2ª Vara Criminal,2025/001183,Ação Penal - Procedimento Ordinário,Furto Qualificado,2025-08-04,False,2025-08-06,2025-08-06,,,,Público,https://esaj.tjsp.jus.br/cpopg/show.do?processo.codigo=GN0004HXN0000&processo.numero=1501781-58.2025.8.26.0599
1501782-43.2025.8.26.0599,9º Promotor de Justiça de Piracicaba,Foro de Piracicaba,2ª Vara Criminal,2025/001184,Procedimento Especial da Lei Antitóxicos,Tráfico de Drogas e Condutas Afins,2025-08-04,False,2025-08-06,2025-08-06,2025-09-02,,,Público,https://esaj.tjsp.jus.br/cpopg/show.do?processo.codigo=GN0004HXO0000&processo.numero=1501782-43.2025.8.26.0599
1505666-39.2025.8.26.0451,11º Promotor de Justiça de Piracicaba,Foro de Piracicaba,1ª Vara Criminal,2025/001017,Ação Penal - Procedimento Sumaríssimo,Crimes de Trânsito,2025-08-11,False,,2025-08-13,,,,Público,https://esaj.tjsp.jus.br/cpopg/show.do?processo.codigo=CJ000WDDT0000&processo.numero=1505666-39.2025.8.26.0451
1505668-09.2025.8.26.0451,18º Promotor de Justiça de Piracicaba,Foro de Piracicaba,4ª Vara Criminal,2025/001067,Procedimento Especial da Lei Antitóxicos,Tráfico de Drogas e Condutas Afins,2025-08-01,False,2025-09-09,2025-09-12,2025-11-17,,,Público,https://esaj.tjsp.jus.br/cpopg/show.do?processo.codigo=CJ000WDE90000&processo.numero=1505668-09.2025.8.26.0451
1505671-61.2025.8.26.0451,13º Promotor de Justiça de Piracicaba,Foro de Piracicaba,Vara do Juizado Especial Cível e Criminal,2025/001756,Termo Circunstanciado,Leve,2025-08-01,False,,2026-02-03,,,,Público,https://esaj.tjsp.jus.br/cpopg/show.do?processo.codigo=CJ000WDEI0000&processo.numero=1505671-61.2025.8.26.0451
1501768-59.2025.8.26.0599,10º Promotor de Justiça de Piracicaba,Foro de Piracicaba,2ª Vara Criminal,2025/001178,Procedimento Especial da Lei Antitóxicos,Tráfico de Drogas e Condutas Afins,2025-08-01,True,2025-08-26,2025-09-01,2025-10-10,2026-04-06,2026-04-13,Público,https://esaj.tjsp.jus.br/cpopg/show.do?processo.codigo=GN0004HX90000&processo.numero=1501768-59.2025.8.26.0599
1501769-44.2025.8.26.0599,7º Promotor de Justiça de Piracicaba,Foro de Piracicaba,3ª Vara Criminal,2025/001038,Procedimento Especial da Lei Antitóxicos,Tráfico de Drogas e Condutas Afins,2025-08-01,False,2025-08-06,2025-08-07,,,,Público,https://esaj.tjsp.jus.br/cpopg/show.do?processo.codigo=GN0004HXA0000&processo.numero=1501769-44.2025.8.26.0599
1505619-65.2025.8.26.0451,13º Promotor de Justiça de Piracicaba,Foro de Piracicaba,Vara do Juizado Especial Cível e Criminal,2025/001736,Ação Penal - Procedimento Sumaríssimo,Comunicação falsa de crime ou de contravenção,2025-07-31,False,,2025-08-11,,,,Público,https://esaj.tjsp.jus.br/cpopg/show.do?processo.codigo=CJ000WD5Z0000&processo.numero=1505619-65.2025.8.26.0451
1505630-94.2025.8.26.0451,9º Promotor de Justiça de Piracicaba,Foro de Piracicaba,2ª Vara Criminal,2025/001170,Ação Penal - Procedimento Sumário,Ameaça,2025-07-31,False,2026-02-08,2026-02-09,,,,Restrito,https://esaj.tjsp.jus.br/cpopg/show.do?processo.codigo=CJ000WD900000&processo.numero=1505630-94.2025.8.26.0451
1501752-08.2025.8.26.0599,9º Promotor de Justiça de Piracicaba,Foro de Piracicaba,2ª Vara Criminal,2025/001163,Procedimento Especial da Lei Antitóxicos,Tráfico de Drogas e Condutas Afins,2025-07-31,True,2025-08-25,2025-08-25,,2025-12-03,2025-12-06,Público,https://esaj.tjsp.jus.br/cpopg/show.do?processo.codigo=GN0004HWT0000&processo.numero=1501752-08.2025.8.26.0599
1501753-90.2025.8.26.0599,4º Promotor de Justiça de Piracicaba,Foro de Piracicaba,3ª Vara Criminal,2025/001030,Procedimento Especial da Lei Antitóxicos,Tráfico de Drogas e Condutas Afins,2025-07-31,True,2025-08-28,2025-09-01,,2026-04-07,2026-04-09,Público,https://esaj.tjsp.jus.br/cpopg/show.do?processo.codigo=GN0004HWU0000&processo.numero=1501753-90.2025.8.26.0599
1501756-45.2025.8.26.0599,11º Promotor de Justiça de Piracicaba,Foro de Piracicaba,1ª Vara Criminal,2025/000986,Procedimento Especial da Lei Antitóxicos,Tráfico de Drogas e Condutas Afins,2025-08-05,False,2025-08-25,2025-08-26,2025-09-23,,,Público,https://esaj.tjsp.jus.br/cpopg/show.do?processo.codigo=GN0004HWX0000&processo.numero=1501756-45.2025.8.26.0599
1501757-30.2025.8.26.0599,11º Promotor de Justiça de Piracicaba,Foro de Piracicaba,1ª Vara Criminal,2025/000966,Procedimento Especial da Lei Antitóxicos,Tráfico de Drogas e Condutas Afins,2025-07-31,False,2025-08-28,2025-08-30,2026-01-09,,,Público,https://esaj.tjsp.jus.br/cpopg/show.do?processo.codigo=GN0004HWY0000&processo.numero=1501757-30.2025.8.26.0599
1501758-15.2025.8.26.0599,6º Promotor de Justiça de Piracicaba,Foro de Piracicaba,1ª Vara Criminal,2025/000973,Procedimento Especial da Lei Antitóxicos,Tráfico de Drogas e Condutas Afins,2025-08-01,False,2025-08-25,2025-08-26,2025-09-15,2026-01-16,2026-03-10,Público,https://esaj.tjsp.jus.br/cpopg/show.do?processo.codigo=GN0004HWZ0000&processo.numero=1501758-15.2025.8.26.0599
1501761-67.2025.8.26.0599,11º Promotor de Justiça de Piracicaba,Foro de Piracicaba,1ª Vara Criminal,2026/000014,Procedimento Especial da Lei Antitóxicos,Tráfico de Drogas e Condutas Afins,2026-01-08,False,2025-08-25,2026-01-09,2026-04-17,,,Público,https://esaj.tjsp.jus.br/cpopg/show.do?processo.codigo=GN0004HX20000&processo.numero=1501761-67.2025.8.26.0599
1501745-16.2025.8.26.0599,18º Promotor de Justiça de Piracicaba,Foro de Piracicaba,4ª Vara Criminal,2025/001049,Ação Penal - Procedimento Ordinário,Furto,2025-07-29,True,2025-08-11,2025-08-12,,2025-12-22,2026-01-07,Público,https://esaj.tjsp.jus.br/cpopg/show.do?processo.codigo=GN0004HWM0000&processo.numero=1501745-16.2025.8.26.0599
1501747-83.2025.8.26.0599,6º Promotor de Justiça de Piracicaba,Foro de Piracicaba,1ª Vara Criminal,2025/000962,Procedimento Especial da Lei Antitóxicos,Tráfico de Drogas e Condutas Afins,2025-07-31,False,2025-08-26,2025-08-26,2025-09-19,,,Público,https://esaj.tjsp.jus.br/cpopg/show.do?processo.codigo=GN0004HWO0000&processo.numero=1501747-83.2025.8.26.0599
1501740-91.2025.8.26.0599,4º Promotor de Justiça de Piracicaba,Foro de Piracicaba,3ª Vara Criminal,2025/001020,Procedimento Especial da Lei Antitóxicos,Tráfico de Drogas e Condutas Afins,2025-07-28,False,2025-07-31,2025-08-04,2025-10-14,,,Público,https://esaj.tjsp.jus.br/cpopg/show.do?processo.codigo=GN0004HWH0000&processo.numero=1501740-91.2025.8.26.0599
1501742-61.2025.8.26.0599,9º Promotor de Justiça de Piracicaba,Foro de Piracicaba,2ª Vara Criminal,2025/001153,Ação Penal - Procedimento Ordinário,Tráfico de Drogas e Condutas Afins,2025-07-29,False,2025-08-07,2025-08-08,,,,Público,https://esaj.tjsp.jus.br/cpopg/show.do?processo.codigo=GN0004HWJ0000&processo.numero=1501742-61.2025.8.26.0599
1505561-62.2025.8.26.0451,6º Promotor de Justiça de Piracicaba,Foro de Piracicaba,1ª Vara Criminal,2025/000953,Ação Penal - Procedimento Sumário,Violação de domicílio,2025-07-28,False,2025-07-28,2025-07-29,,,,Restrito,https://esaj.tjsp.jus.br/cpopg/show.do?processo.codigo=CJ000WCP30000&processo.numero=1505561-62.2025.8.26.0451
1505562-47.2025.8.26.0451,10º Promotor de Justiça de Piracicaba,Foro de Piracicaba,2ª Vara Criminal,2025/001149,Ação Penal - Procedimento Ordinário,Contra a Mulher,2025-07-28,False,2025-08-28,2025-09-16,,,,Restrito,https://esaj.tjsp.jus.br/cpopg/show.do?processo.codigo=CJ000WCP90000&processo.numero=1505562-47.2025.8.26.0451
1505567-69.2025.8.26.0451,4º Promotor de Justiça de Piracicaba,Foro de Piracicaba,3ª Vara Criminal,2025/001432,Termo Circunstanciado,Posse de Drogas para Consumo Pessoal,2025-10-21,False,,2025-10-07,,,,Público,https://esaj.tjsp.jus.br/cpopg/show.do?processo.codigo=CJ000WCS60000&processo.numero=1505567-69.2025.8.26.0451
1501731-32.2025.8.26.0599,18º Promotor de Justiça de Piracicaba,Foro de Piracicaba,4ª Vara Criminal,2025/001039,Procedimento Especial da Lei Antitóxicos,Tráfico de Drogas e Condutas Afins,2025-07-28,True,2025-08-25,2025-08-26,2025-11-20,2026-03-23,2026-03-24,Público,https://esaj.tjsp.jus.br/cpopg/show.do?processo.codigo=GN0004HW80000&processo.numero=1501731-32.2025.8.26.0599
1501733-02.2025.8.26.0599,6º Promotor de Justiça de Piracicaba,Foro de Piracicaba,1ª Vara Criminal,2025/000950,Procedimento Especial da Lei Antitóxicos,Tráfico de Drogas e Condutas Afins,2025-07-28,True,2025-08-22,2025-08-25,2025-09-26,2025-12-23,2026-01-07,Público,https://esaj.tjsp.jus.br/cpopg/show.do?processo.codigo=GN0004HWA0000&processo.numero=1501733-02.2025.8.26.0599
1501737-39.2025.8.26.0599,9º Promotor de Justiça de Piracicaba,Foro de Piracicaba,2ª Vara Criminal,2025/001150,Ação Penal - Procedimento Ordinário,Lesão Cometida em Razão da Condição de Mulher,2025-07-28,False,2025-08-28,2025-09-01,,,,Restrito,https://esaj.tjsp.jus.br/cpopg/show.do?processo.codigo=GN0004HWE0000&processo.numero=1501737-39.2025.8.26.0599
1501723-55.2025.8.26.0599,10º Promotor de Justiça de Piracicaba,Foro de Piracicaba,2ª Vara Criminal,2025/001146,Procedimento Especial da Lei Antitóxicos,Tráfico de Drogas e Condutas Afins,2025-07-28,False,2025-07-31,2025-08-04,2026-05-15,,,Público,https://esaj.tjsp.jus.br/cpopg/show.do?processo.codigo=GN0004HW00000&processo.numero=1501723-55.2025.8.26.0599
1505519-13.2025.8.26.0451,18º Promotor de Justiça de Piracicaba,Foro de Piracicaba,4ª Vara Criminal,2025/001031,Ação Penal - Procedimento Sumário,Ameaça,2025-07-26,False,2026-03-03,2026-03-04,,,,Restrito,https://esaj.tjsp.jus.br/cpopg/show.do?processo.codigo=CJ000WCML0000&processo.numero=1505519-13.2025.8.26.0451
1505523-50.2025.8.26.0451,11º Promotor de Justiça de Piracicaba,Foro de Piracicaba,1ª Vara Criminal,2025/000937,Ação Penal - Procedimento Sumário,Ameaça,2025-07-26,False,2025-12-17,2026-03-11,,,,Restrito,https://esaj.tjsp.jus.br/cpopg/show.do?processo.codigo=CJ000WCMQ0000&processo.numero=1505523-50.2025.8.26.0451
1505525-20.2025.8.26.0451,11º Promotor de Justiça de Piracicaba,Foro de Piracicaba,1ª Vara Criminal,2025/000938,Ação Penal - Procedimento Sumário,Ameaça,2025-07-26,False,2026-03-03,2026-03-05,,,,Restrito,https://esaj.tjsp.jus.br/cpopg/show.do?processo.codigo=CJ000WCMS0000&processo.numero=1505525-20.2025.8.26.0451
1505528-72.2025.8.26.0451,6º Promotor de Justiça de Piracicaba,Foro de Piracicaba,1ª Vara Criminal,2025/000940,Ação Penal - Procedimento Sumário,Leve,2025-07-26,False,2025-09-23,2025-09-24,,,,Restrito,https://esaj.tjsp.jus.br/cpopg/show.do?processo.codigo=CJ000WCMY0000&processo.numero=1505528-72.2025.8.26.0451
1505531-27.2025.8.26.0451,6º Promotor de Justiça de Piracicaba,Foro de Piracicaba,1ª Vara Criminal,2025/000941,Ação Penal - Procedimento Ordinário,Constrangimento ilegal,2025-07-26,False,2026-01-19,2026-01-20,,,,Restrito,https://esaj.tjsp.jus.br/cpopg/show.do?processo.codigo=CJ000WCN10000&processo.numero=1505531-27.2025.8.26.0451
1505536-49.2025.8.26.0451,18º Promotor de Justiça de Piracicaba,Foro de Piracicaba,4ª Vara Criminal,2025/001045,Ação Penal - Procedimento Sumário,Contra a Mulher,2025-07-29,False,2025-07-26,2025-08-29,,,,Restrito,https://esaj.tjsp.jus.br/cpopg/show.do?processo.codigo=CJ000WCN60000&processo.numero=1505536-49.2025.8.26.0451
1501705-34.2025.8.26.0599,9º Promotor de Justiça de Piracicaba,Foro de Piracicaba,2ª Vara Criminal,2025/001131,Ação Penal - Procedimento Ordinário,Tráfico de Drogas e Condutas Afins,2025-07-25,True,2025-08-04,2025-08-04,2025-10-03,2026-02-23,,Público,https://esaj.tjsp.jus.br/cpopg/show.do?processo.codigo=GN0004HVH0000&processo.numero=1501705-34.2025.8.26.0599
1501706-19.2025.8.26.0599,7º Promotor de Justiça de Piracicaba,Foro de Piracicaba,3ª Vara Criminal,2025/001009,Procedimento Especial da Lei Antitóxicos,Tráfico de Drogas e Condutas Afins,2025-07-25,False,2025-08-22,2025-09-01,2025-12-11,,,Público,https://esaj.tjsp.jus.br/cpopg/show.do?processo.codigo=GN0004HVI0000&processo.numero=1501706-19.2025.8.26.0599
1501707-04.2025.8.26.0599,4º Promotor de Justiça de Piracicaba,Foro de Piracicaba,3ª Vara Criminal,2025/001011,Ação Penal - Procedimento Ordinário,Furto Qualificado,2025-07-25,True,2025-07-31,2025-07-31,,2026-01-22,2026-02-02,Público,https://esaj.tjsp.jus.br/cpopg/show.do?processo.codigo=GN0004HVJ0000&processo.numero=1501707-04.2025.8.26.0599
1501709-71.2025.8.26.0599,10º Promotor de Justiça de Piracicaba,Foro de Piracicaba,2ª Vara Criminal,2025/001147,Ação Penal - Procedimento Ordinário,Crime de Descumprimento de Medida Protetiva  de Urgência,2025-07-28,True,2025-07-28,2025-07-28,,2025-12-10,2025-12-12,Restrito,https://esaj.tjsp.jus.br/cpopg/show.do?processo.codigo=GN0004HVL0000&processo.numero=1501709-71.2025.8.26.0599
1501712-26.2025.8.26.0599,10º Promotor de Justiça de Piracicaba,Foro de Piracicaba,2ª Vara Criminal,2025/001148,Ação Penal - Procedimento Sumário,Crime de Descumprimento de Medida Protetiva  de Urgência,2025-07-28,False,2025-08-01,2025-08-04,,,,Restrito,https://esaj.tjsp.jus.br/cpopg/show.do?processo.codigo=GN0004HVO0000&processo.numero=1501712-26.2025.8.26.0599
1502432-67.2025.8.26.0542,11º Promotor de Justiça de Piracicaba,Foro de Piracicaba,1ª Vara Criminal,2025/000958,Ação Penal - Procedimento Ordinário,Roubo Majorado,2025-07-30,False,2025-08-06,2025-07-29,,2026-03-06,2026-04-15,Público,https://esaj.tjsp.jus.br/cpopg/show.do?processo.codigo=F20001UBB0000&processo.numero=1502432-67.2025.8.26.0542
1505490-60.2025.8.26.0451,9º Promotor de Justiça de Piracicaba,Foro de Piracicaba,2ª Vara Criminal,2025/001132,Ação Penal - Procedimento Ordinário,Lesão Cometida em Razão da Condição de Mulher,2025-07-25,False,2025-08-19,2025-09-01,,,,Restrito,https://esaj.tjsp.jus.br/cpopg/show.do?processo.codigo=CJ000WB5W0000&processo.numero=1505490-60.2025.8.26.0451
0006457-82.2025.8.26.0451,13º Promotor de Justiça de Piracicaba,Foro de Piracicaba,Vara do Juizado Especial Cível e Criminal,2025/001711,Ação Penal - Procedimento Sumaríssimo,Apropriação de Coisa Achada,2025-07-24,False,,2025-10-07,,,,Público,https://esaj.tjsp.jus.br/cpopg/show.do?processo.codigo=CJ000W93K0000&processo.numero=0006457-82.2025.8.26.0451
1501689-80.2025.8.26.0599,18º Promotor de Justiça de Piracicaba,Foro de Piracicaba,4ª Vara Criminal,2025/001023,Ação Penal - Procedimento Ordinário,Roubo,2025-07-24,False,2025-07-31,2025-08-01,,,,Público,https://esaj.tjsp.jus.br/cpopg/show.do?processo.codigo=GN0004HV00000&processo.numero=1501689-80.2025.8.26.0599
1501690-65.2025.8.26.0599,7º Promotor de Justiça de Piracicaba,Foro de Piracicaba,3ª Vara Criminal,2025/001008,Procedimento Especial da Lei Antitóxicos,Tráfico de Drogas e Condutas Afins,2025-07-25,False,2025-08-20,2025-08-21,2025-09-10,,,Público,https://esaj.tjsp.jus.br/cpopg/show.do?processo.codigo=GN0004HV10000&processo.numero=1501690-65.2025.8.26.0599
1501692-35.2025.8.26.0599,4º Promotor de Justiça de Piracicaba,Foro de Piracicaba,3ª Vara Criminal,2025/001010,Ação Penal - Procedimento Ordinário,Roubo,2025-07-25,False,2025-08-22,2025-09-05,,,,Público,https://esaj.tjsp.jus.br/cpopg/show.do?processo.codigo=GN0004HV30000&processo.numero=1501692-35.2025.8.26.0599
1501693-20.2025.8.26.0599,9º Promotor de Justiça de Piracicaba,Foro de Piracicaba,2ª Vara Criminal,2025/001130,Ação Penal - Procedimento Ordinário,Tráfico de Drogas e Condutas Afins,2025-07-25,False,2025-08-21,2025-08-22,,,,Restrito,https://esaj.tjsp.jus.br/cpopg/show.do?processo.codigo=GN0004HV50000&processo.numero=1501693-20.2025.8.26.0599
1501696-72.2025.8.26.0599,11º Promotor de Justiça de Piracicaba,Foro de Piracicaba,1ª Vara Criminal,2025/000934,Procedimento Especial da Lei Antitóxicos,Tráfico de Drogas e Condutas Afins,2025-07-25,False,2025-08-21,2025-08-22,2025-09-24,,,Público,https://esaj.tjsp.jus.br/cpopg/show.do?processo.codigo=GN0004HV80000&processo.numero=1501696-72.2025.8.26.0599
1501697-57.2025.8.26.0599,10º Promotor de Justiça de Piracicaba,Foro de Piracicaba,2ª Vara Criminal,2025/001129,Procedimento Especial da Lei Antitóxicos,Tráfico de Drogas e Condutas Afins,2025-07-25,False,2025-08-22,2025-09-02,2025-11-17,,,Público,https://esaj.tjsp.jus.br/cpopg/show.do?processo.codigo=GN0004HV90000&processo.numero=1501697-57.2025.8.26.0599
1501701-94.2025.8.26.0599,6º Promotor de Justiça de Piracicaba,Foro de Piracicaba,1ª Vara Criminal,2025/000933,Procedimento Especial da Lei Antitóxicos,Tráfico de Drogas e Condutas Afins,2025-07-25,False,2025-08-22,2025-08-26,2025-09-27,,,Público,https://esaj.tjsp.jus.br/cpopg/show.do?processo.codigo=GN0004HVD0000&processo.numero=1501701-94.2025.8.26.0599
1501703-64.2025.8.26.0599,11º Promotor de Justiça de Piracicaba,Foro de Piracicaba,1ª Vara Criminal,2025/000935,Procedimento Especial da Lei Antitóxicos,Tráfico de Drogas e Condutas Afins,2025-07-25,False,2025-08-22,2025-08-22,2025-11-05,2025-12-10,2025-12-12,Público,https://esaj.tjsp.jus.br/cpopg/show.do?processo.codigo=GN0004HVF0000&processo.numero=1501703-64.2025.8.26.0599
1501685-43.2025.8.26.0599,18º Promotor de Justiça de Piracicaba,Foro de Piracicaba,4ª Vara Criminal,2025/001021,Ação Penal - Procedimento Ordinário,Decorrente de Violência Doméstica,2025-07-24,False,2025-08-19,2025-09-01,2025-08-05,,,Restrito,https://esaj.tjsp.jus.br/cpopg/show.do?processo.codigo=GN0004HUW0000&processo.numero=1501685-43.2025.8.26.0599
1505465-47.2025.8.26.0451,6º Promotor de Justiça de Piracicaba,Foro de Piracicaba,1ª Vara Criminal,2025/000922,Ação Penal - Procedimento Ordinário,Corrupção ativa,2025-07-23,False,2025-12-11,2025-12-11,,,,Público,https://esaj.tjsp.jus.br/cpopg/show.do?processo.codigo=CJ000W6M60000&processo.numero=1505465-47.2025.8.26.0451
1501669-89.2025.8.26.0599,6º Promotor de Justiça de Piracicaba,Foro de Piracicaba,1ª Vara Criminal,2025/000919,Procedimento Especial da Lei Antitóxicos,Tráfico de Drogas e Condutas Afins,2025-07-23,False,2025-08-15,2025-08-18,2025-09-15,2025-11-26,2025-11-26,Público,https://esaj.tjsp.jus.br/cpopg/show.do?processo.codigo=GN0004HUG0000&processo.numero=1501669-89.2025.8.26.0599
1501671-59.2025.8.26.0599,7º Promotor de Justiça de Piracicaba,Foro de Piracicaba,3ª Vara Criminal,2025/000998,Ação Penal - Procedimento Ordinário,Furto,2025-07-23,True,2025-07-29,2025-07-30,,2026-03-04,2026-03-04,Público,https://esaj.tjsp.jus.br/cpopg/show.do?processo.codigo=GN0004HUI0000&processo.numero=1501671-59.2025.8.26.0599
1501672-44.2025.8.26.0599,10º Promotor de Justiça de Piracicaba,Foro de Piracicaba,2ª Vara Criminal,2025/001116,Procedimento Especial da Lei Antitóxicos,Tráfico de Drogas e Condutas Afins,2025-07-23,True,2025-08-19,2025-08-29,2025-10-07,2026-01-30,2026-02-04,Público,https://esaj.tjsp.jus.br/cpopg/show.do?processo.codigo=GN0004HUJ0000&processo.numero=1501672-44.2025.8.26.0599
1505409-14.2025.8.26.0451,7º Promotor de Justiça de Piracicaba,Foro de Piracicaba,3ª Vara Criminal,2025/000985,Ação Penal - Procedimento Ordinário,Crime de Descumprimento de Medida Protetiva  de Urgência,2025-07-22,False,2026-01-22,2026-01-23,,,,Restrito,https://esaj.tjsp.jus.br/cpopg/show.do?processo.codigo=CJ000W6DI0000&processo.numero=1505409-14.2025.8.26.0451
1505417-88.2025.8.26.0451,6º Promotor de Justiça de Piracicaba,Foro de Piracicaba,1ª Vara Criminal,2025/000912,Ação Penal - Procedimento Ordinário,Leve,2025-07-22,False,2026-05-04,2026-05-05,,,,Restrito,https://esaj.tjsp.jus.br/cpopg/show.do?processo.codigo=CJ000W6E10000&processo.numero=1505417-88.2025.8.26.0451
1505418-73.2025.8.26.0451,7º Promotor de Justiça de Piracicaba,Foro de Piracicaba,3ª Vara Criminal,2025/000987,Ação Penal - Procedimento Sumário,Lesão Cometida em Razão da Condição de Mulher,2025-07-22,False,2025-09-23,2025-09-23,,,,Restrito,https://esaj.tjsp.jus.br/cpopg/show.do?processo.codigo=CJ000W6E30000&processo.numero=1505418-73.2025.8.26.0451
1505442-04.2025.8.26.0451,18º Promotor de Justiça de Piracicaba,Foro de Piracicaba,4ª Vara Criminal,2026/000151,Ação Penal - Procedimento Sumaríssimo,Posse de Drogas para Consumo Pessoal,2026-02-03,False,2025-09-11,2026-01-28,2026-03-23,,,Público,https://esaj.tjsp.jus.br/cpopg/show.do?processo.codigo=CJ000W6HR0000&processo.numero=1505442-04.2025.8.26.0451
1501657-75.2025.8.26.0599,2º Promotor de Justiça de Piracicaba,Foro de Piracicaba,Vara do Juri / Execuções,2025/002042,Ação Penal de Competência do Júri,Homicídio Qualificado,2025-07-21,True,2025-07-25,2025-07-24,,,,Público,https://esaj.tjsp.jus.br/cpopg/show.do?processo.codigo=GN0004HU40000&processo.numero=1501657-75.2025.8.26.0599
1505386-68.2025.8.26.0451,6º Promotor de Justiça de Piracicaba,Foro de Piracicaba,1ª Vara Criminal,2025/000899,Ação Penal - Procedimento Ordinário,Roubo,2025-07-21,False,2026-01-09,2026-01-12,,,,Público,https://esaj.tjsp.jus.br/cpopg/show.do?processo.codigo=CJ000W69F0000&processo.numero=1505386-68.2025.8.26.0451
1505390-08.2025.8.26.0451,10º Promotor de Justiça de Piracicaba,Foro de Piracicaba,2ª Vara Criminal,2025/001105,Ação Penal - Procedimento Ordinário,Furto,2025-07-21,False,2026-01-27,2026-02-04,,,,Público,https://esaj.tjsp.jus.br/cpopg/show.do?processo.codigo=CJ000W69Y0000&processo.numero=1505390-08.2025.8.26.0451
1505393-60.2025.8.26.0451,4º Promotor de Justiça de Piracicaba,Foro de Piracicaba,3ª Vara Criminal,2025/000980,Ação Penal - Procedimento Ordinário,Furto,2025-07-21,False,2026-02-04,2026-02-05,,,,Público,https://esaj.tjsp.jus.br/cpopg/show.do?processo.codigo=CJ000W6A40000&processo.numero=1505393-60.2025.8.26.0451
1501651-68.2025.8.26.0599,6º Promotor de Justiça de Piracicaba,Foro de Piracicaba,1ª Vara Criminal,2025/000900,Procedimento Especial da Lei Antitóxicos,Tráfico de Drogas e Condutas Afins,2025-07-21,True,2025-07-30,2025-07-31,2025-08-15,2025-12-02,2025-12-05,Público,https://esaj.tjsp.jus.br/cpopg/show.do?processo.codigo=GN0004HTX0000&processo.numero=1501651-68.2025.8.26.0599
1501654-23.2025.8.26.0599,11º Promotor de Justiça de Piracicaba,Foro de Piracicaba,1ª Vara Criminal,2025/000905,Procedimento Especial da Lei Antitóxicos,Tráfico de Drogas e Condutas Afins,2025-07-21,True,2025-08-12,2025-08-12,2025-09-24,2025-12-19,2026-01-12,Público,https://esaj.tjsp.jus.br/cpopg/show.do?processo.codigo=GN0004HU10000&processo.numero=1501654-23.2025.8.26.0599
1501655-08.2025.8.26.0599,10º Promotor de Justiça de Piracicaba,Foro de Piracicaba,2ª Vara Criminal,2025/001107,Ação Penal - Procedimento Sumário,Crime de Descumprimento de Medida Protetiva  de Urgência,2025-07-21,False,2025-07-28,2025-07-28,2025-08-21,,,Restrito,https://esaj.tjsp.jus.br/cpopg/show.do?processo.codigo=GN0004HU20000&processo.numero=1501655-08.2025.8.26.0599
1501641-24.2025.8.26.0599,7º Promotor de Justiça de Piracicaba,Foro de Piracicaba,3ª Vara Criminal,2025/000977,Procedimento Especial da Lei Antitóxicos,Tráfico de Drogas e Condutas Afins,2025-07-21,True,2025-08-06,2025-08-06,,2026-04-27,2026-04-30,Público,https://esaj.tjsp.jus.br/cpopg/show.do?processo.codigo=GN0004HTM0000&processo.numero=1501641-24.2025.8.26.0599
1501646-46.2025.8.26.0599,18º Promotor de Justiça de Piracicaba,Foro de Piracicaba,4ª Vara Criminal,2025/000997,Procedimento Especial da Lei Antitóxicos,Tráfico de Drogas e Condutas Afins,2025-07-21,False,2025-08-12,2025-08-12,2025-11-17,,,Público,https://esaj.tjsp.jus.br/cpopg/show.do?processo.codigo=GN0004HTS0000&processo.numero=1501646-46.2025.8.26.0599
1501647-31.2025.8.26.0599,9º Promotor de Justiça de Piracicaba,Foro de Piracicaba,2ª Vara Criminal,2025/001091,Procedimento Especial da Lei Antitóxicos,Tráfico de Drogas e Condutas Afins,2025-07-21,False,2025-07-25,2025-07-28,2025-10-27,,,Público,https://esaj.tjsp.jus.br/cpopg/show.do?processo.codigo=GN0004HTT0000&processo.numero=1501647-31.2025.8.26.0599
1501625-70.2025.8.26.0599,10º Promotor de Justiça de Piracicaba,Foro de Piracicaba,2ª Vara Criminal,2025/001095,Procedimento Especial da Lei Antitóxicos,Tráfico de Drogas e Condutas Afins,2025-07-21,True,2025-07-23,2025-07-23,2025-08-22,2025-12-29,,Público,https://esaj.tjsp.jus.br/cpopg/show.do?processo.codigo=GN0004HT60000&processo.numero=1501625-70.2025.8.26.0599
1508444-07.2025.8.26.0378,10º Promotor de Justiça de Piracicaba,Foro de Piracicaba,2ª Vara Criminal,2025/001127,Ação Penal - Procedimento Ordinário,Furto Qualificado,2025-07-25,False,2025-07-20,2025-07-31,2025-08-20,,,Público,https://esaj.tjsp.jus.br/cpopg/show.do?processo.codigo=AI0000FP20000&processo.numero=1508444-07.2025.8.26.0378
1501601-42.2025.8.26.0599,18º Promotor de Justiça de Piracicaba,Foro de Piracicaba,4ª Vara Criminal,2025/000983,Ação Penal - Procedimento Ordinário,Receptação,2025-07-16,False,2025-07-22,2025-07-23,,,,Público,https://esaj.tjsp.jus.br/cpopg/show.do?processo.codigo=GN0004HSH0000&processo.numero=1501601-42.2025.8.26.0599
1501604-94.2025.8.26.0599,7º Promotor de Justiça de Piracicaba,Foro de Piracicaba,3ª Vara Criminal,2025/000969,Procedimento Especial da Lei Antitóxicos,Tráfico de Drogas e Condutas Afins,2025-07-17,True,2025-08-06,2025-08-06,,2026-01-21,2026-01-22,Público,https://esaj.tjsp.jus.br/cpopg/show.do?processo.codigo=GN0004HSL0000&processo.numero=1501604-94.2025.8.26.0599
1505301-82.2025.8.26.0451,9º Promotor de Justiça de Piracicaba,Foro de Piracicaba,2ª Vara Criminal,2025/001064,Ação Penal - Procedimento Ordinário,Extorsão,2025-07-16,False,2025-07-23,2025-07-24,2025-07-31,2026-01-27,2026-02-06,Restrito,https://esaj.tjsp.jus.br/cpopg/show.do?processo.codigo=CJ000W5V40000&processo.numero=1505301-82.2025.8.26.0451
1505314-81.2025.8.26.0451,6º Promotor de Justiça de Piracicaba,Foro de Piracicaba,1ª Vara Criminal,2025/000882,Ação Penal - Procedimento Ordinário,Furto,2025-07-16,False,2025-08-29,2025-10-14,,,,Público,https://esaj.tjsp.jus.br/cpopg/show.do?processo.codigo=CJ000W5W60000&processo.numero=1505314-81.2025.8.26.0451
1505338-12.2025.8.26.0451,7º Promotor de Justiça de Piracicaba,Foro de Piracicaba,3ª Vara Criminal,2025/000967,Ação Penal - Procedimento Ordinário,Estelionato,2025-07-16,False,2026-03-05,2026-03-09,,,,Público,https://esaj.tjsp.jus.br/cpopg/show.do?processo.codigo=CJ000W5YR0000&processo.numero=1505338-12.2025.8.26.0451
1501588-43.2025.8.26.0599,10º Promotor de Justiça de Piracicaba,Foro de Piracicaba,2ª Vara Criminal,2025/001075,Ação Penal - Procedimento Ordinário,Furto Qualificado,2025-07-16,True,2025-07-24,2025-08-04,,2025-10-03,2025-10-07,Público,https://esaj.tjsp.jus.br/cpopg/show.do?processo.codigo=GN0004HS40000&processo.numero=1501588-43.2025.8.26.0599
1501593-65.2025.8.26.0599,18º Promotor de Justiça de Piracicaba,Foro de Piracicaba,4ª Vara Criminal,2025/000981,Procedimento Especial da Lei Antitóxicos,Tráfico de Drogas e Condutas Afins,2025-07-16,True,2025-08-04,2025-08-05,2025-10-10,2026-01-08,2026-01-09,Público,https://esaj.tjsp.jus.br/cpopg/show.do?processo.codigo=GN0004HS90000&processo.numero=1501593-65.2025.8.26.0599
1501594-50.2025.8.26.0599,11º Promotor de Justiça de Piracicaba,Foro de Piracicaba,1ª Vara Criminal,2025/000885,Procedimento Especial da Lei Antitóxicos,Tráfico de Drogas e Condutas Afins,2025-07-16,False,2025-08-13,2025-08-18,2025-09-19,,,Público,https://esaj.tjsp.jus.br/cpopg/show.do?processo.codigo=GN0004HSA0000&processo.numero=1501594-50.2025.8.26.0599
1501579-81.2025.8.26.0599,7º Promotor de Justiça de Piracicaba,Foro de Piracicaba,3ª Vara Criminal,2025/000946,Procedimento Especial da Lei Antitóxicos,Tráfico de Drogas e Condutas Afins,2025-07-14,True,2025-08-06,2025-08-07,2025-09-17,,,Público,https://esaj.tjsp.jus.br/cpopg/show.do?processo.codigo=GN0004HRV0000&processo.numero=1501579-81.2025.8.26.0599
1505099-08.2025.8.26.0451,9º Promotor de Justiça de Piracicaba,Foro de Piracicaba,2ª Vara Criminal,2025/001052,Ação Penal - Procedimento Ordinário,Lesão Cometida em Razão da Condição de Mulher,2025-07-14,True,2025-07-16,2025-07-16,,2025-11-02,2025-11-03,Restrito,https://esaj.tjsp.jus.br/cpopg/show.do?processo.codigo=CJ000W5FC0000&processo.numero=1505099-08.2025.8.26.0451
1505103-45.2025.8.26.0451,6º Promotor de Justiça de Piracicaba,Foro de Piracicaba,1ª Vara Criminal,2025/000861,Ação Penal - Procedimento Ordinário,DIREITO PENAL-Crimes contra a Paz Pública-Dano Qualificado contra a Administração Pública,2025-07-14,False,2025-10-24,2025-10-24,2026-01-09,,,Público,https://esaj.tjsp.jus.br/cpopg/show.do?processo.codigo=CJ000W5FK0000&processo.numero=1505103-45.2025.8.26.0451
1505104-30.2025.8.26.0451,6º Promotor de Justiça de Piracicaba,Foro de Piracicaba,1ª Vara Criminal,2025/000862,Ação Penal - Procedimento Ordinário,Crimes de Trânsito,2025-07-14,False,2025-10-23,2025-11-25,,,,Público,https://esaj.tjsp.jus.br/cpopg/show.do?processo.codigo=CJ000W5FM0000&processo.numero=1505104-30.2025.8.26.0451
1505118-14.2025.8.26.0451,18º Promotor de Justiça de Piracicaba,Foro de Piracicaba,4ª Vara Criminal,2025/000957,Ação Penal - Procedimento Ordinário,Leve,2025-07-14,False,2025-12-18,2025-12-18,,,,Restrito,https://esaj.tjsp.jus.br/cpopg/show.do?processo.codigo=CJ000W5GD0000&processo.numero=1505118-14.2025.8.26.0451
1505120-81.2025.8.26.0451,9º Promotor de Justiça de Piracicaba,Foro de Piracicaba,2ª Vara Criminal,2025/001044,Ação Penal - Procedimento Ordinário,Lesão Cometida em Razão da Condição de Mulher,2025-07-14,False,2026-01-19,2026-01-20,,,,Restrito,https://esaj.tjsp.jus.br/cpopg/show.do?processo.codigo=CJ000W5GG0000&processo.numero=1505120-81.2025.8.26.0451
1501578-96.2025.8.26.0599,6º Promotor de Justiça de Piracicaba,Foro de Piracicaba,1ª Vara Criminal,2025/000870,Ação Penal - Procedimento Ordinário,Adulteração de Sinal Identificador de Veículo Automotor,2025-07-14,False,2025-07-22,2025-07-23,,,,Público,https://esaj.tjsp.jus.br/cpopg/show.do?processo.codigo=GN0004HRU0000&processo.numero=1501578-96.2025.8.26.0599
1501570-22.2025.8.26.0599,7º Promotor de Justiça de Piracicaba,Foro de Piracicaba,3ª Vara Criminal,2025/000937,Ação Penal - Procedimento Ordinário,Importunação Sexual,2025-07-14,False,2025-08-04,2025-10-25,,,,Restrito,https://esaj.tjsp.jus.br/cpopg/show.do?processo.codigo=GN0004HRK0000&processo.numero=1501570-22.2025.8.26.0599
1501572-89.2025.8.26.0599,18º Promotor de Justiça de Piracicaba,Foro de Piracicaba,4ª Vara Criminal,2025/000951,Procedimento Especial da Lei Antitóxicos,Tráfico de Drogas e Condutas Afins,2025-07-14,False,2025-08-04,2025-08-05,2025-12-08,,,Público,https://esaj.tjsp.jus.br/cpopg/show.do?processo.codigo=GN0004HRM0000&processo.numero=1501572-89.2025.8.26.0599
1501575-44.2025.8.26.0599,10º Promotor de Justiça de Piracicaba,Foro de Piracicaba,2ª Vara Criminal,2025/001038,Procedimento Especial da Lei Antitóxicos,Tráfico de Drogas e Condutas Afins,2025-07-14,False,2025-08-06,2025-08-06,2025-09-19,,,Público,https://esaj.tjsp.jus.br/cpopg/show.do?processo.codigo=GN0004HRQ0000&processo.numero=1501575-44.2025.8.26.0599
1501562-45.2025.8.26.0599,10º Promotor de Justiça de Piracicaba,Foro de Piracicaba,2ª Vara Criminal,2025/001039,Ação Penal - Procedimento Ordinário,Leve,2025-07-14,False,2025-07-17,2026-02-23,,,,Restrito,https://esaj.tjsp.jus.br/cpopg/show.do?processo.codigo=GN0004HRD0000&processo.numero=1501562-45.2025.8.26.0599
1501564-15.2025.8.26.0599,18º Promotor de Justiça de Piracicaba,Foro de Piracicaba,4ª Vara Criminal,2025/000953,Ação Penal - Procedimento Sumário,Decorrente de Violência Doméstica,2025-07-14,False,2025-07-28,2025-07-28,2025-10-10,,,Restrito,https://esaj.tjsp.jus.br/cpopg/show.do?processo.codigo=GN0004HRF0000&processo.numero=1501564-15.2025.8.26.0599
1501568-52.2025.8.26.0599,6º Promotor de Justiça de Piracicaba,Foro de Piracicaba,1ª Vara Criminal,2025/000863,Ação Penal - Procedimento Ordinário,Furto Qualificado,2025-07-14,False,2025-07-17,2025-07-17,,2026-02-27,2026-03-16,Público,https://esaj.tjsp.jus.br/cpopg/show.do?processo.codigo=GN0004HRI0000&processo.numero=1501568-52.2025.8.26.0599
1505071-40.2025.8.26.0451,9º Promotor de Justiça de Piracicaba,Foro de Piracicaba,2ª Vara Criminal,2025/001613,Procedimento Especial da Lei Antitóxicos,Posse de Drogas para Consumo Pessoal,2025-10-28,False,,2025-10-22,2025-12-03,,,Público,https://esaj.tjsp.jus.br/cpopg/show.do?processo.codigo=CJ000W5D50000&processo.numero=1505071-40.2025.8.26.0451
1501545-09.2025.8.26.0599,9º Promotor de Justiça de Piracicaba,Foro de Piracicaba,2ª Vara Criminal,2025/001023,Ação Penal - Procedimento Sumário,Ameaça,2025-07-10,False,2025-08-04,2025-08-05,,,,Restrito,https://esaj.tjsp.jus.br/cpopg/show.do?processo.codigo=GN0004HQW0000&processo.numero=1501545-09.2025.8.26.0599
1501546-91.2025.8.26.0599,6º Promotor de Justiça de Piracicaba,Foro de Piracicaba,1ª Vara Criminal,2025/000850,Procedimento Especial da Lei Antitóxicos,Tráfico de Drogas e Condutas Afins,2025-07-10,True,2025-07-17,2025-07-17,2025-08-13,2025-11-06,2025-11-07,Público,https://esaj.tjsp.jus.br/cpopg/show.do?processo.codigo=GN0004HQX0000&processo.numero=1501546-91.2025.8.26.0599
1505033-28.2025.8.26.0451,13º Promotor de Justiça de Piracicaba,Foro de Piracicaba,Vara do Juizado Especial Cível e Criminal,2025/001681,Ação Penal - Procedimento Sumaríssimo,Resistência,2025-07-10,False,,2025-07-15,,2026-02-25,2026-02-27,Público,https://esaj.tjsp.jus.br/cpopg/show.do?processo.codigo=CJ000W55O0000&processo.numero=1505033-28.2025.8.26.0451
1501543-39.2025.8.26.0599,9º Promotor de Justiça de Piracicaba,Foro de Piracicaba,2ª Vara Criminal,2025/001024,Procedimento Especial da Lei Antitóxicos,Tráfico de Drogas e Condutas Afins,2025-07-10,True,2025-07-17,2025-07-22,2025-08-29,,,Público,https://esaj.tjsp.jus.br/cpopg/show.do?processo.codigo=GN0004HQU0000&processo.numero=1501543-39.2025.8.26.0599
1501513-04.2025.8.26.0599,18º Promotor de Justiça de Piracicaba,Foro de Piracicaba,4ª Vara Criminal,2025/000927,Ação Penal - Procedimento Ordinário,Furto Qualificado,2025-07-08,False,2025-07-14,2025-07-16,,,,Público,https://esaj.tjsp.jus.br/cpopg/show.do?processo.codigo=GN0004HPU0000&processo.numero=1501513-04.2025.8.26.0599
1501514-86.2025.8.26.0599,6º Promotor de Justiça de Piracicaba,Foro de Piracicaba,1ª Vara Criminal,2025/000843,Ação Penal - Procedimento Ordinário,Roubo,2025-07-08,True,2025-07-14,2025-07-15,,2026-02-12,2026-02-19,Público,https://esaj.tjsp.jus.br/cpopg/show.do?processo.codigo=GN0004HPV0000&processo.numero=1501514-86.2025.8.26.0599
1501515-71.2025.8.26.0599,10º Promotor de Justiça de Piracicaba,Foro de Piracicaba,2ª Vara Criminal,2025/001016,Ação Penal - Procedimento Ordinário,Furto Qualificado,2025-07-08,False,2025-07-14,2025-07-15,,,,Público,https://esaj.tjsp.jus.br/cpopg/show.do?processo.codigo=GN0004HPW0000&processo.numero=1501515-71.2025.8.26.0599
1501518-26.2025.8.26.0599,18º Promotor de Justiça de Piracicaba,Foro de Piracicaba,4ª Vara Criminal,2025/000931,Ação Penal - Procedimento Sumário,Resistência,2025-07-10,False,2025-07-14,2026-03-13,,,,Público,https://esaj.tjsp.jus.br/cpopg/show.do?processo.codigo=GN0004HQ00000&processo.numero=1501518-26.2025.8.26.0599
1501522-63.2025.8.26.0599,10º Promotor de Justiça de Piracicaba,Foro de Piracicaba,2ª Vara Criminal,2025/001019,Procedimento Especial da Lei Antitóxicos,Tráfico de Drogas e Condutas Afins,2025-07-10,False,2025-08-05,2025-08-12,,2025-10-20,2025-10-23,Público,https://esaj.tjsp.jus.br/cpopg/show.do?processo.codigo=GN0004HQ40000&processo.numero=1501522-63.2025.8.26.0599
1501526-03.2025.8.26.0599,10º Promotor de Justiça de Piracicaba,Foro de Piracicaba,2ª Vara Criminal,2025/001018,Procedimento Especial da Lei Antitóxicos,Tráfico de Drogas e Condutas Afins,2025-07-10,False,2025-07-17,2025-07-18,2025-08-21,,2026-04-24,Público,https://esaj.tjsp.jus.br/cpopg/show.do?processo.codigo=GN0004HQ80000&processo.numero=1501526-03.2025.8.26.0599
1501534-77.2025.8.26.0599,4º Promotor de Justiça de Piracicaba,Foro de Piracicaba,3ª Vara Criminal,2025/000921,Procedimento Especial da Lei Antitóxicos,Tráfico de Drogas e Condutas Afins,2025-07-10,False,2025-08-05,2025-08-06,2025-08-13,,,Público,https://esaj.tjsp.jus.br/cpopg/show.do?processo.codigo=GN0004HQG0000&processo.numero=1501534-77.2025.8.26.0599
1501496-65.2025.8.26.0599,9º Promotor de Justiça de Piracicaba,Foro de Piracicaba,2ª Vara Criminal,2025/001012,Ação Penal - Procedimento Sumário,Ameaça,2025-07-07,False,2025-07-10,2025-07-14,,,,Restrito,https://esaj.tjsp.jus.br/cpopg/show.do?processo.codigo=GN0004HP80000&processo.numero=1501496-65.2025.8.26.0599
1501498-35.2025.8.26.0599,6º Promotor de Justiça de Piracicaba,Foro de Piracicaba,1ª Vara Criminal,2025/000840,Procedimento Especial da Lei Antitóxicos,Tráfico de Drogas e Condutas Afins,2025-07-07,True,2025-07-17,2025-07-18,2025-08-11,2025-12-15,2025-12-17,Público,https://esaj.tjsp.jus.br/cpopg/show.do?processo.codigo=GN0004HPA0000&processo.numero=1501498-35.2025.8.26.0599
1501499-20.2025.8.26.0599,9º Promotor de Justiça de Piracicaba,Foro de Piracicaba,2ª Vara Criminal,2025/001013,Ação Penal - Procedimento Ordinário,Ameaça,2025-07-07,False,2025-07-16,2025-07-22,,,,Restrito,https://esaj.tjsp.jus.br/cpopg/show.do?processo.codigo=GN0004HPB0000&processo.numero=1501499-20.2025.8.26.0599
1501504-42.2025.8.26.0599,9º Promotor de Justiça de Piracicaba,Foro de Piracicaba,2ª Vara Criminal,2025/001010,Ação Penal - Procedimento Ordinário,"Intolerância e/ou Injúria Racial, de Cor e/ou Etnia",2025-07-07,False,2025-08-04,2025-08-05,,,,Público,https://esaj.tjsp.jus.br/cpopg/show.do?processo.codigo=GN0004HPL0000&processo.numero=1501504-42.2025.8.26.0599
1501507-94.2025.8.26.0599,9º Promotor de Justiça de Piracicaba,Foro de Piracicaba,2ª Vara Criminal,2025/001011,Ação Penal - Procedimento Ordinário,Receptação,2025-07-07,False,2025-08-13,2025-08-13,,,,Público,https://esaj.tjsp.jus.br/cpopg/show.do?processo.codigo=GN0004HPO0000&processo.numero=1501507-94.2025.8.26.0599
1501493-13.2025.8.26.0599,18º Promotor de Justiça de Piracicaba,Foro de Piracicaba,4ª Vara Criminal,2025/000925,Procedimento Especial da Lei Antitóxicos,Tráfico de Drogas e Condutas Afins,2025-07-07,False,2025-07-18,2025-07-18,,,,Público,https://esaj.tjsp.jus.br/cpopg/show.do?processo.codigo=GN0004HP50000&processo.numero=1501493-13.2025.8.26.0599
1501495-80.2025.8.26.0599,4º Promotor de Justiça de Piracicaba,Foro de Piracicaba,3ª Vara Criminal,2025/000914,Ação Penal - Procedimento Ordinário,Furto Qualificado,2025-07-07,False,2025-07-12,2026-03-27,,,,Público,https://esaj.tjsp.jus.br/cpopg/show.do?processo.codigo=GN0004HP70000&processo.numero=1501495-80.2025.8.26.0599
1501483-66.2025.8.26.0599,9º Promotor de Justiça de Piracicaba,Foro de Piracicaba,2ª Vara Criminal,2025/001003,Procedimento Especial da Lei Antitóxicos,Tráfico de Drogas e Condutas Afins,2025-07-04,False,2025-07-16,2025-07-16,2025-08-18,2025-12-29,2026-01-07,Público,https://esaj.tjsp.jus.br/cpopg/show.do?processo.codigo=GN0004HOV0000&processo.numero=1501483-66.2025.8.26.0599
1504946-72.2025.8.26.0451,6º Promotor de Justiça de Piracicaba,Foro de Piracicaba,1ª Vara Criminal,2025/000832,Procedimento Especial da Lei Antitóxicos,Tráfico de Drogas e Condutas Afins,2025-07-04,False,2025-12-02,2025-12-03,2026-03-10,,,Público,https://esaj.tjsp.jus.br/cpopg/show.do?processo.codigo=CJ000W4QW0000&processo.numero=1504946-72.2025.8.26.0451
1501473-22.2025.8.26.0599,9º Promotor de Justiça de Piracicaba,Foro de Piracicaba,2ª Vara Criminal,2025/001001,Procedimento Especial da Lei Antitóxicos,Tráfico de Drogas e Condutas Afins,2025-07-03,True,2025-07-31,2025-08-05,2025-08-28,2025-12-26,2026-01-07,Público,https://esaj.tjsp.jus.br/cpopg/show.do?processo.codigo=GN0004HOL0000&processo.numero=1501473-22.2025.8.26.0599
1502842-15.2025.8.26.0320,6º Promotor de Justiça de Piracicaba,Foro de Piracicaba,1ª Vara Criminal,2026/000282,Ação Penal - Procedimento Ordinário,Atentado Violento ao Pudor,2026-03-06,False,2025-08-14,2025-12-12,,,,Restrito,https://esaj.tjsp.jus.br/cpopg/show.do?processo.codigo=8W000FTZM0000&processo.numero=1502842-15.2025.8.26.0320
1501462-90.2025.8.26.0599,7º Promotor de Justiça de Piracicaba,Foro de Piracicaba,3ª Vara Criminal,2025/000896,Procedimento Especial da Lei Antitóxicos,Tráfico de Drogas e Condutas Afins,2025-07-02,False,2025-07-21,2025-07-22,,,,Público,https://esaj.tjsp.jus.br/cpopg/show.do?processo.codigo=GN0004HO80000&processo.numero=1501462-90.2025.8.26.0599
1501464-60.2025.8.26.0599,6º Promotor de Justiça de Piracicaba,Foro de Piracicaba,1ª Vara Criminal,2025/000830,Procedimento Especial da Lei Antitóxicos,Tráfico de Drogas e Condutas Afins,2025-07-03,False,2025-07-21,2025-07-22,2025-10-08,,,Público,https://esaj.tjsp.jus.br/cpopg/show.do?processo.codigo=GN0004HOA0000&processo.numero=1501464-60.2025.8.26.0599
1501452-46.2025.8.26.0599,6º Promotor de Justiça de Piracicaba,Foro de Piracicaba,1ª Vara Criminal,2025/000822,Procedimento Especial da Lei Antitóxicos,Tráfico de Drogas e Condutas Afins,2025-07-01,False,2025-07-10,2025-07-14,2025-08-04,,,Público,https://esaj.tjsp.jus.br/cpopg/show.do?processo.codigo=GN0004HNX0000&processo.numero=1501452-46.2025.8.26.0599
1501460-23.2025.8.26.0599,10º Promotor de Justiça de Piracicaba,Foro de Piracicaba,2ª Vara Criminal,2025/000995,Procedimento Especial da Lei Antitóxicos,Tráfico de Drogas e Condutas Afins,2025-07-02,True,2025-07-16,2025-07-18,2025-08-19,2025-12-11,2025-12-12,Público,https://esaj.tjsp.jus.br/cpopg/show.do?processo.codigo=GN0004HO60000&processo.numero=1501460-23.2025.8.26.0599
1504884-32.2025.8.26.0451,10º Promotor de Justiça de Piracicaba,Foro de Piracicaba,2ª Vara Criminal,2025/000989,Ação Penal - Procedimento Sumaríssimo,Crimes de Trânsito,2025-07-01,False,2026-01-02,2026-01-22,,,,Público,https://esaj.tjsp.jus.br/cpopg/show.do?processo.codigo=CJ000W4E70000&processo.numero=1504884-32.2025.8.26.0451
1501442-02.2025.8.26.0599,9º Promotor de Justiça de Piracicaba,Foro de Piracicaba,2ª Vara Criminal,2025/000984,Ação Penal - Procedimento Ordinário,Ameaça,2025-06-30,False,2025-07-28,2025-08-01,,,,Restrito,https://esaj.tjsp.jus.br/cpopg/show.do?processo.codigo=GN0004HNN0000&processo.numero=1501442-02.2025.8.26.0599
1501428-18.2025.8.26.0599,6º Promotor de Justiça de Piracicaba,Foro de Piracicaba,1ª Vara Criminal,2025/000813,Procedimento Especial da Lei Antitóxicos,Tráfico de Drogas e Condutas Afins,2025-06-29,False,2025-07-16,2025-07-16,2025-08-22,2026-03-26,2026-03-27,Público,https://esaj.tjsp.jus.br/cpopg/show.do?processo.codigo=GN0004HN60000&processo.numero=1501428-18.2025.8.26.0599
1501429-03.2025.8.26.0599,10º Promotor de Justiça de Piracicaba,Foro de Piracicaba,2ª Vara Criminal,2025/000977,Procedimento Especial da Lei Antitóxicos,Tráfico de Drogas e Condutas Afins,2025-06-29,True,2025-07-03,2025-07-07,2025-08-04,2026-01-20,2026-01-21,Público,https://esaj.tjsp.jus.br/cpopg/show.do?processo.codigo=GN0004HN70000&processo.numero=1501429-03.2025.8.26.0599
1501438-62.2025.8.26.0599,9º Promotor de Justiça de Piracicaba,Foro de Piracicaba,2ª Vara Criminal,2025/000981,Ação Penal - Procedimento Sumário,Ameaça,2025-06-30,False,2025-06-30,2025-07-03,,2025-11-06,2025-11-10,Restrito,https://esaj.tjsp.jus.br/cpopg/show.do?processo.codigo=GN0004HNJ0000&processo.numero=1501438-62.2025.8.26.0599
1504756-12.2025.8.26.0451,13º Promotor de Justiça de Piracicaba,Foro de Piracicaba,Vara do Juizado Especial Cível e Criminal,2025/001658,Termo Circunstanciado,Resistência,2025-06-28,False,,2026-02-18,,,,Público,https://esaj.tjsp.jus.br/cpopg/show.do?processo.codigo=CJ000W43F0000&processo.numero=1504756-12.2025.8.26.0451
1504763-04.2025.8.26.0451,6º Promotor de Justiça de Piracicaba,Foro de Piracicaba,1ª Vara Criminal,2025/000811,Ação Penal - Procedimento Sumário,Leve,2025-06-28,False,2025-09-05,2025-09-09,,,,Restrito,https://esaj.tjsp.jus.br/cpopg/show.do?processo.codigo=CJ000W43L0000&processo.numero=1504763-04.2025.8.26.0451
0005526-79.2025.8.26.0451,6º Promotor de Justiça de Piracicaba,Foro de Piracicaba,1ª Vara Criminal,2025/000803,Ação Penal - Procedimento Ordinário,Crimes Previstos no Estatuto da criança e do adolescente,2025-06-27,False,2025-10-21,2025-11-27,2026-01-27,,,Restrito,https://esaj.tjsp.jus.br/cpopg/show.do?processo.codigo=CJ000W41E0000&processo.numero=0005526-79.2025.8.26.0451
1501407-42.2025.8.26.0599,7º Promotor de Justiça de Piracicaba,Foro de Piracicaba,3ª Vara Criminal,2025/000878,Ação Penal - Procedimento Ordinário,Roubo,2025-06-27,False,2025-07-03,2025-07-04,,,,Público,https://esaj.tjsp.jus.br/cpopg/show.do?processo.codigo=GN0004HMM0000&processo.numero=1501407-42.2025.8.26.0599
1501409-12.2025.8.26.0599,9º Promotor de Justiça de Piracicaba,Foro de Piracicaba,2ª Vara Criminal,2025/000971,Procedimento Especial da Lei Antitóxicos,Tráfico de Drogas e Condutas Afins,2025-06-27,True,2025-07-21,2025-07-24,,2025-11-19,2025-11-24,Público,https://esaj.tjsp.jus.br/cpopg/show.do?processo.codigo=GN0004HMO0000&processo.numero=1501409-12.2025.8.26.0599
1504728-44.2025.8.26.0451,6º Promotor de Justiça de Piracicaba,Foro de Piracicaba,1ª Vara Criminal,2025/000802,Ação Penal - Procedimento Ordinário,Furto Qualificado,2025-06-27,False,2026-05-11,2026-05-13,,,,Público,https://esaj.tjsp.jus.br/cpopg/show.do?processo.codigo=CJ000W4090000&processo.numero=1504728-44.2025.8.26.0451
1504740-58.2025.8.26.0451,13º Promotor de Justiça de Piracicaba,Foro de Piracicaba,Vara do Juizado Especial Cível e Criminal,2025/001654,Termo Circunstanciado,Posse de Drogas para Consumo Pessoal,2025-06-27,False,,2026-03-05,,,,Público,https://esaj.tjsp.jus.br/cpopg/show.do?processo.codigo=CJ000W42G0000&processo.numero=1504740-58.2025.8.26.0451
1504751-87.2025.8.26.0451,6º Promotor de Justiça de Piracicaba,Foro de Piracicaba,1ª Vara Criminal,2025/000809,Ação Penal - Procedimento Ordinário,Incêndio,2025-06-27,False,2026-05-11,2026-05-12,,,,Público,https://esaj.tjsp.jus.br/cpopg/show.do?processo.codigo=CJ000W4320000&processo.numero=1504751-87.2025.8.26.0451
1501396-13.2025.8.26.0599,4º Promotor de Justiça de Piracicaba,Foro de Piracicaba,3ª Vara Criminal,2025/000872,Ação Penal - Procedimento Ordinário,Roubo Majorado,2025-06-26,False,2025-06-30,2025-07-03,,,,Público,https://esaj.tjsp.jus.br/cpopg/show.do?processo.codigo=GN0004HM90000&processo.numero=1501396-13.2025.8.26.0599
1501383-14.2025.8.26.0599,6º Promotor de Justiça de Piracicaba,Foro de Piracicaba,1ª Vara Criminal,2025/000792,Ação Penal - Procedimento Sumário,Lesão Cometida em Razão da Condição de Mulher,2025-06-25,False,2025-07-01,2025-07-01,,,,Restrito,https://esaj.tjsp.jus.br/cpopg/show.do?processo.codigo=GN0004HLW0000&processo.numero=1501383-14.2025.8.26.0599
1501384-96.2025.8.26.0599,7º Promotor de Justiça de Piracicaba,Foro de Piracicaba,3ª Vara Criminal,2025/000865,Ação Penal - Procedimento Ordinário,Roubo Majorado,2025-06-25,True,2025-06-27,2025-06-30,,,,Público,https://esaj.tjsp.jus.br/cpopg/show.do?processo.codigo=GN0004HLX0000&processo.numero=1501384-96.2025.8.26.0599
1501388-36.2025.8.26.0599,11º Promotor de Justiça de Piracicaba,Foro de Piracicaba,1ª Vara Criminal,2025/000796,Ação Penal - Procedimento Ordinário,Receptação,2025-06-26,False,2025-07-01,2025-07-03,,,,Público,https://esaj.tjsp.jus.br/cpopg/show.do?processo.codigo=GN0004HM10000&processo.numero=1501388-36.2025.8.26.0599
1504645-28.2025.8.26.0451,13º Promotor de Justiça de Piracicaba,Foro de Piracicaba,Vara do Juizado Especial Cível e Criminal,2025/001636,Termo Circunstanciado,Ameaça,2025-06-25,False,,2025-09-02,,2026-04-24,,Público,https://esaj.tjsp.jus.br/cpopg/show.do?processo.codigo=CJ000W3PN0000&processo.numero=1504645-28.2025.8.26.0451
1504670-41.2025.8.26.0451,11º Promotor de Justiça de Piracicaba,Foro de Piracicaba,1ª Vara Criminal,2025/000787,Ação Penal - Procedimento Ordinário,Roubo,2025-06-25,True,2025-07-01,2025-07-02,,2025-12-18,2025-12-19,Restrito,https://esaj.tjsp.jus.br/cpopg/show.do?processo.codigo=CJ000W3S70000&processo.numero=1504670-41.2025.8.26.0451
1504676-48.2025.8.26.0451,18º Promotor de Justiça de Piracicaba,Foro de Piracicaba,4ª Vara Criminal,2025/000875,Procedimento Especial da Lei Antitóxicos,Tráfico de Drogas e Condutas Afins,2025-06-25,True,2025-07-16,2025-07-18,2025-07-30,,,Público,https://esaj.tjsp.jus.br/cpopg/show.do?processo.codigo=CJ000W3SX0000&processo.numero=1504676-48.2025.8.26.0451
1504677-33.2025.8.26.0451,7º Promotor de Justiça de Piracicaba,Foro de Piracicaba,3ª Vara Criminal,2025/000866,Ação Penal - Procedimento Ordinário,Falso testemunho ou falsa perícia,2025-06-25,False,2025-09-19,2025-09-23,,,,Público,https://esaj.tjsp.jus.br/cpopg/show.do?processo.codigo=CJ000W3SY0000&processo.numero=1504677-33.2025.8.26.0451
1501376-22.2025.8.26.0599,4º Promotor de Justiça de Piracicaba,Foro de Piracicaba,3ª Vara Criminal,2025/000864,Procedimento Especial da Lei Antitóxicos,Tráfico de Drogas e Condutas Afins,2025-06-25,True,2025-07-16,2025-07-21,2025-08-18,2026-01-20,2026-01-21,Público,https://esaj.tjsp.jus.br/cpopg/show.do?processo.codigo=GN0004HLP0000&processo.numero=1501376-22.2025.8.26.0599
1501377-07.2025.8.26.0599,10º Promotor de Justiça de Piracicaba,Foro de Piracicaba,2ª Vara Criminal,2025/000957,Ação Penal - Procedimento Ordinário,Receptação,2025-06-25,False,2025-07-22,2025-08-18,,,,Público,https://esaj.tjsp.jus.br/cpopg/show.do?processo.codigo=GN0004HLQ0000&processo.numero=1501377-07.2025.8.26.0599
1504529-22.2025.8.26.0451,11º Promotor de Justiça de Piracicaba,Foro de Piracicaba,1ª Vara Criminal,2025/000768,Ação Penal - Procedimento Sumário,Ameaça,2025-06-24,False,2026-05-04,2026-05-05,,,,Restrito,https://esaj.tjsp.jus.br/cpopg/show.do?processo.codigo=CJ000W3GJ0000&processo.numero=1504529-22.2025.8.26.0451
1504534-44.2025.8.26.0451,9º Promotor de Justiça de Piracicaba,Foro de Piracicaba,2ª Vara Criminal,2025/001084,Ação Penal - Procedimento Ordinário,Ameaça,2025-07-18,False,2025-11-03,2025-11-05,,,,Restrito,https://esaj.tjsp.jus.br/cpopg/show.do?processo.codigo=CJ000W3GT0000&processo.numero=1504534-44.2025.8.26.0451
1504571-71.2025.8.26.0451,18º Promotor de Justiça de Piracicaba,Foro de Piracicaba,4ª Vara Criminal,2025/000857,Ação Penal - Procedimento Sumário,Ameaça,2025-06-24,False,2025-09-01,2025-09-03,,,,Restrito,https://esaj.tjsp.jus.br/cpopg/show.do?processo.codigo=CJ000W3JB0000&processo.numero=1504571-71.2025.8.26.0451
1504591-62.2025.8.26.0451,18º Promotor de Justiça de Piracicaba,Foro de Piracicaba,4ª Vara Criminal,2025/000859,Ação Penal - Procedimento Sumário,Ameaça,2025-06-24,False,2026-01-21,2026-01-27,,,,Restrito,https://esaj.tjsp.jus.br/cpopg/show.do?processo.codigo=CJ000W3JU0000&processo.numero=1504591-62.2025.8.26.0451
1504604-61.2025.8.26.0451,6º Promotor de Justiça de Piracicaba,Foro de Piracicaba,1ª Vara Criminal,2025/000781,Ação Penal - Procedimento Ordinário,Roubo,2025-06-24,False,2025-12-11,2025-12-11,,,,Público,https://esaj.tjsp.jus.br/cpopg/show.do?processo.codigo=CJ000W3MQ0000&processo.numero=1504604-61.2025.8.26.0451
1501366-75.2025.8.26.0599,18º Promotor de Justiça de Piracicaba,Foro de Piracicaba,4ª Vara Criminal,2025/000843,Procedimento Especial da Lei Antitóxicos,Tráfico de Drogas e Condutas Afins,2025-06-23,False,2025-07-23,2025-07-23,2025-09-05,,,Público,https://esaj.tjsp.jus.br/cpopg/show.do?processo.codigo=GN0004HLA0000&processo.numero=1501366-75.2025.8.26.0599
1501367-60.2025.8.26.0599,10º Promotor de Justiça de Piracicaba,Foro de Piracicaba,2ª Vara Criminal,2025/000927,Procedimento Especial da Lei Antitóxicos,Tráfico de Drogas e Condutas Afins,2025-06-23,True,2025-07-17,2025-07-18,,2025-12-03,2025-12-03,Público,https://esaj.tjsp.jus.br/cpopg/show.do?processo.codigo=GN0004HLB0000&processo.numero=1501367-60.2025.8.26.0599
1501358-98.2025.8.26.0599,6º Promotor de Justiça de Piracicaba,Foro de Piracicaba,1ª Vara Criminal,2025/000753,Ação Penal - Procedimento Sumário,Lesão Cometida em Razão da Condição de Mulher,2025-06-23,False,2025-06-23,2025-06-24,,,,Restrito,https://esaj.tjsp.jus.br/cpopg/show.do?processo.codigo=GN0004HL00000&processo.numero=1501358-98.2025.8.26.0599
1501362-38.2025.8.26.0599,7º Promotor de Justiça de Piracicaba,Foro de Piracicaba,3ª Vara Criminal,2025/000827,Procedimento Especial da Lei Antitóxicos,Tráfico de Drogas e Condutas Afins,2025-06-23,False,2025-06-26,2025-06-30,,,,Público,https://esaj.tjsp.jus.br/cpopg/show.do?processo.codigo=GN0004HL40000&processo.numero=1501362-38.2025.8.26.0599
1501349-39.2025.8.26.0599,6º Promotor de Justiça de Piracicaba,Foro de Piracicaba,1ª Vara Criminal,2025/000750,Procedimento Especial da Lei Antitóxicos,Tráfico de Drogas e Condutas Afins,2025-06-23,True,2025-07-18,2025-07-18,2025-08-07,2025-11-03,2025-11-03,Público,https://esaj.tjsp.jus.br/cpopg/show.do?processo.codigo=GN0004HKQ0000&processo.numero=1501349-39.2025.8.26.0599
1501354-61.2025.8.26.0599,4º Promotor de Justiça de Piracicaba,Foro de Piracicaba,3ª Vara Criminal,2025/000822,Procedimento Especial da Lei Antitóxicos,Tráfico de Drogas e Condutas Afins,2025-06-23,False,2025-07-14,2025-07-21,,,,Público,https://esaj.tjsp.jus.br/cpopg/show.do?processo.codigo=GN0004HKW0000&processo.numero=1501354-61.2025.8.26.0599
1501332-03.2025.8.26.0599,9º Promotor de Justiça de Piracicaba,Foro de Piracicaba,2ª Vara Criminal,2025/000914,Procedimento Especial da Lei Antitóxicos,Tráfico de Drogas e Condutas Afins,2025-06-23,False,2025-06-27,2025-07-03,2025-08-25,,,Público,https://esaj.tjsp.jus.br/cpopg/show.do?processo.codigo=GN0004HK70000&processo.numero=1501332-03.2025.8.26.0599
1501339-92.2025.8.26.0599,7º Promotor de Justiça de Piracicaba,Foro de Piracicaba,3ª Vara Criminal,2025/000829,Procedimento Especial da Lei Antitóxicos,Tráfico de Drogas e Condutas Afins,2025-06-23,True,2025-07-11,2025-07-14,2025-08-08,2025-12-06,2025-12-09,Público,https://esaj.tjsp.jus.br/cpopg/show.do?processo.codigo=GN0004HKE0000&processo.numero=1501339-92.2025.8.26.0599
1501342-47.2025.8.26.0599,11º Promotor de Justiça de Piracicaba,Foro de Piracicaba,1ª Vara Criminal,2025/000746,Ação Penal - Procedimento Ordinário,Furto,2025-06-23,False,2025-06-27,2025-06-30,,,,Público,https://esaj.tjsp.jus.br/cpopg/show.do?processo.codigo=GN0004HKJ0000&processo.numero=1501342-47.2025.8.26.0599
1501321-71.2025.8.26.0599,11º Promotor de Justiça de Piracicaba,Foro de Piracicaba,1ª Vara Criminal,2025/000747,Procedimento Especial da Lei Antitóxicos,Tráfico de Drogas e Condutas Afins,2025-06-23,True,2025-07-11,2025-07-14,2025-08-18,2025-11-11,2025-11-13,Público,https://esaj.tjsp.jus.br/cpopg/show.do?processo.codigo=GN0004HJT0000&processo.numero=1501321-71.2025.8.26.0599
1501322-56.2025.8.26.0599,11º Promotor de Justiça de Piracicaba,Foro de Piracicaba,1ª Vara Criminal,2025/000754,Procedimento Especial da Lei Antitóxicos,Tráfico de Drogas e Condutas Afins,2025-06-23,True,2025-07-14,2025-07-15,2025-08-08,2025-11-06,2025-11-07,Público,https://esaj.tjsp.jus.br/cpopg/show.do?processo.codigo=GN0004HJU0000&processo.numero=1501322-56.2025.8.26.0599
1501329-48.2025.8.26.0599,18º Promotor de Justiça de Piracicaba,Foro de Piracicaba,4ª Vara Criminal,2025/000827,Procedimento Especial da Lei Antitóxicos,Tráfico de Drogas e Condutas Afins,2025-06-23,False,2025-07-11,2025-07-14,2025-08-27,,,Público,https://esaj.tjsp.jus.br/cpopg/show.do?processo.codigo=GN0004HK40000&processo.numero=1501329-48.2025.8.26.0599
1504146-44.2025.8.26.0451,13º Promotor de Justiça de Piracicaba,Foro de Piracicaba,Vara do Juizado Especial Cível e Criminal,2025/001611,Ação Penal - Procedimento Sumaríssimo,Crimes de Trânsito,2025-06-19,False,,2025-09-16,,,,Público,https://esaj.tjsp.jus.br/cpopg/show.do?processo.codigo=CJ000W2ZD0000&processo.numero=1504146-44.2025.8.26.0451
1501301-80.2025.8.26.0599,9º Promotor de Justiça de Piracicaba,Foro de Piracicaba,2ª Vara Criminal,2025/000902,Procedimento Especial da Lei Antitóxicos,Tráfico de Drogas e Condutas Afins,2025-06-18,True,2025-06-26,2025-06-27,,2026-01-14,2026-02-13,Público,https://esaj.tjsp.jus.br/cpopg/show.do?processo.codigo=GN0004HJ90000&processo.numero=1501301-80.2025.8.26.0599
1501306-05.2025.8.26.0599,18º Promotor de Justiça de Piracicaba,Foro de Piracicaba,4ª Vara Criminal,2025/000825,Procedimento Especial da Lei Antitóxicos,Tráfico de Drogas e Condutas Afins,2025-06-23,False,2025-07-18,2025-07-22,2025-10-20,,,Público,https://esaj.tjsp.jus.br/cpopg/show.do?processo.codigo=GN0004HJE0000&processo.numero=1501306-05.2025.8.26.0599
1501309-57.2025.8.26.0599,10º Promotor de Justiça de Piracicaba,Foro de Piracicaba,2ª Vara Criminal,2025/000919,Procedimento Especial da Lei Antitóxicos,Tráfico de Drogas e Condutas Afins,2025-06-23,True,2025-06-26,2025-07-01,2025-08-06,2025-11-21,2025-11-24,Público,https://esaj.tjsp.jus.br/cpopg/show.do?processo.codigo=GN0004HJH0000&processo.numero=1501309-57.2025.8.26.0599
1501315-64.2025.8.26.0599,1º Promotor de Justiça Auxiliar de Piracicaba,Foro de Piracicaba,4ª Vara Criminal,2025/000831,Ação Penal - Procedimento Sumário,Decorrente de Violência Doméstica,2025-06-23,False,2025-06-27,2025-06-30,,,,Restrito,https://esaj.tjsp.jus.br/cpopg/show.do?processo.codigo=GN0004HJN0000&processo.numero=1501315-64.2025.8.26.0599
1504136-97.2025.8.26.0451,6º Promotor de Justiça de Piracicaba,Foro de Piracicaba,1ª Vara Criminal,2025/000740,Ação Penal - Procedimento Sumário,Contra a Mulher,2025-06-18,False,2025-07-16,2025-07-17,,,,Restrito,https://esaj.tjsp.jus.br/cpopg/show.do?processo.codigo=CJ000W2XZ0000&processo.numero=1504136-97.2025.8.26.0451
1504138-67.2025.8.26.0451,7º Promotor de Justiça de Piracicaba,Foro de Piracicaba,3ª Vara Criminal,2025/000816,Ação Penal - Procedimento Sumário,Lesão Cometida em Razão da Condição de Mulher,2025-06-18,False,2025-09-01,2025-09-01,,,,Restrito,https://esaj.tjsp.jus.br/cpopg/show.do?processo.codigo=CJ000W2Y80000&processo.numero=1504138-67.2025.8.26.0451
1504141-22.2025.8.26.0451,6º Promotor de Justiça de Piracicaba,Foro de Piracicaba,1ª Vara Criminal,2025/000741,Ação Penal - Procedimento Sumário,Leve,2025-06-18,False,2025-08-29,2025-09-02,,2026-01-12,2026-01-13,Restrito,https://esaj.tjsp.jus.br/cpopg/show.do?processo.codigo=CJ000W2YN0000&processo.numero=1504141-22.2025.8.26.0451
1504143-89.2025.8.26.0451,7º Promotor de Justiça de Piracicaba,Foro de Piracicaba,3ª Vara Criminal,2025/000818,Ação Penal - Procedimento Sumário,Ameaça,2025-06-18,False,2025-08-29,2025-09-02,,,,Restrito,https://esaj.tjsp.jus.br/cpopg/show.do?processo.codigo=CJ000W2YT0000&processo.numero=1504143-89.2025.8.26.0451
1501298-28.2025.8.26.0599,18º Promotor de Justiça de Piracicaba,Foro de Piracicaba,4ª Vara Criminal,2025/000813,Procedimento Especial da Lei Antitóxicos,Tráfico de Drogas e Condutas Afins,2025-06-18,False,2025-07-10,2025-07-10,2025-07-14,,,Público,https://esaj.tjsp.jus.br/cpopg/show.do?processo.codigo=GN0004HJ60000&processo.numero=1501298-28.2025.8.26.0599
1501299-13.2025.8.26.0599,6º Promotor de Justiça de Piracicaba,Foro de Piracicaba,1ª Vara Criminal,2025/000739,Procedimento Especial da Lei Antitóxicos,Tráfico de Drogas e Condutas Afins,2025-06-18,True,2025-07-08,2025-07-10,2025-08-18,2025-11-12,2025-11-13,Público,https://esaj.tjsp.jus.br/cpopg/show.do?processo.codigo=GN0004HJ70000&processo.numero=1501299-13.2025.8.26.0599
1504015-69.2025.8.26.0451,18º Promotor de Justiça de Piracicaba,Foro de Piracicaba,4ª Vara Criminal,2025/000795,Inquérito Policial,Lesão Cometida em Razão da Condição de Mulher,2025-06-17,False,2026-05-22,2026-05-28,,,,Restrito,https://esaj.tjsp.jus.br/cpopg/show.do?processo.codigo=CJ000W2O20000&processo.numero=1504015-69.2025.8.26.0451
1504018-24.2025.8.26.0451,10º Promotor de Justiça de Piracicaba,Foro de Piracicaba,2ª Vara Criminal,2025/000879,Ação Penal - Procedimento Ordinário,Maus Tratos,2025-06-17,False,2026-02-27,2026-03-02,,,,Restrito,https://esaj.tjsp.jus.br/cpopg/show.do?processo.codigo=CJ000W2O90000&processo.numero=1504018-24.2025.8.26.0451
1504024-31.2025.8.26.0451,4º Promotor de Justiça de Piracicaba,Foro de Piracicaba,3ª Vara Criminal,2025/000794,Ação Penal - Procedimento Ordinário,Decorrente de Violência Doméstica,2025-06-17,False,2026-01-22,2026-01-27,,,,Restrito,https://esaj.tjsp.jus.br/cpopg/show.do?processo.codigo=CJ000W2ON0000&processo.numero=1504024-31.2025.8.26.0451
1504036-45.2025.8.26.0451,18º Promotor de Justiça de Piracicaba,Foro de Piracicaba,4ª Vara Criminal,2025/000989,Ação Penal - Procedimento Ordinário,Contra a Mulher,2025-07-17,False,2025-11-29,2025-12-01,,,,Restrito,https://esaj.tjsp.jus.br/cpopg/show.do?processo.codigo=CJ000W2PK0000&processo.numero=1504036-45.2025.8.26.0451
1504060-73.2025.8.26.0451,6º Promotor de Justiça de Piracicaba,Foro de Piracicaba,1ª Vara Criminal,2025/000729,Ação Penal - Procedimento Ordinário,Estupro de vulnerável,2025-06-17,False,2026-01-23,2026-01-23,,,,Restrito,https://esaj.tjsp.jus.br/cpopg/show.do?processo.codigo=CJ000W2QR0000&processo.numero=1504060-73.2025.8.26.0451
1504071-05.2025.8.26.0451,6º Promotor de Justiça de Piracicaba,Foro de Piracicaba,1ª Vara Criminal,2025/000731,Ação Penal - Procedimento Sumário,Crime de Descumprimento de Medida Protetiva  de Urgência,2025-06-17,False,2026-05-04,2026-05-05,,,,Restrito,https://esaj.tjsp.jus.br/cpopg/show.do?processo.codigo=CJ000W2RB0000&processo.numero=1504071-05.2025.8.26.0451
1501291-36.2025.8.26.0599,9º Promotor de Justiça de Piracicaba,Foro de Piracicaba,2ª Vara Criminal,2025/000874,Ação Penal - Procedimento Ordinário,Crime de Descumprimento de Medida Protetiva  de Urgência,2025-06-16,True,2025-06-23,2025-06-24,,2025-10-23,2025-10-28,Restrito,https://esaj.tjsp.jus.br/cpopg/show.do?processo.codigo=GN0004HIN0000&processo.numero=1501291-36.2025.8.26.0599
1501292-21.2025.8.26.0599,7º Promotor de Justiça de Piracicaba,Foro de Piracicaba,3ª Vara Criminal,2025/000785,Procedimento Especial da Lei Antitóxicos,Tráfico de Drogas e Condutas Afins,2025-06-16,True,2025-06-24,2025-06-25,2025-08-08,,,Público,https://esaj.tjsp.jus.br/cpopg/show.do?processo.codigo=GN0004HIQ0000&processo.numero=1501292-21.2025.8.26.0599
1501294-88.2025.8.26.0599,4º Promotor de Justiça de Piracicaba,Foro de Piracicaba,3ª Vara Criminal,2025/000803,Ação Penal - Procedimento Sumário,Contravenções Penais,2025-06-17,False,2025-06-17,2025-06-24,,,,Restrito,https://esaj.tjsp.jus.br/cpopg/show.do?processo.codigo=GN0004HIU0000&processo.numero=1501294-88.2025.8.26.0599
1503973-20.2025.8.26.0451,6º Promotor de Justiça de Piracicaba,Foro de Piracicaba,1ª Vara Criminal,2026/000460,Ação Penal - Procedimento Ordinário,Vias de fato,2026-04-14,False,,2026-02-23,,,,Público,https://esaj.tjsp.jus.br/cpopg/show.do?processo.codigo=CJ000W2J90000&processo.numero=1503973-20.2025.8.26.0451
1501271-45.2025.8.26.0599,7º Promotor de Justiça de Piracicaba,Foro de Piracicaba,3ª Vara Criminal,2025/000779,Ação Penal - Procedimento Ordinário,Furto Qualificado,2025-06-16,False,2025-06-23,2025-06-24,,,,Público,https://esaj.tjsp.jus.br/cpopg/show.do?processo.codigo=GN0004HHZ0000&processo.numero=1501271-45.2025.8.26.0599
1501272-30.2025.8.26.0599,7º Promotor de Justiça de Piracicaba,Foro de Piracicaba,3ª Vara Criminal,2025/000778,Procedimento Especial da Lei Antitóxicos,Tráfico de Drogas e Condutas Afins,2025-06-16,True,2025-06-24,2025-06-25,2025-08-08,2025-12-03,2025-12-03,Público,https://esaj.tjsp.jus.br/cpopg/show.do?processo.codigo=GN0004HI00000&processo.numero=1501272-30.2025.8.26.0599
1501278-37.2025.8.26.0599,18º Promotor de Justiça de Piracicaba,Foro de Piracicaba,4ª Vara Criminal,2025/000781,Ação Penal - Procedimento Ordinário,Leve,2025-06-16,True,2025-06-23,2025-06-24,,2025-12-24,2026-01-09,Restrito,https://esaj.tjsp.jus.br/cpopg/show.do?processo.codigo=GN0004HI70000&processo.numero=1501278-37.2025.8.26.0599
1501267-08.2025.8.26.0599,10º Promotor de Justiça de Piracicaba,Foro de Piracicaba,2ª Vara Criminal,2025/000866,Procedimento Especial da Lei Antitóxicos,Tráfico de Drogas e Condutas Afins,2025-06-16,True,2025-07-15,2025-07-18,,2025-12-02,2025-12-03,Público,https://esaj.tjsp.jus.br/cpopg/show.do?processo.codigo=GN0004HHU0000&processo.numero=1501267-08.2025.8.26.0599
1501256-76.2025.8.26.0599,4º Promotor de Justiça de Piracicaba,Foro de Piracicaba,3ª Vara Criminal,2025/000771,Procedimento Especial da Lei Antitóxicos,Tráfico de Drogas e Condutas Afins,2025-06-12,False,2025-07-01,2025-07-02,2025-10-24,,,Público,https://esaj.tjsp.jus.br/cpopg/show.do?processo.codigo=GN0004HHD0000&processo.numero=1501256-76.2025.8.26.0599
1501259-31.2025.8.26.0599,18º Promotor de Justiça de Piracicaba,Foro de Piracicaba,4ª Vara Criminal,2025/000777,Ação Penal - Procedimento Ordinário,Roubo,2025-06-16,False,2025-06-18,2025-06-24,,,,Público,https://esaj.tjsp.jus.br/cpopg/show.do?processo.codigo=GN0004HHH0000&processo.numero=1501259-31.2025.8.26.0599
1503924-76.2025.8.26.0451,4º Promotor de Justiça de Piracicaba,Foro de Piracicaba,3ª Vara Criminal,2025/000772,Ação Penal - Procedimento Sumário,Crime de Descumprimento de Medida Protetiva  de Urgência,2025-06-12,False,2025-06-12,2025-06-17,2025-06-25,2025-09-26,2025-10-06,Restrito,https://esaj.tjsp.jus.br/cpopg/show.do?processo.codigo=CJ000W2C80000&processo.numero=1503924-76.2025.8.26.0451
1503927-31.2025.8.26.0451,18º Promotor de Justiça de Piracicaba,Foro de Piracicaba,4ª Vara Criminal,2025/000765,Ação Penal - Procedimento Ordinário,Adulteração de Sinal Identificador de Veículo Automotor,2025-06-12,False,2026-03-25,2026-03-26,,,,Público,https://esaj.tjsp.jus.br/cpopg/show.do?processo.codigo=CJ000W2CK0000&processo.numero=1503927-31.2025.8.26.0451
1503938-60.2025.8.26.0451,13º Promotor de Justiça de Piracicaba,Foro de Piracicaba,Vara do Juizado Especial Cível e Criminal,2025/001593,Ação Penal - Procedimento Sumaríssimo,Ameaça,2025-06-12,False,,2025-07-04,2025-10-07,2026-01-28,2026-03-25,Público,https://esaj.tjsp.jus.br/cpopg/show.do?processo.codigo=CJ000W2DQ0000&processo.numero=1503938-60.2025.8.26.0451
1501247-17.2025.8.26.0599,6º Promotor de Justiça de Piracicaba,Foro de Piracicaba,1ª Vara Criminal,2025/000702,Ação Penal - Procedimento Ordinário,Adulteração de Sinal Identificador de Veículo Automotor,2025-06-12,False,2025-07-01,2025-07-02,2025-07-23,,,Público,https://esaj.tjsp.jus.br/cpopg/show.do?processo.codigo=GN0004HGX0000&processo.numero=1501247-17.2025.8.26.0599
1501250-69.2025.8.26.0599,4º Promotor de Justiça de Piracicaba,Foro de Piracicaba,3ª Vara Criminal,2025/000770,Procedimento Especial da Lei Antitóxicos,Tráfico de Drogas e Condutas Afins,2025-06-12,True,2025-07-01,2025-07-02,2025-07-22,2025-10-03,2025-10-09,Público,https://esaj.tjsp.jus.br/cpopg/show.do?processo.codigo=GN0004HH60000&processo.numero=1501250-69.2025.8.26.0599
1501251-54.2025.8.26.0599,11º Promotor de Justiça de Piracicaba,Foro de Piracicaba,1ª Vara Criminal,2025/000755,Procedimento Especial da Lei Antitóxicos,Tráfico de Drogas e Condutas Afins,2025-06-23,True,2025-07-08,2025-07-10,2025-11-05,2026-05-20,,Público,https://esaj.tjsp.jus.br/cpopg/show.do?processo.codigo=GN0004HH70000&processo.numero=1501251-54.2025.8.26.0599
1501252-39.2025.8.26.0599,6º Promotor de Justiça de Piracicaba,Foro de Piracicaba,1ª Vara Criminal,2025/000703,Procedimento Especial da Lei Antitóxicos,Tráfico de Drogas e Condutas Afins,2025-06-12,False,2025-07-08,2025-07-14,2025-08-28,,,Público,https://esaj.tjsp.jus.br/cpopg/show.do?processo.codigo=GN0004HH80000&processo.numero=1501252-39.2025.8.26.0599
1501253-24.2025.8.26.0599,9º Promotor de Justiça de Piracicaba,Foro de Piracicaba,2ª Vara Criminal,2025/000854,Procedimento Especial da Lei Antitóxicos,Tráfico de Drogas e Condutas Afins,2025-06-12,False,2025-06-30,2025-07-03,2025-07-17,,,Público,https://esaj.tjsp.jus.br/cpopg/show.do?processo.codigo=GN0004HH90000&processo.numero=1501253-24.2025.8.26.0599
1503866-73.2025.8.26.0451,13º Promotor de Justiça de Piracicaba,Foro de Piracicaba,Vara do Juizado Especial Cível e Criminal,2025/001906,Inquérito Policial,Leve,2025-09-09,False,,2025-10-28,,,,Público,https://esaj.tjsp.jus.br/cpopg/show.do?processo.codigo=CJ000W26H0000&processo.numero=1503866-73.2025.8.26.0451
1503869-28.2025.8.26.0451,6º Promotor de Justiça de Piracicaba,Foro de Piracicaba,1ª Vara Criminal,2025/000691,Ação Penal - Procedimento Ordinário,Leve,2025-06-11,False,2025-06-26,2025-06-27,,,,Restrito,https://esaj.tjsp.jus.br/cpopg/show.do?processo.codigo=CJ000W26M0000&processo.numero=1503869-28.2025.8.26.0451
1503893-56.2025.8.26.0451,18º Promotor de Justiça de Piracicaba,Foro de Piracicaba,4ª Vara Criminal,2025/000757,Ação Penal - Procedimento Ordinário,Contra a Mulher,2025-06-11,False,2026-01-22,2026-01-25,,,,Restrito,https://esaj.tjsp.jus.br/cpopg/show.do?processo.codigo=CJ000W27V0000&processo.numero=1503893-56.2025.8.26.0451
1503911-77.2025.8.26.0451,11º Promotor de Justiça de Piracicaba,Foro de Piracicaba,1ª Vara Criminal,2025/000698,Inquérito Policial,Estelionato,2025-06-11,False,2026-05-19,2026-05-22,,,,Público,https://esaj.tjsp.jus.br/cpopg/show.do?processo.codigo=CJ000W2AX0000&processo.numero=1503911-77.2025.8.26.0451
1501238-55.2025.8.26.0599,18º Promotor de Justiça de Piracicaba,Foro de Piracicaba,4ª Vara Criminal,2025/000753,Procedimento Especial da Lei Antitóxicos,Tráfico de Drogas e Condutas Afins,2025-06-10,False,2025-06-11,2025-06-12,2025-08-12,2025-10-27,2026-03-06,Público,https://esaj.tjsp.jus.br/cpopg/show.do?processo.codigo=GN0004HGO0000&processo.numero=1501238-55.2025.8.26.0599
1501239-40.2025.8.26.0599,10º Promotor de Justiça de Piracicaba,Foro de Piracicaba,2ª Vara Criminal,2025/000847,Ação Penal - Procedimento Ordinário,Furto Qualificado,2025-06-12,False,2025-06-11,2025-06-17,,,,Público,https://esaj.tjsp.jus.br/cpopg/show.do?processo.codigo=GN0004HGP0000&processo.numero=1501239-40.2025.8.26.0599
1501241-10.2025.8.26.0599,7º Promotor de Justiça de Piracicaba,Foro de Piracicaba,3ª Vara Criminal,2025/000766,Procedimento Especial da Lei Antitóxicos,Tráfico de Drogas e Condutas Afins,2025-06-12,True,2025-06-30,2025-06-30,2025-08-08,2025-11-27,2025-11-28,Público,https://esaj.tjsp.jus.br/cpopg/show.do?processo.codigo=GN0004HGR0000&processo.numero=1501241-10.2025.8.26.0599
1501243-77.2025.8.26.0599,7º Promotor de Justiça de Piracicaba,Foro de Piracicaba,3ª Vara Criminal,2025/000765,Ação Penal - Procedimento Ordinário,Furto,2025-06-12,True,2025-06-18,2025-06-23,,2025-11-27,,Público,https://esaj.tjsp.jus.br/cpopg/show.do?processo.codigo=GN0004HGT0000&processo.numero=1501243-77.2025.8.26.0599
1501244-62.2025.8.26.0599,6º Promotor de Justiça de Piracicaba,Foro de Piracicaba,1ª Vara Criminal,2025/000701,Procedimento Especial da Lei Antitóxicos,Tráfico de Drogas e Condutas Afins,2025-06-12,False,2025-06-17,2025-06-18,,,,Público,https://esaj.tjsp.jus.br/cpopg/show.do?processo.codigo=GN0004HGU0000&processo.numero=1501244-62.2025.8.26.0599
1501245-47.2025.8.26.0599,10º Promotor de Justiça de Piracicaba,Foro de Piracicaba,2ª Vara Criminal,2025/000848,Procedimento Especial da Lei Antitóxicos,Tráfico de Drogas e Condutas Afins,2025-06-12,False,2025-07-08,2025-07-15,,,,Público,https://esaj.tjsp.jus.br/cpopg/show.do?processo.codigo=GN0004HGV0000&processo.numero=1501245-47.2025.8.26.0599
1503864-06.2025.8.26.0451,6º Promotor de Justiça de Piracicaba,Foro de Piracicaba,1ª Vara Criminal,2025/000690,Ação Penal - Procedimento Ordinário,Furto,2025-06-10,False,,2026-02-18,,,,Público,https://esaj.tjsp.jus.br/cpopg/show.do?processo.codigo=CJ000W25D0000&processo.numero=1503864-06.2025.8.26.0451
1503865-88.2025.8.26.0451,7º Promotor de Justiça de Piracicaba,Foro de Piracicaba,3ª Vara Criminal,2025/000755,Ação Penal - Procedimento Ordinário,Roubo,2025-06-10,False,2025-08-08,2025-11-14,,,,Público,https://esaj.tjsp.jus.br/cpopg/show.do?processo.codigo=CJ000W25N0000&processo.numero=1503865-88.2025.8.26.0451
1501226-41.2025.8.26.0599,6º Promotor de Justiça de Piracicaba,Foro de Piracicaba,1ª Vara Criminal,2025/000689,Procedimento Especial da Lei Antitóxicos,Tráfico de Drogas e Condutas Afins,2025-06-10,True,2025-06-11,2025-06-12,2025-08-20,2025-11-19,2025-11-24,Público,https://esaj.tjsp.jus.br/cpopg/show.do?processo.codigo=GN0004HG20000&processo.numero=1501226-41.2025.8.26.0599
1501227-26.2025.8.26.0599,9º Promotor de Justiça de Piracicaba,Foro de Piracicaba,2ª Vara Criminal,2025/000830,Procedimento Especial da Lei Antitóxicos,Tráfico de Drogas e Condutas Afins,2025-06-10,True,2025-06-12,2025-06-16,2025-09-04,2025-11-18,2025-11-19,Público,https://esaj.tjsp.jus.br/cpopg/show.do?processo.codigo=GN0004HG30000&processo.numero=1501227-26.2025.8.26.0599
1501230-78.2025.8.26.0599,4º Promotor de Justiça de Piracicaba,Foro de Piracicaba,3ª Vara Criminal,2025/000754,Procedimento Especial da Lei Antitóxicos,Tráfico de Drogas e Condutas Afins,2025-06-10,False,2025-06-25,2025-06-27,2025-12-02,,,Público,https://esaj.tjsp.jus.br/cpopg/show.do?processo.codigo=GN0004HG80000&processo.numero=1501230-78.2025.8.26.0599
1501216-94.2025.8.26.0599,4º Promotor de Justiça de Piracicaba,Foro de Piracicaba,3ª Vara Criminal,2025/000733,Procedimento Especial da Lei Antitóxicos,Tráfico de Drogas e Condutas Afins,2025-06-09,True,2025-06-25,2025-06-26,,2026-02-19,2026-02-20,Público,https://esaj.tjsp.jus.br/cpopg/show.do?processo.codigo=GN0004HFQ0000&processo.numero=1501216-94.2025.8.26.0599
1501221-19.2025.8.26.0599,9º Promotor de Justiça de Piracicaba,Foro de Piracicaba,2ª Vara Criminal,2025/000824,Procedimento Especial da Lei Antitóxicos,Tráfico de Drogas e Condutas Afins,2025-06-09,False,2025-06-17,2025-06-18,2026-02-27,,,Público,https://esaj.tjsp.jus.br/cpopg/show.do?processo.codigo=GN0004HFW0000&processo.numero=1501221-19.2025.8.26.0599
1501222-04.2025.8.26.0599,6º Promotor de Justiça de Piracicaba,Foro de Piracicaba,1ª Vara Criminal,2025/000683,Procedimento Especial da Lei Antitóxicos,Tráfico de Drogas e Condutas Afins,2025-06-09,True,2025-06-11,2025-06-11,2025-07-19,2025-10-08,2025-10-09,Público,https://esaj.tjsp.jus.br/cpopg/show.do?processo.codigo=GN0004HFX0000&processo.numero=1501222-04.2025.8.26.0599
1503795-71.2025.8.26.0451,11º Promotor de Justiça de Piracicaba,Foro de Piracicaba,1ª Vara Criminal,2025/000728,Ação Penal - Procedimento Ordinário,Desacato,2025-06-17,False,,2025-08-21,,,,Público,https://esaj.tjsp.jus.br/cpopg/show.do?processo.codigo=CJ000W1WV0000&processo.numero=1503795-71.2025.8.26.0451
1501206-50.2025.8.26.0599,4º Promotor de Justiça de Piracicaba,Foro de Piracicaba,3ª Vara Criminal,2025/000734,Ação Penal - Procedimento Ordinário,Furto Qualificado,2025-06-09,True,2025-06-11,2025-06-12,,,,Público,https://esaj.tjsp.jus.br/cpopg/show.do?processo.codigo=GN0004HFB0000&processo.numero=1501206-50.2025.8.26.0599
1501210-87.2025.8.26.0599,7º Promotor de Justiça de Piracicaba,Foro de Piracicaba,3ª Vara Criminal,2025/000735,Procedimento Especial da Lei Antitóxicos,Tráfico de Drogas e Condutas Afins,2025-06-09,True,2025-07-01,2025-07-02,2025-08-04,,,Público,https://esaj.tjsp.jus.br/cpopg/show.do?processo.codigo=GN0004HFK0000&processo.numero=1501210-87.2025.8.26.0599
1501214-27.2025.8.26.0599,4º Promotor de Justiça de Piracicaba,Foro de Piracicaba,3ª Vara Criminal,2025/000740,Ação Penal - Procedimento Sumário,Decorrente de Violência Doméstica,2025-06-09,False,2025-06-16,2025-06-24,,,,Restrito,https://esaj.tjsp.jus.br/cpopg/show.do?processo.codigo=GN0004HFO0000&processo.numero=1501214-27.2025.8.26.0599
1501189-14.2025.8.26.0599,9º Promotor de Justiça de Piracicaba,Foro de Piracicaba,2ª Vara Criminal,2025/000814,Ação Penal - Procedimento Ordinário,Crime de Descumprimento de Medida Protetiva  de Urgência,2025-06-06,False,2025-06-10,2025-06-11,,,,Restrito,https://esaj.tjsp.jus.br/cpopg/show.do?processo.codigo=GN0004HEO0000&processo.numero=1501189-14.2025.8.26.0599
1501198-73.2025.8.26.0599,10º Promotor de Justiça de Piracicaba,Foro de Piracicaba,2ª Vara Criminal,2025/000817,Procedimento Especial da Lei Antitóxicos,Tráfico de Drogas e Condutas Afins,2025-06-09,False,2025-06-17,2025-06-23,2025-08-07,,,Público,https://esaj.tjsp.jus.br/cpopg/show.do?processo.codigo=GN0004HF20000&processo.numero=1501198-73.2025.8.26.0599
1501201-28.2025.8.26.0599,18º Promotor de Justiça de Piracicaba,Foro de Piracicaba,4ª Vara Criminal,2025/000741,Procedimento Especial da Lei Antitóxicos,Tráfico de Drogas e Condutas Afins,2025-06-09,True,2025-06-30,2025-07-01,,2025-12-26,2026-01-07,Público,https://esaj.tjsp.jus.br/cpopg/show.do?processo.codigo=GN0004HF50000&processo.numero=1501201-28.2025.8.26.0599
1503758-44.2025.8.26.0451,6º Promotor de Justiça de Piracicaba,Foro de Piracicaba,1ª Vara Criminal,2025/000720,Ação Penal - Procedimento Ordinário,Crimes de Trânsito,2025-06-17,False,,2025-06-23,,,,Público,https://esaj.tjsp.jus.br/cpopg/show.do?processo.codigo=CJ000W1S10000&processo.numero=1503758-44.2025.8.26.0451
1501184-89.2025.8.26.0599,6º Promotor de Justiça de Piracicaba,Foro de Piracicaba,1ª Vara Criminal,2025/000672,Ação Penal - Procedimento Ordinário,Furto,2025-06-06,False,2025-06-11,2025-06-16,,,,Público,https://esaj.tjsp.jus.br/cpopg/show.do?processo.codigo=GN0004HEJ0000&processo.numero=1501184-89.2025.8.26.0599
1501187-44.2025.8.26.0599,9º Promotor de Justiça de Piracicaba,Foro de Piracicaba,2ª Vara Criminal,2025/000813,Procedimento Especial da Lei Antitóxicos,Tráfico de Drogas e Condutas Afins,2025-06-06,False,2025-07-01,2025-07-03,2025-07-28,,,Público,https://esaj.tjsp.jus.br/cpopg/show.do?processo.codigo=GN0004HEM0000&processo.numero=1501187-44.2025.8.26.0599
1503728-09.2025.8.26.0451,11º Promotor de Justiça de Piracicaba,Foro de Piracicaba,1ª Vara Criminal,2025/000665,Ação Penal - Procedimento Ordinário,Adulteração de Sinal Identificador de Veículo Automotor,2025-06-05,False,2026-02-05,2026-03-06,,,,Público,https://esaj.tjsp.jus.br/cpopg/show.do?processo.codigo=CJ000W1MC0000&processo.numero=1503728-09.2025.8.26.0451
1503733-31.2025.8.26.0451,18º Promotor de Justiça de Piracicaba,Foro de Piracicaba,4ª Vara Criminal,2025/000727,Ação Penal - Procedimento Ordinário,Injúria,2025-06-05,False,2025-12-02,2025-12-03,,,,Público,https://esaj.tjsp.jus.br/cpopg/show.do?processo.codigo=CJ000W1OI0000&processo.numero=1503733-31.2025.8.26.0451
1501171-90.2025.8.26.0599,6º Promotor de Justiça de Piracicaba,Foro de Piracicaba,1ª Vara Criminal,2025/000662,Procedimento Especial da Lei Antitóxicos,Tráfico de Drogas e Condutas Afins,2025-06-04,False,2025-06-25,2025-06-25,2025-07-01,,2025-11-12,Público,https://esaj.tjsp.jus.br/cpopg/show.do?processo.codigo=GN0004HDW0000&processo.numero=1501171-90.2025.8.26.0599
1501173-60.2025.8.26.0599,18º Promotor de Justiça de Piracicaba,Foro de Piracicaba,4ª Vara Criminal,2025/000721,Ação Penal - Procedimento Ordinário,Furto Qualificado,2025-06-04,False,2025-06-11,2025-11-11,,,,Público,https://esaj.tjsp.jus.br/cpopg/show.do?processo.codigo=GN0004HDY0000&processo.numero=1501173-60.2025.8.26.0599
1501176-15.2025.8.26.0599,7º Promotor de Justiça de Piracicaba,Foro de Piracicaba,3ª Vara Criminal,2025/000726,Procedimento Especial da Lei Antitóxicos,Tráfico de Drogas e Condutas Afins,2025-06-05,True,2025-06-09,2025-06-10,2025-08-08,2026-02-23,2026-02-23,Público,https://esaj.tjsp.jus.br/cpopg/show.do?processo.codigo=GN0004HE90000&processo.numero=1501176-15.2025.8.26.0599
1501162-31.2025.8.26.0599,18º Promotor de Justiça de Piracicaba,Foro de Piracicaba,4ª Vara Criminal,2025/000715,Ação Penal - Procedimento Ordinário,Roubo,2025-06-03,True,2025-06-05,2025-06-06,,2025-11-04,2025-11-05,Público,https://esaj.tjsp.jus.br/cpopg/show.do?processo.codigo=GN0004HDF0000&processo.numero=1501162-31.2025.8.26.0599
1501164-98.2025.8.26.0599,7º Promotor de Justiça de Piracicaba,Foro de Piracicaba,3ª Vara Criminal,2025/000715,Procedimento Especial da Lei Antitóxicos,Tráfico de Drogas e Condutas Afins,2025-06-03,True,2025-06-25,2025-06-25,,2025-08-07,2025-08-13,Público,https://esaj.tjsp.jus.br/cpopg/show.do?processo.codigo=GN0004HDH0000&processo.numero=1501164-98.2025.8.26.0599
1501166-68.2025.8.26.0599,6º Promotor de Justiça de Piracicaba,Foro de Piracicaba,1ª Vara Criminal,2025/000661,Ação Penal - Procedimento Ordinário,Roubo,2025-06-04,True,2025-06-09,2025-06-09,,2025-09-19,2025-09-22,Público,https://esaj.tjsp.jus.br/cpopg/show.do?processo.codigo=GN0004HDQ0000&processo.numero=1501166-68.2025.8.26.0599
1501167-53.2025.8.26.0599,4º Promotor de Justiça de Piracicaba,Foro de Piracicaba,3ª Vara Criminal,2025/000720,Procedimento Especial da Lei Antitóxicos,Tráfico de Drogas e Condutas Afins,2025-06-04,False,2025-07-01,2025-07-03,2025-08-14,,,Restrito,https://esaj.tjsp.jus.br/cpopg/show.do?processo.codigo=GN0004HDT0000&processo.numero=1501167-53.2025.8.26.0599
1501154-54.2025.8.26.0599,4º Promotor de Justiça de Piracicaba,Foro de Piracicaba,3ª Vara Criminal,2025/000714,Ação Penal - Procedimento Sumário,Crime de Descumprimento de Medida Protetiva  de Urgência,2025-06-03,False,2025-06-05,2025-06-05,2025-06-23,,,Restrito,https://esaj.tjsp.jus.br/cpopg/show.do?processo.codigo=GN0004HD50000&processo.numero=1501154-54.2025.8.26.0599
1501155-39.2025.8.26.0599,10º Promotor de Justiça de Piracicaba,Foro de Piracicaba,2ª Vara Criminal,2025/000797,Ação Penal - Procedimento Ordinário,Adulteração de Sinal Identificador de Veículo Automotor,2025-06-03,False,2025-06-09,2025-06-12,,,,Público,https://esaj.tjsp.jus.br/cpopg/show.do?processo.codigo=GN0004HD60000&processo.numero=1501155-39.2025.8.26.0599
1501156-24.2025.8.26.0599,4º Promotor de Justiça de Piracicaba,Foro de Piracicaba,3ª Vara Criminal,2025/000713,Ação Penal - Procedimento Sumário,Tráfico de Drogas e Condutas Afins,2025-06-03,True,2025-06-23,2025-06-26,2025-08-08,2026-01-20,2026-01-21,Público,https://esaj.tjsp.jus.br/cpopg/show.do?processo.codigo=GN0004HD70000&processo.numero=1501156-24.2025.8.26.0599
1501150-17.2025.8.26.0599,6º Promotor de Justiça de Piracicaba,Foro de Piracicaba,1ª Vara Criminal,2025/000649,Ação Penal - Procedimento Sumário,Vias de fato,2025-06-02,False,2025-06-16,2025-06-16,,,,Restrito,https://esaj.tjsp.jus.br/cpopg/show.do?processo.codigo=GN0004HCX0000&processo.numero=1501150-17.2025.8.26.0599
1501152-84.2025.8.26.0599,6º Promotor de Justiça de Piracicaba,Foro de Piracicaba,1ª Vara Criminal,2025/000651,Procedimento Especial da Lei Antitóxicos,Tráfico de Drogas e Condutas Afins,2025-06-02,True,2025-06-09,2025-06-10,2025-07-19,2025-10-09,2025-10-10,Público,https://esaj.tjsp.jus.br/cpopg/show.do?processo.codigo=GN0004HD20000&processo.numero=1501152-84.2025.8.26.0599
1501137-18.2025.8.26.0599,9º Promotor de Justiça de Piracicaba,Foro de Piracicaba,2ª Vara Criminal,2025/000784,Ação Penal - Procedimento Ordinário,Crimes do Sistema Nacional de Armas,2025-06-02,False,2025-06-09,2025-06-11,,,,Público,https://esaj.tjsp.jus.br/cpopg/show.do?processo.codigo=GN0004HCG0000&processo.numero=1501137-18.2025.8.26.0599
1501146-77.2025.8.26.0599,18º Promotor de Justiça de Piracicaba,Foro de Piracicaba,4ª Vara Criminal,2025/000707,Procedimento Especial da Lei Antitóxicos,Tráfico de Drogas e Condutas Afins,2025-06-02,True,2025-06-30,2025-07-04,2025-09-09,2026-02-05,2026-02-06,Público,https://esaj.tjsp.jus.br/cpopg/show.do?processo.codigo=GN0004HCT0000&processo.numero=1501146-77.2025.8.26.0599
1501128-56.2025.8.26.0599,7º Promotor de Justiça de Piracicaba,Foro de Piracicaba,3ª Vara Criminal,2025/000706,Procedimento Especial da Lei Antitóxicos,Tráfico de Drogas e Condutas Afins,2025-06-01,False,2025-06-27,2025-06-27,,,,Público,https://esaj.tjsp.jus.br/cpopg/show.do?processo.codigo=GN0004HC60000&processo.numero=1501128-56.2025.8.26.0599
1501135-48.2025.8.26.0599,7º Promotor de Justiça de Piracicaba,Foro de Piracicaba,3ª Vara Criminal,2025/000707,Procedimento Especial da Lei Antitóxicos,Tráfico de Drogas e Condutas Afins,2025-06-02,False,2025-06-12,2025-06-17,2025-07-20,,,Público,https://esaj.tjsp.jus.br/cpopg/show.do?processo.codigo=GN0004HCE0000&processo.numero=1501135-48.2025.8.26.0599
1501110-35.2025.8.26.0599,7º Promotor de Justiça de Piracicaba,Foro de Piracicaba,3ª Vara Criminal,2025/000699,Ação Penal - Procedimento Ordinário,Roubo,2025-05-29,False,2025-06-17,2025-06-17,,,,Público,https://esaj.tjsp.jus.br/cpopg/show.do?processo.codigo=GN0004HBF0000&processo.numero=1501110-35.2025.8.26.0599
1501111-20.2025.8.26.0599,1º Promotor de Justiça Auxiliar de Piracicaba,Foro de Piracicaba,4ª Vara Criminal,2025/000699,Procedimento Especial da Lei Antitóxicos,Tráfico de Drogas e Condutas Afins,2025-05-29,False,2025-06-04,2025-06-05,2025-09-15,,,Público,https://esaj.tjsp.jus.br/cpopg/show.do?processo.codigo=GN0004HBH0000&processo.numero=1501111-20.2025.8.26.0599
1501113-87.2025.8.26.0599,7º Promotor de Justiça de Piracicaba,Foro de Piracicaba,3ª Vara Criminal,2025/000698,Procedimento Especial da Lei Antitóxicos,Tráfico de Drogas e Condutas Afins,2025-05-29,False,2025-05-29,2025-06-02,2025-07-25,2026-05-15,2026-05-15,Público,https://esaj.tjsp.jus.br/cpopg/show.do?processo.codigo=GN0004HBJ0000&processo.numero=1501113-87.2025.8.26.0599
1501114-72.2025.8.26.0599,4º Promotor de Justiça de Piracicaba,Foro de Piracicaba,3ª Vara Criminal,2025/000701,Procedimento Especial da Lei Antitóxicos,Tráfico de Drogas e Condutas Afins,2025-05-30,False,2025-07-03,2025-07-10,2025-10-29,,,Público,https://esaj.tjsp.jus.br/cpopg/show.do?processo.codigo=GN0004HBN0000&processo.numero=1501114-72.2025.8.26.0599
1501116-42.2025.8.26.0599,6º Promotor de Justiça de Piracicaba,Foro de Piracicaba,1ª Vara Criminal,2025/000642,Procedimento Especial da Lei Antitóxicos,Tráfico de Drogas e Condutas Afins,2025-05-30,True,2025-06-23,2025-06-24,2025-08-07,2025-11-07,2025-11-10,Público,https://esaj.tjsp.jus.br/cpopg/show.do?processo.codigo=GN0004HBP0000&processo.numero=1501116-42.2025.8.26.0599
1503610-33.2025.8.26.0451,10º Promotor de Justiça de Piracicaba,Foro de Piracicaba,2ª Vara Criminal,2025/000759,Ação Penal - Procedimento Ordinário,Descumprimento de Prazo em Benefício de Adolescente Privado de Liberdade,2025-05-29,False,2025-07-16,2025-09-16,,,,Restrito,https://esaj.tjsp.jus.br/cpopg/show.do?processo.codigo=CJ000W0XM0000&processo.numero=1503610-33.2025.8.26.0451
1503619-92.2025.8.26.0451,13º Promotor de Justiça de Piracicaba,Foro de Piracicaba,Vara do Juizado Especial Cível e Criminal,2025/001550,Termo Circunstanciado,Crimes de Trânsito,2025-05-29,False,,2026-04-10,,,,Público,https://esaj.tjsp.jus.br/cpopg/show.do?processo.codigo=CJ000W0YD0000&processo.numero=1503619-92.2025.8.26.0451
1503623-32.2025.8.26.0451,11º Promotor de Justiça de Piracicaba,Foro de Piracicaba,1ª Vara Criminal,2025/000638,Ação Penal - Procedimento Sumário,Ameaça,2025-05-29,False,2025-07-16,2025-07-16,,,,Restrito,https://esaj.tjsp.jus.br/cpopg/show.do?processo.codigo=CJ000W0YO0000&processo.numero=1503623-32.2025.8.26.0451
1503625-02.2025.8.26.0451,9º Promotor de Justiça de Piracicaba,Foro de Piracicaba,2ª Vara Criminal,2025/000763,Ação Penal - Procedimento Sumário,Ameaça,2025-05-29,False,2025-11-03,2025-11-04,,,,Restrito,https://esaj.tjsp.jus.br/cpopg/show.do?processo.codigo=CJ000W0YS0000&processo.numero=1503625-02.2025.8.26.0451
1501102-58.2025.8.26.0599,6º Promotor de Justiça de Piracicaba,Foro de Piracicaba,1ª Vara Criminal,2025/000640,Ação Penal - Procedimento Ordinário,Furto Qualificado,2025-05-29,False,2025-05-29,2025-05-30,,,,Público,https://esaj.tjsp.jus.br/cpopg/show.do?processo.codigo=GN0004HAY0000&processo.numero=1501102-58.2025.8.26.0599
1501103-43.2025.8.26.0599,10º Promotor de Justiça de Piracicaba,Foro de Piracicaba,2ª Vara Criminal,2025/000768,Procedimento Especial da Lei Antitóxicos,Tráfico de Drogas e Condutas Afins,2025-05-29,False,2025-07-14,2025-07-15,2025-12-10,,,Público,https://esaj.tjsp.jus.br/cpopg/show.do?processo.codigo=GN0004HAZ0000&processo.numero=1501103-43.2025.8.26.0599
1503580-95.2025.8.26.0451,11º Promotor de Justiça de Piracicaba,Foro de Piracicaba,1ª Vara Criminal,2025/000625,Ação Penal - Procedimento Ordinário,Estupro de vulnerável,2025-05-28,False,2025-07-16,2026-05-04,,,,Restrito,https://esaj.tjsp.jus.br/cpopg/show.do?processo.codigo=CJ000W0TL0000&processo.numero=1503580-95.2025.8.26.0451
1503581-80.2025.8.26.0451,7º Promotor de Justiça de Piracicaba,Foro de Piracicaba,3ª Vara Criminal,2025/000686,Ação Penal - Procedimento Sumário,Ameaça,2025-05-28,False,2025-06-27,2025-09-09,,,,Restrito,https://esaj.tjsp.jus.br/cpopg/show.do?processo.codigo=CJ000W0TM0000&processo.numero=1503581-80.2025.8.26.0451
1503583-50.2025.8.26.0451,7º Promotor de Justiça de Piracicaba,Foro de Piracicaba,3ª Vara Criminal,2025/000687,Ação Penal - Procedimento Ordinário,Estupro,2025-05-28,False,2025-07-10,2026-04-30,,,,Restrito,https://esaj.tjsp.jus.br/cpopg/show.do?processo.codigo=CJ000W0TQ0000&processo.numero=1503583-50.2025.8.26.0451
1503592-12.2025.8.26.0451,11º Promotor de Justiça de Piracicaba,Foro de Piracicaba,1ª Vara Criminal,2025/000628,Ação Penal - Procedimento Sumário,Leve,2025-05-28,False,2025-06-25,2025-06-27,,,,Restrito,https://esaj.tjsp.jus.br/cpopg/show.do?processo.codigo=CJ000W0UB0000&processo.numero=1503592-12.2025.8.26.0451
1503595-64.2025.8.26.0451,6º Promotor de Justiça de Piracicaba,Foro de Piracicaba,1ª Vara Criminal,2025/000630,Ação Penal - Procedimento Sumário,Leve,2025-05-28,False,2025-06-25,2025-06-27,,,,Restrito,https://esaj.tjsp.jus.br/cpopg/show.do?processo.codigo=CJ000W0UL0000&processo.numero=1503595-64.2025.8.26.0451
1503606-93.2025.8.26.0451,11º Promotor de Justiça de Piracicaba,Foro de Piracicaba,1ª Vara Criminal,2025/000635,Ação Penal - Procedimento Sumário,Estupro de vulnerável,2025-05-28,False,2025-07-10,2025-07-11,2025-08-14,,,Restrito,https://esaj.tjsp.jus.br/cpopg/show.do?processo.codigo=CJ000W0WL0000&processo.numero=1503606-93.2025.8.26.0451
1501096-51.2025.8.26.0599,9º Promotor de Justiça de Piracicaba,Foro de Piracicaba,2ª Vara Criminal,2025/000753,Ação Penal - Procedimento Ordinário,Roubo Majorado,2025-05-27,False,2025-05-27,2025-05-28,,,,Público,https://esaj.tjsp.jus.br/cpopg/show.do?processo.codigo=GN0004HAL0000&processo.numero=1501096-51.2025.8.26.0599
1501098-21.2025.8.26.0599,6º Promotor de Justiça de Piracicaba,Foro de Piracicaba,1ª Vara Criminal,2025/000632,Procedimento Especial da Lei Antitóxicos,Tráfico de Drogas e Condutas Afins,2025-05-28,False,2025-06-02,2025-06-03,2025-07-16,,,Público,https://esaj.tjsp.jus.br/cpopg/show.do?processo.codigo=GN0004HAS0000&processo.numero=1501098-21.2025.8.26.0599
1501099-06.2025.8.26.0599,6º Promotor de Justiça de Piracicaba,Foro de Piracicaba,1ª Vara Criminal,2025/000631,Ação Penal - Procedimento Ordinário,Crimes de Trânsito,2025-05-28,False,2025-05-30,2025-06-02,2025-06-30,,,Público,https://esaj.tjsp.jus.br/cpopg/show.do?processo.codigo=GN0004HAT0000&processo.numero=1501099-06.2025.8.26.0599
1503528-02.2025.8.26.0451,7º Promotor de Justiça de Piracicaba,Foro de Piracicaba,3ª Vara Criminal,2025/000676,Ação Penal - Procedimento Sumário,Contravenções Penais,2025-05-27,False,2025-08-27,2025-09-01,,,,Restrito,https://esaj.tjsp.jus.br/cpopg/show.do?processo.codigo=CJ000W0OM0000&processo.numero=1503528-02.2025.8.26.0451
1503530-69.2025.8.26.0451,7º Promotor de Justiça de Piracicaba,Foro de Piracicaba,3ª Vara Criminal,2025/000677,Ação Penal - Procedimento Sumário,Lesão Cometida em Razão da Condição de Mulher,2025-05-27,False,2025-08-28,2025-09-01,,,,Restrito,https://esaj.tjsp.jus.br/cpopg/show.do?processo.codigo=CJ000W0OQ0000&processo.numero=1503530-69.2025.8.26.0451
1503534-09.2025.8.26.0451,7º Promotor de Justiça de Piracicaba,Foro de Piracicaba,3ª Vara Criminal,2025/000679,Ação Penal - Procedimento Sumário,Ameaça,2025-05-27,False,2025-08-28,2025-09-01,,,,Restrito,https://esaj.tjsp.jus.br/cpopg/show.do?processo.codigo=CJ000W0OV0000&processo.numero=1503534-09.2025.8.26.0451
1503541-98.2025.8.26.0451,11º Promotor de Justiça de Piracicaba,Foro de Piracicaba,1ª Vara Criminal,2025/000616,Ação Penal - Procedimento Sumário,DIREITO PENAL-Crimes contra a liberdade pessoal-Perseguição,2025-05-27,False,2025-08-28,2025-08-29,2025-10-07,,,Restrito,https://esaj.tjsp.jus.br/cpopg/show.do?processo.codigo=CJ000W0PH0000&processo.numero=1503541-98.2025.8.26.0451
1503550-60.2025.8.26.0451,4º Promotor de Justiça de Piracicaba,Foro de Piracicaba,3ª Vara Criminal,2025/000682,Ação Penal - Procedimento Sumário,Vias de fato,2025-05-27,False,2025-08-27,2025-08-29,,,,Restrito,https://esaj.tjsp.jus.br/cpopg/show.do?processo.codigo=CJ000W0QE0000&processo.numero=1503550-60.2025.8.26.0451
1503555-82.2025.8.26.0451,10º Promotor de Justiça de Piracicaba,Foro de Piracicaba,2ª Vara Criminal,2025/000749,Inquérito Policial,Estupro de vulnerável,2025-05-27,False,2026-05-21,2026-05-25,,,,Restrito,https://esaj.tjsp.jus.br/cpopg/show.do?processo.codigo=CJ000W0QT0000&processo.numero=1503555-82.2025.8.26.0451
1503562-74.2025.8.26.0451,18º Promotor de Justiça de Piracicaba,Foro de Piracicaba,4ª Vara Criminal,2025/000685,Ação Penal - Procedimento Sumário,Ameaça,2025-05-27,False,2025-11-11,2025-11-13,,,,Restrito,https://esaj.tjsp.jus.br/cpopg/show.do?processo.codigo=CJ000W0RO0000&processo.numero=1503562-74.2025.8.26.0451
1501087-89.2025.8.26.0599,7º Promotor de Justiça de Piracicaba,Foro de Piracicaba,3ª Vara Criminal,2025/000669,Procedimento Especial da Lei Antitóxicos,Tráfico de Drogas e Condutas Afins,2025-05-26,True,2025-05-27,2025-05-28,2025-07-01,,,Público,https://esaj.tjsp.jus.br/cpopg/show.do?processo.codigo=GN0004HAC0000&processo.numero=1501087-89.2025.8.26.0599
1501093-96.2025.8.26.0599,9º Promotor de Justiça de Piracicaba,Foro de Piracicaba,2ª Vara Criminal,2025/000754,Procedimento Especial da Lei Antitóxicos,Tráfico de Drogas e Condutas Afins,2025-05-27,False,2025-06-23,2025-06-26,2025-07-11,2025-09-18,2025-09-19,Público,https://esaj.tjsp.jus.br/cpopg/show.do?processo.codigo=GN0004HAI0000&processo.numero=1501093-96.2025.8.26.0599
1501073-08.2025.8.26.0599,9º Promotor de Justiça de Piracicaba,Foro de Piracicaba,2ª Vara Criminal,2025/000733,Procedimento Especial da Lei Antitóxicos,Tráfico de Drogas e Condutas Afins,2025-05-26,False,2025-06-02,2025-06-02,2025-07-16,,,Público,https://esaj.tjsp.jus.br/cpopg/show.do?processo.codigo=GN0004H9L0000&processo.numero=1501073-08.2025.8.26.0599
1501062-76.2025.8.26.0599,10º Promotor de Justiça de Piracicaba,Foro de Piracicaba,2ª Vara Criminal,2025/000735,Ação Penal - Procedimento Ordinário,Furto,2025-05-26,False,2025-05-29,2025-06-02,,,,Público,https://esaj.tjsp.jus.br/cpopg/show.do?processo.codigo=GN0004H960000&processo.numero=1501062-76.2025.8.26.0599
1501068-83.2025.8.26.0599,18º Promotor de Justiça de Piracicaba,Foro de Piracicaba,4ª Vara Criminal,2025/000667,Procedimento Especial da Lei Antitóxicos,Tráfico de Drogas e Condutas Afins,2025-05-26,False,2025-06-18,2025-06-18,2025-08-12,,,Público,https://esaj.tjsp.jus.br/cpopg/show.do?processo.codigo=GN0004H9G0000&processo.numero=1501068-83.2025.8.26.0599
1501047-10.2025.8.26.0599,6º Promotor de Justiça de Piracicaba,Foro de Piracicaba,1ª Vara Criminal,2025/000592,Ação Penal - Procedimento Ordinário,Furto,2025-05-23,True,2025-05-29,2025-05-30,,2025-08-30,2025-09-02,Público,https://esaj.tjsp.jus.br/cpopg/show.do?processo.codigo=GN0004H8L0000&processo.numero=1501047-10.2025.8.26.0599
1501048-92.2025.8.26.0599,18º Promotor de Justiça de Piracicaba,Foro de Piracicaba,4ª Vara Criminal,2025/000655,Procedimento Especial da Lei Antitóxicos,Tráfico de Drogas e Condutas Afins,2025-05-23,False,2025-06-16,2025-06-18,,2026-04-27,,Público,https://esaj.tjsp.jus.br/cpopg/show.do?processo.codigo=GN0004H8M0000&processo.numero=1501048-92.2025.8.26.0599
1501049-77.2025.8.26.0599,9º Promotor de Justiça de Piracicaba,Foro de Piracicaba,2ª Vara Criminal,2025/000720,Procedimento Especial da Lei Antitóxicos,Tráfico de Drogas e Condutas Afins,2025-05-23,False,2025-05-27,2025-05-28,2025-06-10,2025-09-19,2025-09-23,Público,https://esaj.tjsp.jus.br/cpopg/show.do?processo.codigo=GN0004H8R0000&processo.numero=1501049-77.2025.8.26.0599
1503435-39.2025.8.26.0451,13º Promotor de Justiça de Piracicaba,Foro de Piracicaba,Vara do Juizado Especial Cível e Criminal,2025/001534,Termo Circunstanciado,Leve,2025-05-23,False,,2025-10-24,,,,Público,https://esaj.tjsp.jus.br/cpopg/show.do?processo.codigo=CJ000W0EK0000&processo.numero=1503435-39.2025.8.26.0451
1503440-61.2025.8.26.0451,9º Promotor de Justiça de Piracicaba,Foro de Piracicaba,2ª Vara Criminal,2025/000721,Ação Penal - Procedimento Sumário,Ameaça,2025-05-23,False,2025-07-31,2025-08-04,,,,Restrito,https://esaj.tjsp.jus.br/cpopg/show.do?processo.codigo=CJ000W0FB0000&processo.numero=1503440-61.2025.8.26.0451
1503459-67.2025.8.26.0451,11º Promotor de Justiça de Piracicaba,Foro de Piracicaba,1ª Vara Criminal,2025/000598,Inquérito Policial,Lesão Cometida em Razão da Condição de Mulher,2025-05-23,False,2026-05-22,2026-05-25,,,,Restrito,https://esaj.tjsp.jus.br/cpopg/show.do?processo.codigo=CJ000W0G30000&processo.numero=1503459-67.2025.8.26.0451
1503460-52.2025.8.26.0451,7º Promotor de Justiça de Piracicaba,Foro de Piracicaba,3ª Vara Criminal,2025/000657,Ação Penal - Procedimento Ordinário,Decorrente de Violência Doméstica,2025-05-23,False,2026-02-27,2026-03-02,,,,Restrito,https://esaj.tjsp.jus.br/cpopg/show.do?processo.codigo=CJ000W0G40000&processo.numero=1503460-52.2025.8.26.0451
1503461-37.2025.8.26.0451,6º Promotor de Justiça de Piracicaba,Foro de Piracicaba,1ª Vara Criminal,2025/000599,Ação Penal - Procedimento Ordinário,Lesão Cometida em Razão da Condição de Mulher,2025-05-23,False,2025-11-10,2025-11-11,,,,Restrito,https://esaj.tjsp.jus.br/cpopg/show.do?processo.codigo=CJ000W0G50000&processo.numero=1503461-37.2025.8.26.0451
1503464-89.2025.8.26.0451,6º Promotor de Justiça de Piracicaba,Foro de Piracicaba,1ª Vara Criminal,2025/000600,Ação Penal - Procedimento Ordinário,Leve,2025-05-23,False,2026-02-27,2026-03-02,,,,Restrito,https://esaj.tjsp.jus.br/cpopg/show.do?processo.codigo=CJ000W0G90000&processo.numero=1503464-89.2025.8.26.0451
1503470-96.2025.8.26.0451,11º Promotor de Justiça de Piracicaba,Foro de Piracicaba,1ª Vara Criminal,2025/000846,Ação Penal - Procedimento Ordinário,Crime de Descumprimento de Medida Protetiva  de Urgência,2025-07-10,False,2026-02-27,2026-02-27,,,,Restrito,https://esaj.tjsp.jus.br/cpopg/show.do?processo.codigo=CJ000W0GF0000&processo.numero=1503470-96.2025.8.26.0451
1501039-33.2025.8.26.0599,10º Promotor de Justiça de Piracicaba,Foro de Piracicaba,2ª Vara Criminal,2025/000719,Ação Penal - Procedimento Ordinário,Furto Qualificado,2025-05-23,False,2025-05-23,2025-05-30,,,,Público,https://esaj.tjsp.jus.br/cpopg/show.do?processo.codigo=GN0004H800000&processo.numero=1501039-33.2025.8.26.0599
1501040-18.2025.8.26.0599,4º Promotor de Justiça de Piracicaba,Foro de Piracicaba,3ª Vara Criminal,2025/000653,Procedimento Especial da Lei Antitóxicos,Tráfico de Drogas e Condutas Afins,2025-05-23,False,2025-05-26,2025-05-31,2025-06-27,,,Público,https://esaj.tjsp.jus.br/cpopg/show.do?processo.codigo=GN0004H810000&processo.numero=1501040-18.2025.8.26.0599
1501041-03.2025.8.26.0599,6º Promotor de Justiça de Piracicaba,Foro de Piracicaba,1ª Vara Criminal,2025/000593,Procedimento Especial da Lei Antitóxicos,Tráfico de Drogas e Condutas Afins,2025-05-23,False,2025-05-26,2025-05-27,2025-09-02,,,Público,https://esaj.tjsp.jus.br/cpopg/show.do?processo.codigo=GN0004H820000&processo.numero=1501041-03.2025.8.26.0599
1503393-87.2025.8.26.0451,11º Promotor de Justiça de Piracicaba,Foro de Piracicaba,1ª Vara Criminal,2025/000585,Ação Penal - Procedimento Ordinário,Crimes de Trânsito,2025-05-22,False,2025-11-11,2025-11-12,,,,Público,https://esaj.tjsp.jus.br/cpopg/show.do?processo.codigo=CJ000W07I0000&processo.numero=1503393-87.2025.8.26.0451
1503396-42.2025.8.26.0451,18º Promotor de Justiça de Piracicaba,Foro de Piracicaba,4ª Vara Criminal,2025/000649,Ação Penal - Procedimento Ordinário,Ameaça,2025-05-22,False,2025-11-11,2025-11-12,,,,Restrito,https://esaj.tjsp.jus.br/cpopg/show.do?processo.codigo=CJ000W07Q0000&processo.numero=1503396-42.2025.8.26.0451
1501030-71.2025.8.26.0599,18º Promotor de Justiça de Piracicaba,Foro de Piracicaba,4ª Vara Criminal,2025/000645,Procedimento Especial da Lei Antitóxicos,Tráfico de Drogas e Condutas Afins,2025-05-22,False,2025-06-17,2025-06-18,2025-08-27,2026-04-13,2026-04-17,Público,https://esaj.tjsp.jus.br/cpopg/show.do?processo.codigo=GN0004H7N0000&processo.numero=1501030-71.2025.8.26.0599
1501035-93.2025.8.26.0599,7º Promotor de Justiça de Piracicaba,Foro de Piracicaba,3ª Vara Criminal,2025/000648,Procedimento Especial da Lei Antitóxicos,Tráfico de Drogas e Condutas Afins,2025-05-22,False,2025-06-03,2025-06-04,2025-09-30,,,Público,https://esaj.tjsp.jus.br/cpopg/show.do?processo.codigo=GN0004H7S0000&processo.numero=1501035-93.2025.8.26.0599
1501036-78.2025.8.26.0599,18º Promotor de Justiça de Piracicaba,Foro de Piracicaba,4ª Vara Criminal,2025/000651,Procedimento Especial da Lei Antitóxicos,Tráfico de Drogas e Condutas Afins,2025-05-22,True,2025-05-27,2025-05-28,2025-07-22,2026-01-30,2026-01-30,Público,https://esaj.tjsp.jus.br/cpopg/show.do?processo.codigo=GN0004H7T0000&processo.numero=1501036-78.2025.8.26.0599
1501020-27.2025.8.26.0599,10º Promotor de Justiça de Piracicaba,Foro de Piracicaba,2ª Vara Criminal,2025/000708,Procedimento Especial da Lei Antitóxicos,Tráfico de Drogas e Condutas Afins,2025-05-21,True,2025-05-27,2025-06-02,2025-07-15,2025-12-29,2026-01-07,Público,https://esaj.tjsp.jus.br/cpopg/show.do?processo.codigo=GN0004H760000&processo.numero=1501020-27.2025.8.26.0599
1501021-12.2025.8.26.0599,9º Promotor de Justiça de Piracicaba,Foro de Piracicaba,2ª Vara Criminal,2025/000711,Procedimento Especial da Lei Antitóxicos,Tráfico de Drogas e Condutas Afins,2025-05-21,False,2025-05-21,2025-05-22,,,,Público,https://esaj.tjsp.jus.br/cpopg/show.do?processo.codigo=GN0004H770000&processo.numero=1501021-12.2025.8.26.0599
1501022-94.2025.8.26.0599,4º Promotor de Justiça de Piracicaba,Foro de Piracicaba,3ª Vara Criminal,2025/000654,Procedimento Especial da Lei Antitóxicos,Tráfico de Drogas e Condutas Afins,2025-05-23,False,2025-06-17,2025-06-24,2025-08-12,,,Público,https://esaj.tjsp.jus.br/cpopg/show.do?processo.codigo=GN0004H780000&processo.numero=1501022-94.2025.8.26.0599
1501024-64.2025.8.26.0599,6º Promotor de Justiça de Piracicaba,Foro de Piracicaba,1ª Vara Criminal,2025/000582,Procedimento Especial da Lei Antitóxicos,Tráfico de Drogas e Condutas Afins,2025-05-22,False,2025-05-29,2025-05-30,2025-07-01,,,Restrito,https://esaj.tjsp.jus.br/cpopg/show.do?processo.codigo=GN0004H7C0000&processo.numero=1501024-64.2025.8.26.0599
1501026-34.2025.8.26.0599,7º Promotor de Justiça de Piracicaba,Foro de Piracicaba,3ª Vara Criminal,2025/000645,Ação Penal - Procedimento Ordinário,Importunação Sexual,2025-05-22,False,2025-05-23,2025-10-30,2026-02-05,,,Restrito,https://esaj.tjsp.jus.br/cpopg/show.do?processo.codigo=GN0004H7E0000&processo.numero=1501026-34.2025.8.26.0599
1503306-34.2025.8.26.0451,9º Promotor de Justiça de Piracicaba,Foro de Piracicaba,2ª Vara Criminal,2025/000692,Ação Penal - Procedimento Ordinário,Contra a Mulher,2025-05-20,False,2025-12-11,2025-12-16,2026-01-31,,,Restrito,https://esaj.tjsp.jus.br/cpopg/show.do?processo.codigo=CJ000VZTX0000&processo.numero=1503306-34.2025.8.26.0451
1503346-16.2025.8.26.0451,18º Promotor de Justiça de Piracicaba,Foro de Piracicaba,4ª Vara Criminal,2025/000637,Ação Penal - Procedimento Sumário,Ameaça,2025-05-20,False,2026-02-26,2026-02-27,,,,Restrito,https://esaj.tjsp.jus.br/cpopg/show.do?processo.codigo=CJ000VZY60000&processo.numero=1503346-16.2025.8.26.0451
1503347-98.2025.8.26.0451,6º Promotor de Justiça de Piracicaba,Foro de Piracicaba,1ª Vara Criminal,2025/001052,Ação Penal - Procedimento Sumário,Contra a Mulher,2025-08-19,False,2025-06-05,2025-08-26,,,,Restrito,https://esaj.tjsp.jus.br/cpopg/show.do?processo.codigo=CJ000VZYH0000&processo.numero=1503347-98.2025.8.26.0451
1500999-51.2025.8.26.0599,10º Promotor de Justiça de Piracicaba,Foro de Piracicaba,2ª Vara Criminal,2025/000686,Ação Penal - Procedimento Ordinário,Lesão Cometida em Razão da Condição de Mulher,2025-05-19,False,2025-05-27,2025-06-02,,,,Restrito,https://esaj.tjsp.jus.br/cpopg/show.do?processo.codigo=GN0004H6F0000&processo.numero=1500999-51.2025.8.26.0599
1501000-36.2025.8.26.0599,4º Promotor de Justiça de Piracicaba,Foro de Piracicaba,3ª Vara Criminal,2025/000624,Ação Penal - Procedimento Ordinário,Estupro de vulnerável,2025-05-19,False,2025-05-20,2025-05-29,,,,Restrito,https://esaj.tjsp.jus.br/cpopg/show.do?processo.codigo=GN0004H6G0000&processo.numero=1501000-36.2025.8.26.0599
1501004-73.2025.8.26.0599,7º Promotor de Justiça de Piracicaba,Foro de Piracicaba,3ª Vara Criminal,2025/000625,Procedimento Especial da Lei Antitóxicos,Tráfico de Drogas e Condutas Afins,2025-05-19,True,2025-05-21,2025-05-23,,2025-12-15,2025-12-16,Público,https://esaj.tjsp.jus.br/cpopg/show.do?processo.codigo=GN0004H6K0000&processo.numero=1501004-73.2025.8.26.0599
1501008-13.2025.8.26.0599,18º Promotor de Justiça de Piracicaba,Foro de Piracicaba,4ª Vara Criminal,2025/000625,Procedimento Especial da Lei Antitóxicos,Tráfico de Drogas e Condutas Afins,2025-05-19,True,2025-05-27,2025-05-28,2025-07-15,2025-10-08,2025-10-09,Público,https://esaj.tjsp.jus.br/cpopg/show.do?processo.codigo=GN0004H6O0000&processo.numero=1501008-13.2025.8.26.0599
1501012-50.2025.8.26.0599,7º Promotor de Justiça de Piracicaba,Foro de Piracicaba,3ª Vara Criminal,2025/000636,Procedimento Especial da Lei Antitóxicos,Tráfico de Drogas e Condutas Afins,2025-05-21,False,2025-06-16,2025-06-17,2025-07-18,,,Público,https://esaj.tjsp.jus.br/cpopg/show.do?processo.codigo=GN0004H6S0000&processo.numero=1501012-50.2025.8.26.0599
1503279-51.2025.8.26.0451,7º Promotor de Justiça de Piracicaba,Foro de Piracicaba,3ª Vara Criminal,2025/000619,Ação Penal - Procedimento Ordinário,Adulteração de Sinal Identificador de Veículo Automotor,2025-05-19,False,2025-11-10,2026-05-14,,,,Público,https://esaj.tjsp.jus.br/cpopg/show.do?processo.codigo=CJ000VZOZ0000&processo.numero=1503279-51.2025.8.26.0451
1500996-96.2025.8.26.0599,10º Promotor de Justiça de Piracicaba,Foro de Piracicaba,2ª Vara Criminal,2025/000687,Procedimento Especial da Lei Antitóxicos,Tráfico de Drogas e Condutas Afins,2025-05-19,False,2025-06-12,2025-06-17,2025-09-11,,,Público,https://esaj.tjsp.jus.br/cpopg/show.do?processo.codigo=GN0004H6C0000&processo.numero=1500996-96.2025.8.26.0599
1500988-22.2025.8.26.0599,18º Promotor de Justiça de Piracicaba,Foro de Piracicaba,4ª Vara Criminal,2025/000615,Procedimento Especial da Lei Antitóxicos,Tráfico de Drogas e Condutas Afins,2025-05-15,True,2025-06-06,2025-06-09,2025-10-06,2026-05-04,2026-05-04,Público,https://esaj.tjsp.jus.br/cpopg/show.do?processo.codigo=GN0004H5W0000&processo.numero=1500988-22.2025.8.26.0599
1500989-07.2025.8.26.0599,6º Promotor de Justiça de Piracicaba,Foro de Piracicaba,1ª Vara Criminal,2025/000560,Ação Penal - Procedimento Ordinário,Furto Qualificado,2025-05-15,False,2025-05-19,2025-05-20,,,,Público,https://esaj.tjsp.jus.br/cpopg/show.do?processo.codigo=GN0004H5Z0000&processo.numero=1500989-07.2025.8.26.0599
1500990-89.2025.8.26.0599,4º Promotor de Justiça de Piracicaba,Foro de Piracicaba,3ª Vara Criminal,2025/000610,Procedimento Especial da Lei Antitóxicos,Tráfico de Drogas e Condutas Afins,2025-05-15,True,2025-05-21,2025-05-25,2025-08-29,2025-10-02,2025-10-09,Público,https://esaj.tjsp.jus.br/cpopg/show.do?processo.codigo=GN0004H600000&processo.numero=1500990-89.2025.8.26.0599
1500994-29.2025.8.26.0599,9º Promotor de Justiça de Piracicaba,Foro de Piracicaba,2ª Vara Criminal,2025/000682,Ação Penal - Procedimento Ordinário,"Aquisição, Posse ou Armazenamento de Pornografia de Criança ou Adolescente",2025-05-16,False,2025-05-21,2025-05-22,,,,Restrito,https://esaj.tjsp.jus.br/cpopg/show.do?processo.codigo=GN0004H660000&processo.numero=1500994-29.2025.8.26.0599
1503232-77.2025.8.26.0451,7º Promotor de Justiça de Piracicaba,Foro de Piracicaba,3ª Vara Criminal,2025/000678,Ação Penal - Procedimento Sumário,Leve,2025-05-27,False,,2025-05-27,,,,Restrito,https://esaj.tjsp.jus.br/cpopg/show.do?processo.codigo=CJ000VZF70000&processo.numero=1503232-77.2025.8.26.0451
1503243-09.2025.8.26.0451,6º Promotor de Justiça de Piracicaba,Foro de Piracicaba,1ª Vara Criminal,2025/000580,Ação Penal - Procedimento Sumário,Ameaça,2025-05-21,False,,2025-05-22,,,,Restrito,https://esaj.tjsp.jus.br/cpopg/show.do?processo.codigo=CJ000VZGA0000&processo.numero=1503243-09.2025.8.26.0451
1503245-76.2025.8.26.0451,18º Promotor de Justiça de Piracicaba,Foro de Piracicaba,4ª Vara Criminal,2025/000613,Ação Penal - Procedimento Ordinário,Contra a Mulher,2025-05-15,False,2025-05-15,2025-06-02,,2026-01-08,2026-01-09,Restrito,https://esaj.tjsp.jus.br/cpopg/show.do?processo.codigo=CJ000VZHI0000&processo.numero=1503245-76.2025.8.26.0451
1503247-46.2025.8.26.0451,10º Promotor de Justiça de Piracicaba,Foro de Piracicaba,2ª Vara Criminal,2025/000746,Ação Penal - Procedimento Ordinário,Leve,2025-05-27,False,,2025-05-29,,,,Público,https://esaj.tjsp.jus.br/cpopg/show.do?processo.codigo=CJ000VZIH0000&processo.numero=1503247-46.2025.8.26.0451
1500980-45.2025.8.26.0599,10º Promotor de Justiça de Piracicaba,Foro de Piracicaba,2ª Vara Criminal,2025/000678,Procedimento Especial da Lei Antitóxicos,Tráfico de Drogas e Condutas Afins,2025-05-15,False,2025-05-20,2025-05-23,,,,Público,https://esaj.tjsp.jus.br/cpopg/show.do?processo.codigo=GN0004H5O0000&processo.numero=1500980-45.2025.8.26.0599
1500983-97.2025.8.26.0599,6º Promotor de Justiça de Piracicaba,Foro de Piracicaba,1ª Vara Criminal,2025/000559,Procedimento Especial da Lei Antitóxicos,Tráfico de Drogas e Condutas Afins,2025-05-15,True,2025-06-10,2025-06-10,,2025-10-15,2025-10-16,Público,https://esaj.tjsp.jus.br/cpopg/show.do?processo.codigo=GN0004H5R0000&processo.numero=1500983-97.2025.8.26.0599
1500984-82.2025.8.26.0599,7º Promotor de Justiça de Piracicaba,Foro de Piracicaba,3ª Vara Criminal,2025/000609,Ação Penal - Procedimento Ordinário,"Divulgação de cena de estupro, sexo ou pornografia",2025-05-15,False,2025-05-30,2025-06-05,,,,Restrito,https://esaj.tjsp.jus.br/cpopg/show.do?processo.codigo=GN0004H5S0000&processo.numero=1500984-82.2025.8.26.0599
1503179-96.2025.8.26.0451,15º Promotor de Justiça de Piracicaba,Foro de Piracicaba,Vara do Juri / Execuções,2025/001315,Ação Penal de Competência do Júri,Homicídio Qualificado,2025-05-14,False,2025-09-16,2026-03-11,2026-05-27,,,Público,https://esaj.tjsp.jus.br/cpopg/show.do?processo.codigo=CJ000VZB60000&processo.numero=1503179-96.2025.8.26.0451
1503189-43.2025.8.26.0451,18º Promotor de Justiça de Piracicaba,Foro de Piracicaba,4ª Vara Criminal,2025/000663,Ação Penal - Procedimento Ordinário,"Apropriação de Coisa Havida por Erro, Caso Fortuito ou Força da Natureza",2025-05-23,False,,2025-05-28,,,,Público,https://esaj.tjsp.jus.br/cpopg/show.do?processo.codigo=CJ000VZCX0000&processo.numero=1503189-43.2025.8.26.0451
1500965-76.2025.8.26.0599,18º Promotor de Justiça de Piracicaba,Foro de Piracicaba,4ª Vara Criminal,2025/000595,Procedimento Especial da Lei Antitóxicos,Tráfico de Drogas e Condutas Afins,2025-05-12,True,2025-05-19,2025-05-20,2025-07-12,2025-10-03,2025-10-06,Público,https://esaj.tjsp.jus.br/cpopg/show.do?processo.codigo=GN0004H4S0000&processo.numero=1500965-76.2025.8.26.0599
1500968-31.2025.8.26.0599,10º Promotor de Justiça de Piracicaba,Foro de Piracicaba,2ª Vara Criminal,2025/000666,Procedimento Especial da Lei Antitóxicos,Tráfico de Drogas e Condutas Afins,2025-05-13,False,2025-05-27,2025-06-02,2025-12-22,2026-04-20,2026-04-24,Público,https://esaj.tjsp.jus.br/cpopg/show.do?processo.codigo=GN0004H4V0000&processo.numero=1500968-31.2025.8.26.0599
1503097-65.2025.8.26.0451,18º Promotor de Justiça de Piracicaba,Foro de Piracicaba,4ª Vara Criminal,2026/000157,Ação Penal - Procedimento Sumaríssimo,Crimes de Trânsito,2026-02-05,False,,2026-02-03,,,,Público,https://esaj.tjsp.jus.br/cpopg/show.do?processo.codigo=CJ000VZ1F0000&processo.numero=1503097-65.2025.8.26.0451
1500958-84.2025.8.26.0599,7º Promotor de Justiça de Piracicaba,Foro de Piracicaba,3ª Vara Criminal,2025/000588,Procedimento Especial da Lei Antitóxicos,Tráfico de Drogas e Condutas Afins,2025-05-12,False,2025-05-20,2025-05-21,2025-06-17,2025-10-06,2026-01-09,Público,https://esaj.tjsp.jus.br/cpopg/show.do?processo.codigo=GN0004H4J0000&processo.numero=1500958-84.2025.8.26.0599
1500959-69.2025.8.26.0599,10º Promotor de Justiça de Piracicaba,Foro de Piracicaba,2ª Vara Criminal,2025/000658,Ação Penal - Procedimento Sumário,Crime de Descumprimento de Medida Protetiva  de Urgência,2025-05-12,False,2025-05-15,2025-05-19,,,,Restrito,https://esaj.tjsp.jus.br/cpopg/show.do?processo.codigo=GN0004H4K0000&processo.numero=1500959-69.2025.8.26.0599
1500954-47.2025.8.26.0599,6º Promotor de Justiça de Piracicaba,Foro de Piracicaba,1ª Vara Criminal,2025/000543,Ação Penal - Procedimento Ordinário,Estupro de vulnerável,2025-05-12,False,2025-05-13,2025-05-13,2025-06-09,2026-03-25,2026-05-13,Restrito,https://esaj.tjsp.jus.br/cpopg/show.do?processo.codigo=GN0004H4F0000&processo.numero=1500954-47.2025.8.26.0599
1500955-32.2025.8.26.0599,6º Promotor de Justiça de Piracicaba,Foro de Piracicaba,1ª Vara Criminal,2025/000542,Ação Penal - Procedimento Ordinário,Crimes de Trânsito,2025-05-12,False,2025-06-05,2025-06-09,2025-07-24,,,Público,https://esaj.tjsp.jus.br/cpopg/show.do?processo.codigo=GN0004H4G0000&processo.numero=1500955-32.2025.8.26.0599
1500941-48.2025.8.26.0599,6º Promotor de Justiça de Piracicaba,Foro de Piracicaba,1ª Vara Criminal,2025/000540,Procedimento Especial da Lei Antitóxicos,Tráfico de Drogas e Condutas Afins,2025-05-12,True,2025-05-13,2025-05-14,2025-07-03,2025-11-17,2025-11-18,Público,https://esaj.tjsp.jus.br/cpopg/show.do?processo.codigo=GN0004H3Z0000&processo.numero=1500941-48.2025.8.26.0599
1500942-33.2025.8.26.0599,10º Promotor de Justiça de Piracicaba,Foro de Piracicaba,2ª Vara Criminal,2025/000656,Procedimento Especial da Lei Antitóxicos,Tráfico de Drogas e Condutas Afins,2025-05-12,False,2025-05-15,2025-05-20,2025-06-18,2025-10-20,2025-10-23,Público,https://esaj.tjsp.jus.br/cpopg/show.do?processo.codigo=GN0004H400000&processo.numero=1500942-33.2025.8.26.0599
1500932-86.2025.8.26.0599,9º Promotor de Justiça de Piracicaba,Foro de Piracicaba,2ª Vara Criminal,2025/000653,Ação Penal - Procedimento Sumário,Crime de Descumprimento de Medida Protetiva  de Urgência,2025-05-10,False,2025-05-15,2025-05-16,,2026-05-25,2026-05-28,Restrito,https://esaj.tjsp.jus.br/cpopg/show.do?processo.codigo=GN0004H3L0000&processo.numero=1500932-86.2025.8.26.0599
1501092-24.2025.8.26.0628,11º Promotor de Justiça de Piracicaba,Foro de Piracicaba,1ª Vara Criminal,2025/000626,Ação Penal - Procedimento Ordinário,Roubo Majorado,2025-05-28,True,2025-05-12,2025-05-19,2025-07-10,2025-12-05,2025-12-11,Público,https://esaj.tjsp.jus.br/cpopg/show.do?processo.codigo=HG0001G0X0000&processo.numero=1501092-24.2025.8.26.0628
1500919-87.2025.8.26.0599,9º Promotor de Justiça de Piracicaba,Foro de Piracicaba,2ª Vara Criminal,2025/000644,Procedimento Especial da Lei Antitóxicos,Tráfico de Drogas e Condutas Afins,2025-05-07,False,2025-06-03,2025-06-04,,2025-11-21,2025-11-24,Público,https://esaj.tjsp.jus.br/cpopg/show.do?processo.codigo=GN0004H320000&processo.numero=1500919-87.2025.8.26.0599
1500920-72.2025.8.26.0599,6º Promotor de Justiça de Piracicaba,Foro de Piracicaba,1ª Vara Criminal,2025/000529,Procedimento Especial da Lei Antitóxicos,Tráfico de Drogas e Condutas Afins,2025-05-07,False,2025-05-15,2025-05-16,2025-06-23,,,Público,https://esaj.tjsp.jus.br/cpopg/show.do?processo.codigo=GN0004H330000&processo.numero=1500920-72.2025.8.26.0599
1500922-42.2025.8.26.0599,18º Promotor de Justiça de Piracicaba,Foro de Piracicaba,4ª Vara Criminal,2025/000587,Procedimento Especial da Lei Antitóxicos,Tráfico de Drogas e Condutas Afins,2025-05-09,False,2025-06-03,2025-06-05,2025-09-01,,,Público,https://esaj.tjsp.jus.br/cpopg/show.do?processo.codigo=GN0004H370000&processo.numero=1500922-42.2025.8.26.0599
1500923-27.2025.8.26.0599,10º Promotor de Justiça de Piracicaba,Foro de Piracicaba,2ª Vara Criminal,2025/000649,Procedimento Especial da Lei Antitóxicos,Tráfico de Drogas e Condutas Afins,2025-05-09,False,2025-05-13,2025-05-19,2025-07-15,2025-11-18,2025-11-24,Público,https://esaj.tjsp.jus.br/cpopg/show.do?processo.codigo=GN0004H380000&processo.numero=1500923-27.2025.8.26.0599
1503004-05.2025.8.26.0451,6º Promotor de Justiça de Piracicaba,Foro de Piracicaba,1ª Vara Criminal,2025/000602,Ação Penal - Procedimento Sumaríssimo,Ameaça,2025-05-23,False,,2025-05-14,,,,Público,https://esaj.tjsp.jus.br/cpopg/show.do?processo.codigo=CJ000VYGW0000&processo.numero=1503004-05.2025.8.26.0451
1500908-58.2025.8.26.0599,17º Promotor de Justiça de Piracicaba,Foro de Piracicaba,4ª Vara Criminal,2025/000574,Procedimento Especial da Lei Antitóxicos,Tráfico de Drogas e Condutas Afins,2025-05-06,False,2025-05-09,2025-05-12,2025-08-01,,,Público,https://esaj.tjsp.jus.br/cpopg/show.do?processo.codigo=GN0004H2B0000&processo.numero=1500908-58.2025.8.26.0599
1502970-30.2025.8.26.0451,7º Promotor de Justiça de Piracicaba,Foro de Piracicaba,3ª Vara Criminal,2025/000565,Ação Penal - Procedimento Ordinário,Roubo,2025-05-06,False,2025-05-29,2025-05-29,,2025-08-07,2025-08-14,Público,https://esaj.tjsp.jus.br/cpopg/show.do?processo.codigo=CJ000VYBF0000&processo.numero=1502970-30.2025.8.26.0451
1502992-88.2025.8.26.0451,18º Promotor de Justiça de Piracicaba,Foro de Piracicaba,4ª Vara Criminal,2025/000579,Ação Penal - Procedimento Ordinário,Roubo Majorado,2025-05-06,False,2025-05-16,2025-05-20,,,,Público,https://esaj.tjsp.jus.br/cpopg/show.do?processo.codigo=CJ000VYF90000&processo.numero=1502992-88.2025.8.26.0451
1500902-51.2025.8.26.0599,10º Promotor de Justiça de Piracicaba,Foro de Piracicaba,2ª Vara Criminal,2025/000635,Ação Penal - Procedimento Sumário,Crime de Descumprimento de Medida Protetiva  de Urgência,2025-05-06,False,2025-05-12,2025-05-15,,,,Restrito,https://esaj.tjsp.jus.br/cpopg/show.do?processo.codigo=GN0004H240000&processo.numero=1500902-51.2025.8.26.0599
1500903-36.2025.8.26.0599,7º Promotor de Justiça de Piracicaba,Foro de Piracicaba,3ª Vara Criminal,2025/000566,Procedimento Especial da Lei Antitóxicos,Tráfico de Drogas e Condutas Afins,2025-05-06,True,2025-05-28,2025-05-30,,2025-08-07,2025-08-11,Público,https://esaj.tjsp.jus.br/cpopg/show.do?processo.codigo=GN0004H250000&processo.numero=1500903-36.2025.8.26.0599
1500900-81.2025.8.26.0599,11º Promotor de Justiça de Piracicaba,Foro de Piracicaba,1ª Vara Criminal,2025/000517,Procedimento Especial da Lei Antitóxicos,Tráfico de Drogas e Condutas Afins,2025-05-05,False,2025-05-14,2025-05-14,2025-09-22,,,Público,https://esaj.tjsp.jus.br/cpopg/show.do?processo.codigo=GN0004H210000&processo.numero=1500900-81.2025.8.26.0599
1500889-52.2025.8.26.0599,10º Promotor de Justiça de Piracicaba,Foro de Piracicaba,2ª Vara Criminal,2025/000629,Procedimento Especial da Lei Antitóxicos,Tráfico de Drogas e Condutas Afins,2025-05-04,False,2025-05-13,2025-05-15,2025-07-10,2026-03-09,2026-03-13,Público,https://esaj.tjsp.jus.br/cpopg/show.do?processo.codigo=GN0004H1K0000&processo.numero=1500889-52.2025.8.26.0599
1502933-03.2025.8.26.0451,13º Promotor de Justiça de Piracicaba,Foro de Piracicaba,Vara do Juizado Especial Cível e Criminal,2025/001360,Ação Penal - Procedimento Sumaríssimo,Desacato,2025-05-02,False,,2025-05-13,,2026-01-28,2026-03-17,Público,https://esaj.tjsp.jus.br/cpopg/show.do?processo.codigo=CJ000VY440000&processo.numero=1502933-03.2025.8.26.0451
1502934-85.2025.8.26.0451,7º Promotor de Justiça de Piracicaba,Foro de Piracicaba,3ª Vara Criminal,2025/001076,Ação Penal - Procedimento Ordinário,Leve,2025-08-07,False,,2025-10-24,,,,Público,https://esaj.tjsp.jus.br/cpopg/show.do?processo.codigo=CJ000VY4C0000&processo.numero=1502934-85.2025.8.26.0451
1500872-16.2025.8.26.0599,7º Promotor de Justiça de Piracicaba,Foro de Piracicaba,3ª Vara Criminal,2025/000555,Ação Penal - Procedimento Sumário,Lesão Cometida em Razão da Condição de Mulher,2025-05-04,False,2025-05-12,2025-05-16,,,,Restrito,https://esaj.tjsp.jus.br/cpopg/show.do?processo.codigo=GN0004H110000&processo.numero=1500872-16.2025.8.26.0599
1500881-75.2025.8.26.0599,7º Promotor de Justiça de Piracicaba,Foro de Piracicaba,3ª Vara Criminal,2025/000557,Procedimento Especial da Lei Antitóxicos,Tráfico de Drogas e Condutas Afins,2025-05-04,False,2025-05-13,2025-05-14,,,,Público,https://esaj.tjsp.jus.br/cpopg/show.do?processo.codigo=GN0004H1C0000&processo.numero=1500881-75.2025.8.26.0599
1502926-11.2025.8.26.0451,4º Promotor de Justiça de Piracicaba,Foro de Piracicaba,3ª Vara Criminal,2025/000552,Ação Penal - Procedimento Sumário,Ameaça,2025-05-01,False,2025-07-18,2025-08-11,,,,Restrito,https://esaj.tjsp.jus.br/cpopg/show.do?processo.codigo=CJ000VY3U0000&processo.numero=1502926-11.2025.8.26.0451
1502929-63.2025.8.26.0451,4º Promotor de Justiça de Piracicaba,Foro de Piracicaba,3ª Vara Criminal,2025/000553,Ação Penal - Procedimento Sumário,Ameaça,2025-05-01,False,2025-09-05,2025-09-08,2025-10-22,,,Restrito,https://esaj.tjsp.jus.br/cpopg/show.do?processo.codigo=CJ000VY3X0000&processo.numero=1502929-63.2025.8.26.0451
1500858-32.2025.8.26.0599,6º Promotor de Justiça de Piracicaba,Foro de Piracicaba,1ª Vara Criminal,2025/000509,Procedimento Especial da Lei Antitóxicos,Tráfico de Drogas e Condutas Afins,2025-04-30,False,2025-05-26,2025-05-27,2025-08-04,2025-10-15,2026-01-26,Público,https://esaj.tjsp.jus.br/cpopg/show.do?processo.codigo=GN0004H0J0000&processo.numero=1500858-32.2025.8.26.0599
1500866-09.2025.8.26.0599,18º Promotor de Justiça de Piracicaba,Foro de Piracicaba,4ª Vara Criminal,2025/000563,Procedimento Especial da Lei Antitóxicos,Tráfico de Drogas e Condutas Afins,2025-05-04,True,2025-05-29,2025-06-02,2025-07-18,2025-11-12,2025-11-17,Público,https://esaj.tjsp.jus.br/cpopg/show.do?processo.codigo=GN0004H0T0000&processo.numero=1500866-09.2025.8.26.0599
1500849-70.2025.8.26.0599,9º Promotor de Justiça de Piracicaba,Foro de Piracicaba,2ª Vara Criminal,2025/000614,Ação Penal - Procedimento Ordinário,Tráfico de Drogas e Condutas Afins,2025-04-29,False,2025-05-06,2025-05-07,2026-02-04,2026-02-06,2026-02-09,Público,https://esaj.tjsp.jus.br/cpopg/show.do?processo.codigo=GN0004H000000&processo.numero=1500849-70.2025.8.26.0599
1500850-55.2025.8.26.0599,6º Promotor de Justiça de Piracicaba,Foro de Piracicaba,1ª Vara Criminal,2025/000502,Procedimento Especial da Lei Antitóxicos,Tráfico de Drogas e Condutas Afins,2025-04-29,True,2025-05-19,2025-05-20,2025-07-04,2025-08-30,2025-09-01,Público,https://esaj.tjsp.jus.br/cpopg/show.do?processo.codigo=GN0004H010000&processo.numero=1500850-55.2025.8.26.0599
1500851-40.2025.8.26.0599,7º Promotor de Justiça de Piracicaba,Foro de Piracicaba,3ª Vara Criminal,2025/000545,Procedimento Especial da Lei Antitóxicos,Tráfico de Drogas e Condutas Afins,2025-04-29,True,2025-05-08,2025-05-12,2025-07-01,2025-09-30,2025-10-02,Público,https://esaj.tjsp.jus.br/cpopg/show.do?processo.codigo=GN0004H070000&processo.numero=1500851-40.2025.8.26.0599
1500852-25.2025.8.26.0599,18º Promotor de Justiça de Piracicaba,Foro de Piracicaba,4ª Vara Criminal,2025/000555,Procedimento Especial da Lei Antitóxicos,Tráfico de Drogas e Condutas Afins,2025-04-30,True,2025-05-06,2025-05-07,2025-07-10,2025-10-03,2025-10-06,Público,https://esaj.tjsp.jus.br/cpopg/show.do?processo.codigo=GN0004H0B0000&processo.numero=1500852-25.2025.8.26.0599
1500853-10.2025.8.26.0599,9º Promotor de Justiça de Piracicaba,Foro de Piracicaba,2ª Vara Criminal,2025/000621,Procedimento Especial da Lei Antitóxicos,Tráfico de Drogas e Condutas Afins,2025-04-30,True,2025-05-28,2025-05-28,2025-06-30,2025-08-21,2025-09-01,Público,https://esaj.tjsp.jus.br/cpopg/show.do?processo.codigo=GN0004H0C0000&processo.numero=1500853-10.2025.8.26.0599
1500854-92.2025.8.26.0599,9º Promotor de Justiça de Piracicaba,Foro de Piracicaba,2ª Vara Criminal,2025/000624,Ação Penal - Procedimento Ordinário,Lesão Cometida em Razão da Condição de Mulher,2025-04-30,False,2025-05-05,2025-05-05,,,,Restrito,https://esaj.tjsp.jus.br/cpopg/show.do?processo.codigo=GN0004H0E0000&processo.numero=1500854-92.2025.8.26.0599
1502870-75.2025.8.26.0451,18º Promotor de Justiça de Piracicaba,Foro de Piracicaba,4ª Vara Criminal,2025/000547,Ação Penal - Procedimento Ordinário,Maus Tratos,2025-04-29,False,2025-09-12,2025-09-16,,,,Restrito,https://esaj.tjsp.jus.br/cpopg/show.do?processo.codigo=CJ000VXU30000&processo.numero=1502870-75.2025.8.26.0451
1502872-45.2025.8.26.0451,4º Promotor de Justiça de Piracicaba,Foro de Piracicaba,3ª Vara Criminal,2025/000543,Ação Penal - Procedimento Ordinário,Furto,2025-04-29,False,2025-05-07,2025-05-09,,,,Público,https://esaj.tjsp.jus.br/cpopg/show.do?processo.codigo=CJ000VXU50000&processo.numero=1502872-45.2025.8.26.0451
1500848-85.2025.8.26.0599,18º Promotor de Justiça de Piracicaba,Foro de Piracicaba,4ª Vara Criminal,2025/000551,Procedimento Especial da Lei Antitóxicos,Tráfico de Drogas e Condutas Afins,2025-04-29,False,2025-06-10,2025-06-11,2025-06-30,2025-12-12,2025-12-15,Público,https://esaj.tjsp.jus.br/cpopg/show.do?processo.codigo=GN0004GZZ0000&processo.numero=1500848-85.2025.8.26.0599
1502840-40.2025.8.26.0451,4º Promotor de Justiça de Piracicaba,Foro de Piracicaba,3ª Vara Criminal,2025/000574,Ação Penal - Procedimento Sumário,Resistência,2025-05-07,False,,2025-05-12,,,,Público,https://esaj.tjsp.jus.br/cpopg/show.do?processo.codigo=CJ000VXOD0000&processo.numero=1502840-40.2025.8.26.0451
1500841-93.2025.8.26.0599,10º Promotor de Justiça de Piracicaba,Foro de Piracicaba,2ª Vara Criminal,2025/000608,Ação Penal - Procedimento Ordinário,Lesão Cometida em Razão da Condição de Mulher,2025-04-28,False,2025-04-30,2025-05-15,,,,Restrito,https://esaj.tjsp.jus.br/cpopg/show.do?processo.codigo=GN0004GZP0000&processo.numero=1500841-93.2025.8.26.0599
1500833-19.2025.8.26.0599,9º Promotor de Justiça de Piracicaba,Foro de Piracicaba,2ª Vara Criminal,2025/000602,Procedimento Especial da Lei Antitóxicos,Tráfico de Drogas e Condutas Afins,2025-04-27,False,2025-05-06,2025-05-07,,,2025-07-28,Público,https://esaj.tjsp.jus.br/cpopg/show.do?processo.codigo=GN0004GZB0000&processo.numero=1500833-19.2025.8.26.0599
1500815-95.2025.8.26.0599,4º Promotor de Justiça de Piracicaba,Foro de Piracicaba,3ª Vara Criminal,2025/000532,Procedimento Especial da Lei Antitóxicos,Tráfico de Drogas e Condutas Afins,2025-04-25,True,2025-04-28,2025-04-28,2025-05-27,2025-09-04,2025-09-09,Público,https://esaj.tjsp.jus.br/cpopg/show.do?processo.codigo=GN0004GYM0000&processo.numero=1500815-95.2025.8.26.0599
1500824-57.2025.8.26.0599,18º Promotor de Justiça de Piracicaba,Foro de Piracicaba,4ª Vara Criminal,2025/000539,Procedimento Especial da Lei Antitóxicos,Tráfico de Drogas e Condutas Afins,2025-04-27,True,2025-05-23,2025-05-23,2025-07-18,2025-10-08,2025-10-09,Público,https://esaj.tjsp.jus.br/cpopg/show.do?processo.codigo=GN0004GZ20000&processo.numero=1500824-57.2025.8.26.0599
1500808-06.2025.8.26.0599,11º Promotor de Justiça de Piracicaba,Foro de Piracicaba,1ª Vara Criminal,2025/000487,Procedimento Especial da Lei Antitóxicos,Tráfico de Drogas e Condutas Afins,2025-04-24,True,2025-04-30,2025-04-30,2025-05-19,2025-10-16,2025-12-01,Público,https://esaj.tjsp.jus.br/cpopg/show.do?processo.codigo=GN0004GYB0000&processo.numero=1500808-06.2025.8.26.0599
1500810-73.2025.8.26.0599,10º Promotor de Justiça de Piracicaba,Foro de Piracicaba,2ª Vara Criminal,2025/000596,Ação Penal - Procedimento Ordinário,Ameaça,2025-04-25,False,2025-04-29,2025-05-05,,,,Restrito,https://esaj.tjsp.jus.br/cpopg/show.do?processo.codigo=GN0004GYH0000&processo.numero=1500810-73.2025.8.26.0599
1500812-43.2025.8.26.0599,6º Promotor de Justiça de Piracicaba,Foro de Piracicaba,1ª Vara Criminal,2025/000489,Ação Penal - Procedimento Ordinário,Furto,2025-04-25,True,2025-04-30,2025-05-01,,2025-08-07,2025-07-29,Público,https://esaj.tjsp.jus.br/cpopg/show.do?processo.codigo=GN0004GYJ0000&processo.numero=1500812-43.2025.8.26.0599
1502788-44.2025.8.26.0451,9º Promotor de Justiça de Piracicaba,Foro de Piracicaba,2ª Vara Criminal,2025/000640,Ação Penal - Procedimento Ordinário,Maus Tratos,2025-05-07,False,,2025-05-09,,,,Restrito,https://esaj.tjsp.jus.br/cpopg/show.do?processo.codigo=CJ000VXEF0000&processo.numero=1502788-44.2025.8.26.0451
1502789-29.2025.8.26.0451,13º Promotor de Justiça de Piracicaba,Foro de Piracicaba,Vara do Juizado Especial Cível e Criminal,2025/001295,Termo Circunstanciado,Contravenções Penais,2025-04-24,False,,2026-03-05,,,,Público,https://esaj.tjsp.jus.br/cpopg/show.do?processo.codigo=CJ000VXEH0000&processo.numero=1502789-29.2025.8.26.0451
1502803-13.2025.8.26.0451,13º Promotor de Justiça de Piracicaba,Foro de Piracicaba,Vara do Juizado Especial Cível e Criminal,2025/001307,Ação Penal - Procedimento Sumaríssimo,Contravenções Penais,2025-04-24,False,,2025-10-07,,,,Público,https://esaj.tjsp.jus.br/cpopg/show.do?processo.codigo=CJ000VXFR0000&processo.numero=1502803-13.2025.8.26.0451
1502809-20.2025.8.26.0451,7º Promotor de Justiça de Piracicaba,Foro de Piracicaba,3ª Vara Criminal,2025/000527,Procedimento Especial da Lei Antitóxicos,Associação para a Produção e Tráfico e Condutas Afins,2025-04-24,False,2025-06-25,2025-07-01,2025-08-06,2026-05-22,,Público,https://esaj.tjsp.jus.br/cpopg/show.do?processo.codigo=CJ000VXH80000&processo.numero=1502809-20.2025.8.26.0451
1500806-36.2025.8.26.0599,11º Promotor de Justiça de Piracicaba,Foro de Piracicaba,1ª Vara Criminal,2025/000486,Procedimento Especial da Lei Antitóxicos,Tráfico de Drogas e Condutas Afins,2025-04-24,True,2025-04-28,2025-04-28,2025-05-30,2025-07-24,2025-07-24,Público,https://esaj.tjsp.jus.br/cpopg/show.do?processo.codigo=GN0004GY90000&processo.numero=1500806-36.2025.8.26.0599
1500807-21.2025.8.26.0599,18º Promotor de Justiça de Piracicaba,Foro de Piracicaba,4ª Vara Criminal,2025/000531,Procedimento Especial da Lei Antitóxicos,Tráfico de Drogas e Condutas Afins,2025-04-24,False,2025-04-30,2025-04-30,2025-10-03,,,Público,https://esaj.tjsp.jus.br/cpopg/show.do?processo.codigo=GN0004GYA0000&processo.numero=1500807-21.2025.8.26.0599
1502721-79.2025.8.26.0451,11º Promotor de Justiça de Piracicaba,Foro de Piracicaba,1ª Vara Criminal,2025/000468,Ação Penal - Procedimento Sumário,Ameaça,2025-04-23,False,2025-09-01,2025-09-02,,,,Restrito,https://esaj.tjsp.jus.br/cpopg/show.do?processo.codigo=CJ000VX7V0000&processo.numero=1502721-79.2025.8.26.0451
1502723-49.2025.8.26.0451,9º Promotor de Justiça de Piracicaba,Foro de Piracicaba,2ª Vara Criminal,2025/000582,Ação Penal - Procedimento Ordinário,Roubo,2025-04-23,False,2025-12-18,2025-12-19,2026-03-18,,,Público,https://esaj.tjsp.jus.br/cpopg/show.do?processo.codigo=CJ000VX7Y0000&processo.numero=1502723-49.2025.8.26.0451
1502736-48.2025.8.26.0451,18º Promotor de Justiça de Piracicaba,Foro de Piracicaba,4ª Vara Criminal,2025/000525,Ação Penal - Procedimento Ordinário,Leve,2025-04-23,False,2026-01-08,2026-01-13,,,,Público,https://esaj.tjsp.jus.br/cpopg/show.do?processo.codigo=CJ000VXAP0000&processo.numero=1502736-48.2025.8.26.0451
1500797-74.2025.8.26.0599,9º Promotor de Justiça de Piracicaba,Foro de Piracicaba,2ª Vara Criminal,2025/000583,Procedimento Especial da Lei Antitóxicos,Tráfico de Drogas e Condutas Afins,2025-04-23,True,2025-04-28,2025-04-30,2025-05-29,2025-09-05,2025-09-29,Público,https://esaj.tjsp.jus.br/cpopg/show.do?processo.codigo=GN0004GXX0000&processo.numero=1500797-74.2025.8.26.0599
1500802-96.2025.8.26.0599,11º Promotor de Justiça de Piracicaba,Foro de Piracicaba,1ª Vara Criminal,2025/000476,Ação Penal - Procedimento Ordinário,Furto,2025-04-23,False,2025-04-24,2025-04-25,,,,Público,https://esaj.tjsp.jus.br/cpopg/show.do?processo.codigo=GN0004GY20000&processo.numero=1500802-96.2025.8.26.0599
1502687-07.2025.8.26.0451,9º Promotor de Justiça de Piracicaba,Foro de Piracicaba,2ª Vara Criminal,2025/000584,Ação Penal - Procedimento Ordinário,Lesão Cometida em Razão da Condição de Mulher,2025-04-23,False,2025-04-23,2025-04-24,,,,Restrito,https://esaj.tjsp.jus.br/cpopg/show.do?processo.codigo=CJ000VX1T0000&processo.numero=1502687-07.2025.8.26.0451
1500788-15.2025.8.26.0599,7º Promotor de Justiça de Piracicaba,Foro de Piracicaba,3ª Vara Criminal,2025/000508,Ação Penal - Procedimento Ordinário,Decorrente de Violência Doméstica,2025-04-22,False,2025-04-24,2025-06-06,,,,Restrito,https://esaj.tjsp.jus.br/cpopg/show.do?processo.codigo=GN0004GXL0000&processo.numero=1500788-15.2025.8.26.0599
1500792-52.2025.8.26.0599,1º Promotor de Justiça Auxiliar de Piracicaba,Foro de Piracicaba,4ª Vara Criminal,2025/000523,Ação Penal - Procedimento Ordinário,Furto Qualificado,2025-04-23,False,2025-04-25,2025-04-30,,,,Público,https://esaj.tjsp.jus.br/cpopg/show.do?processo.codigo=GN0004GXR0000&processo.numero=1500792-52.2025.8.26.0599
1500777-83.2025.8.26.0599,7º Promotor de Justiça de Piracicaba,Foro de Piracicaba,3ª Vara Criminal,2025/000506,Ação Penal - Procedimento Sumário,Decorrente de Violência Doméstica,2025-04-21,False,2025-04-23,2025-04-24,,,,Restrito,https://esaj.tjsp.jus.br/cpopg/show.do?processo.codigo=GN0004GX80000&processo.numero=1500777-83.2025.8.26.0599
1500766-54.2025.8.26.0599,11º Promotor de Justiça de Piracicaba,Foro de Piracicaba,1ª Vara Criminal,2025/000455,Ação Penal - Procedimento Ordinário,Crimes do Sistema Nacional de Armas,2025-04-21,False,2025-04-23,2025-04-24,2025-06-18,,,Público,https://esaj.tjsp.jus.br/cpopg/show.do?processo.codigo=GN0004GWT0000&processo.numero=1500766-54.2025.8.26.0599
1500767-39.2025.8.26.0599,4º Promotor de Justiça de Piracicaba,Foro de Piracicaba,3ª Vara Criminal,2025/000502,Ação Penal - Procedimento Ordinário,Crimes do Sistema Nacional de Armas,2025-04-21,True,2025-04-25,2025-04-26,,2025-08-21,2025-08-25,Público,https://esaj.tjsp.jus.br/cpopg/show.do?processo.codigo=GN0004GWU0000&processo.numero=1500767-39.2025.8.26.0599
1500772-61.2025.8.26.0599,11º Promotor de Justiça de Piracicaba,Foro de Piracicaba,1ª Vara Criminal,2025/000457,Ação Penal - Procedimento Sumário,Furto,2025-04-21,False,2025-04-28,2025-04-28,,2025-07-31,2025-08-01,Público,https://esaj.tjsp.jus.br/cpopg/show.do?processo.codigo=GN0004GX30000&processo.numero=1500772-61.2025.8.26.0599
1500773-46.2025.8.26.0599,7º Promotor de Justiça de Piracicaba,Foro de Piracicaba,3ª Vara Criminal,2025/000505,Ação Penal - Procedimento Ordinário,Furto,2025-04-21,False,2025-04-24,2025-04-25,,,,Público,https://esaj.tjsp.jus.br/cpopg/show.do?processo.codigo=GN0004GX40000&processo.numero=1500773-46.2025.8.26.0599
1500774-31.2025.8.26.0599,4º Promotor de Justiça de Piracicaba,Foro de Piracicaba,3ª Vara Criminal,2025/000504,Procedimento Especial da Lei Antitóxicos,Tráfico de Drogas e Condutas Afins,2025-04-21,True,2025-04-24,2025-04-26,2025-05-23,2025-11-07,2025-11-14,Público,https://esaj.tjsp.jus.br/cpopg/show.do?processo.codigo=GN0004GX50000&processo.numero=1500774-31.2025.8.26.0599
1500753-55.2025.8.26.0599,6º Promotor de Justiça de Piracicaba,Foro de Piracicaba,1ª Vara Criminal,2025/000460,Ação Penal - Procedimento Sumário,Ameaça,2025-04-22,False,2025-04-23,2025-04-24,,,,Restrito,https://esaj.tjsp.jus.br/cpopg/show.do?processo.codigo=GN0004GWC0000&processo.numero=1500753-55.2025.8.26.0599
1500756-10.2025.8.26.0599,4º Promotor de Justiça de Piracicaba,Foro de Piracicaba,3ª Vara Criminal,2025/000501,Ação Penal - Procedimento Sumário,Decorrente de Violência Doméstica,2025-04-21,True,2025-04-24,2025-04-25,,2025-09-04,2025-09-09,Restrito,https://esaj.tjsp.jus.br/cpopg/show.do?processo.codigo=GN0004GWG0000&processo.numero=1500756-10.2025.8.26.0599
1500739-71.2025.8.26.0599,7º Promotor de Justiça de Piracicaba,Foro de Piracicaba,3ª Vara Criminal,2025/000499,Procedimento Especial da Lei Antitóxicos,Tráfico de Drogas e Condutas Afins,2025-04-21,True,2025-04-24,2025-04-25,2025-08-19,2025-12-15,2025-12-16,Público,https://esaj.tjsp.jus.br/cpopg/show.do?processo.codigo=GN0004GVR0000&processo.numero=1500739-71.2025.8.26.0599
1502669-83.2025.8.26.0451,6º Promotor de Justiça de Piracicaba,Foro de Piracicaba,1ª Vara Criminal,2025/000450,Ação Penal - Procedimento Ordinário,Estelionato,2025-04-17,False,2025-09-26,2025-09-30,,,,Público,https://esaj.tjsp.jus.br/cpopg/show.do?processo.codigo=CJ000VWWF0000&processo.numero=1502669-83.2025.8.26.0451
1502670-68.2025.8.26.0451,6º Promotor de Justiça de Piracicaba,Foro de Piracicaba,1ª Vara Criminal,2025/000451,Ação Penal - Procedimento Sumário,Leve,2025-04-17,False,2025-06-06,2025-06-09,,,,Restrito,https://esaj.tjsp.jus.br/cpopg/show.do?processo.codigo=CJ000VWWG0000&processo.numero=1502670-68.2025.8.26.0451
1502671-53.2025.8.26.0451,6º Promotor de Justiça de Piracicaba,Foro de Piracicaba,1ª Vara Criminal,2025/000452,Ação Penal - Procedimento Sumário,Leve,2025-04-17,False,2025-07-10,2025-07-14,2025-08-21,,,Restrito,https://esaj.tjsp.jus.br/cpopg/show.do?processo.codigo=CJ000VWWI0000&processo.numero=1502671-53.2025.8.26.0451
1502678-45.2025.8.26.0451,18º Promotor de Justiça de Piracicaba,Foro de Piracicaba,4ª Vara Criminal,2025/000505,Ação Penal - Procedimento Sumário,Leve,2025-04-17,False,2025-07-23,2025-07-24,,,,Restrito,https://esaj.tjsp.jus.br/cpopg/show.do?processo.codigo=CJ000VWXH0000&processo.numero=1502678-45.2025.8.26.0451
1502682-82.2025.8.26.0451,18º Promotor de Justiça de Piracicaba,Foro de Piracicaba,4ª Vara Criminal,2025/000507,Ação Penal - Procedimento Sumário,Ameaça,2025-04-17,False,2025-05-01,2025-05-06,,2026-05-04,2026-05-07,Restrito,https://esaj.tjsp.jus.br/cpopg/show.do?processo.codigo=CJ000VWXN0000&processo.numero=1502682-82.2025.8.26.0451
1502635-11.2025.8.26.0451,7º Promotor de Justiça de Piracicaba,Foro de Piracicaba,3ª Vara Criminal,2025/000495,Ação Penal - Procedimento Ordinário,"Intolerância e/ou Injúria Racial, de Cor e/ou Etnia",2025-04-16,False,2025-06-05,2025-06-09,2025-09-12,,,Público,https://esaj.tjsp.jus.br/cpopg/show.do?processo.codigo=CJ000VWQ50000&processo.numero=1502635-11.2025.8.26.0451
1502640-33.2025.8.26.0451,9º Promotor de Justiça de Piracicaba,Foro de Piracicaba,2ª Vara Criminal,2025/000560,Ação Penal - Procedimento Ordinário,Furto,2025-04-16,False,2025-09-26,2025-09-29,,,,Público,https://esaj.tjsp.jus.br/cpopg/show.do?processo.codigo=CJ000VWQS0000&processo.numero=1502640-33.2025.8.26.0451
1500731-94.2025.8.26.0599,9º Promotor de Justiça de Piracicaba,Foro de Piracicaba,2ª Vara Criminal,2025/000554,Ação Penal - Procedimento Ordinário,Receptação,2025-04-15,False,2025-05-13,2026-04-17,,,,Público,https://esaj.tjsp.jus.br/cpopg/show.do?processo.codigo=GN0004GV90000&processo.numero=1500731-94.2025.8.26.0599
1500724-05.2025.8.26.0599,10º Promotor de Justiça de Piracicaba,Foro de Piracicaba,2ª Vara Criminal,2025/000549,Ação Penal - Procedimento Ordinário,Tráfico de Drogas e Condutas Afins,2025-04-14,False,2025-05-12,2025-05-15,2025-06-18,2025-10-24,2025-10-28,Público,https://esaj.tjsp.jus.br/cpopg/show.do?processo.codigo=GN0004GUT0000&processo.numero=1500724-05.2025.8.26.0599
1500726-72.2025.8.26.0599,9º Promotor de Justiça de Piracicaba,Foro de Piracicaba,2ª Vara Criminal,2025/000553,Ação Penal - Procedimento Ordinário,Crimes do Sistema Nacional de Armas,2025-04-15,False,2025-04-22,2026-01-07,,,,Público,https://esaj.tjsp.jus.br/cpopg/show.do?processo.codigo=GN0004GUV0000&processo.numero=1500726-72.2025.8.26.0599
1502569-31.2025.8.26.0451,10º Promotor de Justiça de Piracicaba,Foro de Piracicaba,2ª Vara Criminal,2025/000539,Ação Penal - Procedimento Ordinário,Decorrente de Violência Doméstica,2025-04-14,False,2025-05-12,2025-12-12,,,,Restrito,https://esaj.tjsp.jus.br/cpopg/show.do?processo.codigo=CJ000VWC50000&processo.numero=1502569-31.2025.8.26.0451
1502572-83.2025.8.26.0451,4º Promotor de Justiça de Piracicaba,Foro de Piracicaba,3ª Vara Criminal,2025/000484,Ação Penal - Procedimento Sumário,Lesão Cometida em Razão da Condição de Mulher,2025-04-14,False,2025-08-27,2025-08-29,,,,Restrito,https://esaj.tjsp.jus.br/cpopg/show.do?processo.codigo=CJ000VWC90000&processo.numero=1502572-83.2025.8.26.0451
1502573-68.2025.8.26.0451,18º Promotor de Justiça de Piracicaba,Foro de Piracicaba,4ª Vara Criminal,2025/000485,Ação Penal - Procedimento Ordinário,Lesão Cometida em Razão da Condição de Mulher,2025-04-14,False,2025-11-17,2025-11-17,,,,Restrito,https://esaj.tjsp.jus.br/cpopg/show.do?processo.codigo=CJ000VWCA0000&processo.numero=1502573-68.2025.8.26.0451
1502581-45.2025.8.26.0451,9º Promotor de Justiça de Piracicaba,Foro de Piracicaba,2ª Vara Criminal,2025/000543,Ação Penal - Procedimento Ordinário,Real,2025-04-14,False,2025-08-26,2025-08-28,,,,Restrito,https://esaj.tjsp.jus.br/cpopg/show.do?processo.codigo=CJ000VWCU0000&processo.numero=1502581-45.2025.8.26.0451
1502587-52.2025.8.26.0451,10º Promotor de Justiça de Piracicaba,Foro de Piracicaba,2ª Vara Criminal,2025/000546,Ação Penal - Procedimento Sumário,Ameaça,2025-04-14,False,2025-09-24,2025-09-25,,,,Restrito,https://esaj.tjsp.jus.br/cpopg/show.do?processo.codigo=CJ000VWD60000&processo.numero=1502587-52.2025.8.26.0451
1502596-14.2025.8.26.0451,13º Promotor de Justiça de Piracicaba,Foro de Piracicaba,Vara do Juizado Especial Cível e Criminal,2025/001193,Termo Circunstanciado,Desobediência,2025-04-14,False,,2026-05-28,,,,Público,https://esaj.tjsp.jus.br/cpopg/show.do?processo.codigo=CJ000VWFD0000&processo.numero=1502596-14.2025.8.26.0451
1500719-80.2025.8.26.0599,1º Promotor de Justiça Auxiliar de Piracicaba,Foro de Piracicaba,4ª Vara Criminal,2025/000479,Procedimento Especial da Lei Antitóxicos,Tráfico de Drogas e Condutas Afins,2025-04-13,True,2025-04-16,2025-04-22,2025-05-20,2025-08-08,2025-08-13,Público,https://esaj.tjsp.jus.br/cpopg/show.do?processo.codigo=GN0004GUJ0000&processo.numero=1500719-80.2025.8.26.0599
1500715-43.2025.8.26.0599,18º Promotor de Justiça de Piracicaba,Foro de Piracicaba,4ª Vara Criminal,2025/000529,Ação Penal - Procedimento Ordinário,Receptação,2025-04-24,False,2025-04-22,2025-09-10,,,,Público,https://esaj.tjsp.jus.br/cpopg/show.do?processo.codigo=GN0004GUE0000&processo.numero=1500715-43.2025.8.26.0599
1500709-36.2025.8.26.0599,10º Promotor de Justiça de Piracicaba,Foro de Piracicaba,2ª Vara Criminal,2025/000538,Procedimento Especial da Lei Antitóxicos,Tráfico de Drogas e Condutas Afins,2025-04-13,True,2025-04-24,2025-04-29,2025-06-05,2025-07-08,2025-07-08,Público,https://esaj.tjsp.jus.br/cpopg/show.do?processo.codigo=GN0004GU50000&processo.numero=1500709-36.2025.8.26.0599
1502541-63.2025.8.26.0451,10º Promotor de Justiça de Piracicaba,Foro de Piracicaba,2ª Vara Criminal,2025/000525,Ação Penal - Procedimento Sumário,Contra a Mulher,2025-04-11,False,2025-06-01,2025-06-06,,,,Restrito,https://esaj.tjsp.jus.br/cpopg/show.do?processo.codigo=CJ000VW830000&processo.numero=1502541-63.2025.8.26.0451
1502546-85.2025.8.26.0451,10º Promotor de Justiça de Piracicaba,Foro de Piracicaba,2ª Vara Criminal,2025/000527,Ação Penal - Procedimento Sumário,Ameaça,2025-04-11,False,2025-06-04,2025-06-12,,,,Restrito,https://esaj.tjsp.jus.br/cpopg/show.do?processo.codigo=CJ000VW8D0000&processo.numero=1502546-85.2025.8.26.0451
1502558-02.2025.8.26.0451,7º Promotor de Justiça de Piracicaba,Foro de Piracicaba,3ª Vara Criminal,2025/000477,Ação Penal - Procedimento Sumário,Ameaça,2025-04-11,False,2025-06-01,2025-06-05,,,,Restrito,https://esaj.tjsp.jus.br/cpopg/show.do?processo.codigo=CJ000VW9U0000&processo.numero=1502558-02.2025.8.26.0451
1502560-69.2025.8.26.0451,9º Promotor de Justiça de Piracicaba,Foro de Piracicaba,2ª Vara Criminal,2025/000531,Ação Penal - Procedimento Sumário,Contra a Mulher,2025-04-11,False,2025-06-01,2025-06-02,,,,Restrito,https://esaj.tjsp.jus.br/cpopg/show.do?processo.codigo=CJ000VWA00000&processo.numero=1502560-69.2025.8.26.0451
1500696-37.2025.8.26.0599,7º Promotor de Justiça de Piracicaba,Foro de Piracicaba,3ª Vara Criminal,2025/000465,Procedimento Especial da Lei Antitóxicos,Tráfico de Drogas e Condutas Afins,2025-04-10,True,2025-04-22,2025-04-23,,2025-09-18,2025-09-19,Público,https://esaj.tjsp.jus.br/cpopg/show.do?processo.codigo=GN0004GTI0000&processo.numero=1500696-37.2025.8.26.0599
1500697-22.2025.8.26.0599,7º Promotor de Justiça de Piracicaba,Foro de Piracicaba,3ª Vara Criminal,2025/000478,Ação Penal - Procedimento Ordinário,Furto,2025-04-11,False,2025-04-16,2025-04-16,,,,Público,https://esaj.tjsp.jus.br/cpopg/show.do?processo.codigo=GN0004GTM0000&processo.numero=1500697-22.2025.8.26.0599
1502513-95.2025.8.26.0451,9º Promotor de Justiça de Piracicaba,Foro de Piracicaba,2ª Vara Criminal,2025/000521,Ação Penal - Procedimento Sumário,Ameaça,2025-04-10,False,2025-08-20,2025-08-26,,,,Restrito,https://esaj.tjsp.jus.br/cpopg/show.do?processo.codigo=CJ000VW4S0000&processo.numero=1502513-95.2025.8.26.0451
1502518-20.2025.8.26.0451,7º Promotor de Justiça de Piracicaba,Foro de Piracicaba,3ª Vara Criminal,2025/000468,Ação Penal - Procedimento Ordinário,Decorrente de Violência Doméstica,2025-04-10,False,,2026-03-10,,,,Restrito,https://esaj.tjsp.jus.br/cpopg/show.do?processo.codigo=CJ000VW500000&processo.numero=1502518-20.2025.8.26.0451
1500690-30.2025.8.26.0599,18º Promotor de Justiça de Piracicaba,Foro de Piracicaba,4ª Vara Criminal,2025/000463,Procedimento Especial da Lei Antitóxicos,Tráfico de Drogas e Condutas Afins,2025-04-09,False,2025-05-16,2025-05-16,2025-07-25,,,Público,https://esaj.tjsp.jus.br/cpopg/show.do?processo.codigo=GN0004GT80000&processo.numero=1500690-30.2025.8.26.0599
1500692-97.2025.8.26.0599,18º Promotor de Justiça de Piracicaba,Foro de Piracicaba,4ª Vara Criminal,2025/000465,Ação Penal - Procedimento Ordinário,Furto,2025-04-10,False,2025-05-23,2025-05-26,,,,Público,https://esaj.tjsp.jus.br/cpopg/show.do?processo.codigo=GN0004GTE0000&processo.numero=1500692-97.2025.8.26.0599
1500693-82.2025.8.26.0599,10º Promotor de Justiça de Piracicaba,Foro de Piracicaba,2ª Vara Criminal,2025/000519,Ação Penal - Procedimento Ordinário,Tráfico de Drogas e Condutas Afins,2025-04-10,True,2025-04-29,2025-05-05,2025-05-19,2025-12-08,2025-12-12,Público,https://esaj.tjsp.jus.br/cpopg/show.do?processo.codigo=GN0004GTF0000&processo.numero=1500693-82.2025.8.26.0599
1500695-52.2025.8.26.0599,11º Promotor de Justiça de Piracicaba,Foro de Piracicaba,1ª Vara Criminal,2025/000424,Procedimento Especial da Lei Antitóxicos,Tráfico de Drogas e Condutas Afins,2025-04-10,True,2025-04-14,2025-04-15,2025-05-09,2025-08-12,2025-08-12,Público,https://esaj.tjsp.jus.br/cpopg/show.do?processo.codigo=GN0004GTH0000&processo.numero=1500695-52.2025.8.26.0599
1502455-92.2025.8.26.0451,7º Promotor de Justiça de Piracicaba,Foro de Piracicaba,3ª Vara Criminal,2025/000458,Ação Penal - Procedimento Ordinário,Furto Qualificado,2025-04-09,True,2025-05-28,2025-05-30,2025-06-11,2025-10-22,2025-10-25,Restrito,https://esaj.tjsp.jus.br/cpopg/show.do?processo.codigo=CJ000VVWP0000&processo.numero=1502455-92.2025.8.26.0451
1502467-09.2025.8.26.0451,18º Promotor de Justiça de Piracicaba,Foro de Piracicaba,4ª Vara Criminal,2025/000461,Ação Penal - Procedimento Ordinário,Leve,2025-04-09,False,2025-10-27,2025-10-28,,,,Restrito,https://esaj.tjsp.jus.br/cpopg/show.do?processo.codigo=CJ000VVXV0000&processo.numero=1502467-09.2025.8.26.0451
1502473-16.2025.8.26.0451,13º Promotor de Justiça de Piracicaba,Foro de Piracicaba,Vara do Juizado Especial Cível e Criminal,2025/001143,Ação Penal - Procedimento Sumaríssimo,Crimes de Trânsito,2025-04-09,False,,2025-04-24,,,,Público,https://esaj.tjsp.jus.br/cpopg/show.do?processo.codigo=CJ000VVY70000&processo.numero=1502473-16.2025.8.26.0451
1500685-08.2025.8.26.0599,6º Promotor de Justiça de Piracicaba,Foro de Piracicaba,1ª Vara Criminal,2025/000421,Procedimento Especial da Lei Antitóxicos,Tráfico de Drogas e Condutas Afins,2025-04-09,True,2025-04-30,2025-05-01,2025-06-03,2025-07-30,2025-07-30,Público,https://esaj.tjsp.jus.br/cpopg/show.do?processo.codigo=GN0004GT40000&processo.numero=1500685-08.2025.8.26.0599
1500687-75.2025.8.26.0599,4º Promotor de Justiça de Piracicaba,Foro de Piracicaba,3ª Vara Criminal,2025/000461,Procedimento Especial da Lei Antitóxicos,Tráfico de Drogas e Condutas Afins,2025-04-09,True,2025-04-30,2025-04-30,,2025-09-30,2025-10-01,Público,https://esaj.tjsp.jus.br/cpopg/show.do?processo.codigo=GN0004GT60000&processo.numero=1500687-75.2025.8.26.0599
1502417-80.2025.8.26.0451,7º Promotor de Justiça de Piracicaba,Foro de Piracicaba,3ª Vara Criminal,2025/000455,Ação Penal - Procedimento Ordinário,Decorrente de Violência Doméstica,2025-04-08,False,2025-11-10,2025-11-13,,,,Restrito,https://esaj.tjsp.jus.br/cpopg/show.do?processo.codigo=CJ000VVQS0000&processo.numero=1502417-80.2025.8.26.0451
1502419-50.2025.8.26.0451,9º Promotor de Justiça de Piracicaba,Foro de Piracicaba,2ª Vara Criminal,2025/000503,Ação Penal - Procedimento Ordinário,Lesão Cometida em Razão da Condição de Mulher,2025-04-08,False,2025-09-23,2025-09-24,,,,Restrito,https://esaj.tjsp.jus.br/cpopg/show.do?processo.codigo=CJ000VVQV0000&processo.numero=1502419-50.2025.8.26.0451
1502422-05.2025.8.26.0451,10º Promotor de Justiça de Piracicaba,Foro de Piracicaba,2ª Vara Criminal,2025/000506,Ação Penal - Procedimento Ordinário,Estelionato,2025-04-08,False,2025-12-11,2026-03-16,,,,Público,https://esaj.tjsp.jus.br/cpopg/show.do?processo.codigo=CJ000VVRI0000&processo.numero=1502422-05.2025.8.26.0451
1502427-27.2025.8.26.0451,13º Promotor de Justiça de Piracicaba,Foro de Piracicaba,Vara do Juizado Especial Cível e Criminal,2025/001117,Ação Penal - Procedimento Sumaríssimo,Crimes de Trânsito,2025-04-08,False,,2025-09-02,,2026-05-03,,Público,https://esaj.tjsp.jus.br/cpopg/show.do?processo.codigo=CJ000VVS90000&processo.numero=1502427-27.2025.8.26.0451
1502431-64.2025.8.26.0451,9º Promotor de Justiça de Piracicaba,Foro de Piracicaba,2ª Vara Criminal,2025/000510,Ação Penal - Procedimento Sumário,Ameaça,2025-04-08,False,2025-11-11,2025-11-12,,,,Restrito,https://esaj.tjsp.jus.br/cpopg/show.do?processo.codigo=CJ000VVSU0000&processo.numero=1502431-64.2025.8.26.0451
1502438-56.2025.8.26.0451,6º Promotor de Justiça de Piracicaba,Foro de Piracicaba,1ª Vara Criminal,2025/000419,Ação Penal - Procedimento Ordinário,Crime de Descumprimento de Medida Protetiva  de Urgência,2025-04-08,False,2026-05-04,2026-05-05,,,,Restrito,https://esaj.tjsp.jus.br/cpopg/show.do?processo.codigo=CJ000VVT80000&processo.numero=1502438-56.2025.8.26.0451
1500682-53.2025.8.26.0599,13º Promotor de Justiça de Piracicaba,Foro de Piracicaba,Vara do Juizado Especial Cível e Criminal,2025/001182,Ação Penal - Procedimento Sumaríssimo,Crime de Descumprimento de Medida Protetiva  de Urgência,2025-04-11,False,2025-04-11,2025-04-28,,,,Restrito,https://esaj.tjsp.jus.br/cpopg/show.do?processo.codigo=GN0004GSW0000&processo.numero=1500682-53.2025.8.26.0599
1500683-38.2025.8.26.0599,7º Promotor de Justiça de Piracicaba,Foro de Piracicaba,3ª Vara Criminal,2025/000457,Procedimento Especial da Lei Antitóxicos,Tráfico de Drogas e Condutas Afins,2025-04-08,True,2025-04-11,2025-04-11,2025-04-30,2025-11-25,2025-11-27,Público,https://esaj.tjsp.jus.br/cpopg/show.do?processo.codigo=GN0004GSY0000&processo.numero=1500683-38.2025.8.26.0599
1502355-40.2025.8.26.0451,9º Promotor de Justiça de Piracicaba,Foro de Piracicaba,2ª Vara Criminal,2025/000492,Ação Penal - Procedimento Ordinário,Lesão Cometida em Razão da Condição de Mulher,2025-04-07,False,2025-09-21,2025-09-23,,,,Restrito,https://esaj.tjsp.jus.br/cpopg/show.do?processo.codigo=CJ000VVJU0000&processo.numero=1502355-40.2025.8.26.0451
1502364-02.2025.8.26.0451,4º Promotor de Justiça de Piracicaba,Foro de Piracicaba,3ª Vara Criminal,2025/000440,Ação Penal - Procedimento Sumário,Decorrente de Violência Doméstica,2025-04-07,False,2025-09-21,2025-10-02,,,,Restrito,https://esaj.tjsp.jus.br/cpopg/show.do?processo.codigo=CJ000VVL20000&processo.numero=1502364-02.2025.8.26.0451
1502373-61.2025.8.26.0451,9º Promotor de Justiça de Piracicaba,Foro de Piracicaba,2ª Vara Criminal,2025/000641,Ação Penal - Procedimento Sumário,Ameaça,2025-05-07,False,2025-05-05,2025-05-08,,2026-05-05,2026-05-18,Restrito,https://esaj.tjsp.jus.br/cpopg/show.do?processo.codigo=CJ000VVLN0000&processo.numero=1502373-61.2025.8.26.0451
1502391-82.2025.8.26.0451,13º Promotor de Justiça de Piracicaba,Foro de Piracicaba,Vara do Juizado Especial Cível e Criminal,2025/001093,Ação Penal - Procedimento Sumaríssimo,Crimes de Trânsito,2025-04-07,False,,2025-09-02,,,,Público,https://esaj.tjsp.jus.br/cpopg/show.do?processo.codigo=CJ000VVO60000&processo.numero=1502391-82.2025.8.26.0451
1500676-46.2025.8.26.0599,6º Promotor de Justiça de Piracicaba,Foro de Piracicaba,1ª Vara Criminal,2025/000412,Procedimento Especial da Lei Antitóxicos,Tráfico de Drogas e Condutas Afins,2025-04-07,True,2025-04-14,2025-04-16,2025-05-12,,,Público,https://esaj.tjsp.jus.br/cpopg/show.do?processo.codigo=GN0004GSQ0000&processo.numero=1500676-46.2025.8.26.0599
1500678-16.2025.8.26.0599,4º Promotor de Justiça de Piracicaba,Foro de Piracicaba,3ª Vara Criminal,2025/000443,Ação Penal - Procedimento Sumário,Crime de Descumprimento de Medida Protetiva  de Urgência,2025-04-07,True,2025-04-11,2025-04-14,,2026-01-19,2026-01-19,Público,https://esaj.tjsp.jus.br/cpopg/show.do?processo.codigo=GN0004GSS0000&processo.numero=1500678-16.2025.8.26.0599
1500680-83.2025.8.26.0599,9º Promotor de Justiça de Piracicaba,Foro de Piracicaba,2ª Vara Criminal,2025/000491,Ação Penal - Procedimento Sumário,Receptação,2025-04-07,False,2025-04-14,2025-06-04,,,,Público,https://esaj.tjsp.jus.br/cpopg/show.do?processo.codigo=GN0004GSU0000&processo.numero=1500680-83.2025.8.26.0599
1500660-92.2025.8.26.0599,7º Promotor de Justiça de Piracicaba,Foro de Piracicaba,3ª Vara Criminal,2025/000437,Ação Penal - Procedimento Ordinário,Furto Qualificado,2025-04-07,False,2025-04-23,2025-12-11,,,,Público,https://esaj.tjsp.jus.br/cpopg/show.do?processo.codigo=GN0004GRY0000&processo.numero=1500660-92.2025.8.26.0599
1500652-18.2025.8.26.0599,6º Promotor de Justiça de Piracicaba,Foro de Piracicaba,1ª Vara Criminal,2025/000400,Ação Penal - Procedimento Ordinário,Receptação,2025-04-04,False,2025-04-11,2025-04-16,2025-07-02,2025-12-16,2025-12-17,Público,https://esaj.tjsp.jus.br/cpopg/show.do?processo.codigo=GN0004GRN0000&processo.numero=1500652-18.2025.8.26.0599
1500656-55.2025.8.26.0599,9º Promotor de Justiça de Piracicaba,Foro de Piracicaba,2ª Vara Criminal,2025/000490,Procedimento Especial da Lei Antitóxicos,Tráfico de Drogas e Condutas Afins,2025-04-07,True,2025-05-16,2025-05-20,,2025-10-27,2025-10-28,Público,https://esaj.tjsp.jus.br/cpopg/show.do?processo.codigo=GN0004GRU0000&processo.numero=1500656-55.2025.8.26.0599
1502332-94.2025.8.26.0451,18º Promotor de Justiça de Piracicaba,Foro de Piracicaba,4ª Vara Criminal,2025/000433,Ação Penal - Procedimento Ordinário,Estelionato,2025-04-04,False,2025-04-07,2026-05-22,,,,Público,https://esaj.tjsp.jus.br/cpopg/show.do?processo.codigo=CJ000VVFY0000&processo.numero=1502332-94.2025.8.26.0451
1502339-86.2025.8.26.0451,6º Promotor de Justiça de Piracicaba,Foro de Piracicaba,1ª Vara Criminal,2025/000403,Ação Penal - Procedimento Ordinário,Estupro de vulnerável,2025-04-04,False,2025-06-26,2025-06-27,,,,Restrito,https://esaj.tjsp.jus.br/cpopg/show.do?processo.codigo=CJ000VVGV0000&processo.numero=1502339-86.2025.8.26.0451
1502342-41.2025.8.26.0451,11º Promotor de Justiça de Piracicaba,Foro de Piracicaba,1ª Vara Criminal,2025/000404,Ação Penal - Procedimento Ordinário,Estupro de vulnerável,2025-04-04,False,2025-06-05,2026-02-20,2026-04-17,,,Restrito,https://esaj.tjsp.jus.br/cpopg/show.do?processo.codigo=CJ000VVH00000&processo.numero=1502342-41.2025.8.26.0451
1500646-11.2025.8.26.0599,10º Promotor de Justiça de Piracicaba,Foro de Piracicaba,2ª Vara Criminal,2025/000485,Procedimento Especial da Lei Antitóxicos,Tráfico de Drogas e Condutas Afins,2025-04-04,False,2025-04-11,2025-04-16,2025-11-25,,,Público,https://esaj.tjsp.jus.br/cpopg/show.do?processo.codigo=GN0004GRH0000&processo.numero=1500646-11.2025.8.26.0599
1500648-78.2025.8.26.0599,6º Promotor de Justiça de Piracicaba,Foro de Piracicaba,1ª Vara Criminal,2025/000401,Procedimento Especial da Lei Antitóxicos,Tráfico de Drogas e Condutas Afins,2025-04-04,False,2025-04-22,2025-04-23,2025-05-19,,,Público,https://esaj.tjsp.jus.br/cpopg/show.do?processo.codigo=GN0004GRJ0000&processo.numero=1500648-78.2025.8.26.0599
1500650-48.2025.8.26.0599,9º Promotor de Justiça de Piracicaba,Foro de Piracicaba,2ª Vara Criminal,2025/000484,Ação Penal - Procedimento Ordinário,Furto Qualificado,2025-04-04,False,2025-04-10,2025-04-11,,,,Público,https://esaj.tjsp.jus.br/cpopg/show.do?processo.codigo=GN0004GRL0000&processo.numero=1500650-48.2025.8.26.0599
1502280-98.2025.8.26.0451,17º Promotor de Justiça de Piracicaba,Foro de Piracicaba,4ª Vara Criminal,2025/000434,Procedimento Especial da Lei Antitóxicos,Tráfico de Drogas e Condutas Afins,2025-04-04,False,2025-04-04,2025-04-09,2025-07-18,2026-03-18,,Público,https://esaj.tjsp.jus.br/cpopg/show.do?processo.codigo=CJ000VV9U0000&processo.numero=1502280-98.2025.8.26.0451
1500641-86.2025.8.26.0599,7º Promotor de Justiça de Piracicaba,Foro de Piracicaba,3ª Vara Criminal,2025/000419,Ação Penal - Procedimento Sumário,Tráfico de Drogas e Condutas Afins,2025-04-03,False,2025-04-14,2025-04-22,2025-07-07,,,Público,https://esaj.tjsp.jus.br/cpopg/show.do?processo.codigo=GN0004GR50000&processo.numero=1500641-86.2025.8.26.0599
1502131-05.2025.8.26.0451,6º Promotor de Justiça de Piracicaba,Foro de Piracicaba,1ª Vara Criminal,2025/000382,Inquérito Policial,Furto,2025-04-02,False,2026-03-13,2026-03-13,,,,Público,https://esaj.tjsp.jus.br/cpopg/show.do?processo.codigo=CJ000VUY80000&processo.numero=1502131-05.2025.8.26.0451
1502115-51.2025.8.26.0451,6º Promotor de Justiça de Piracicaba,Foro de Piracicaba,1ª Vara Criminal,2025/000379,Ação Penal - Procedimento Ordinário,Roubo,2025-04-01,False,2025-04-22,2025-04-24,,,,Público,https://esaj.tjsp.jus.br/cpopg/show.do?processo.codigo=CJ000VUUH0000&processo.numero=1502115-51.2025.8.26.0451
1500628-87.2025.8.26.0599,10º Promotor de Justiça de Piracicaba,Foro de Piracicaba,2ª Vara Criminal,2025/000456,Ação Penal - Procedimento Ordinário,Tráfico de Drogas e Condutas Afins,2025-03-31,False,2025-04-14,2025-04-21,2025-05-20,,,Restrito,https://esaj.tjsp.jus.br/cpopg/show.do?processo.codigo=GN0004GQL0000&processo.numero=1500628-87.2025.8.26.0599
1500629-72.2025.8.26.0599,18º Promotor de Justiça de Piracicaba,Foro de Piracicaba,4ª Vara Criminal,2025/000401,Ação Penal - Procedimento Ordinário,Leve,2025-03-31,False,2025-03-31,2025-05-16,,,,Restrito,https://esaj.tjsp.jus.br/cpopg/show.do?processo.codigo=GN0004GQM0000&processo.numero=1500629-72.2025.8.26.0599
1500630-57.2025.8.26.0599,9º Promotor de Justiça de Piracicaba,Foro de Piracicaba,2ª Vara Criminal,2025/000463,Ação Penal - Procedimento Ordinário,Tráfico de Drogas e Condutas Afins,2025-04-02,True,2025-04-15,2025-04-16,2025-06-16,2025-08-18,2025-08-19,Público,https://esaj.tjsp.jus.br/cpopg/show.do?processo.codigo=GN0004GQO0000&processo.numero=1500630-57.2025.8.26.0599
1502096-45.2025.8.26.0451,13º Promotor de Justiça de Piracicaba,Foro de Piracicaba,Vara do Juizado Especial Cível e Criminal,2025/001053,Pedido de Prisão Preventiva,Desobediência,2025-04-03,False,,2026-01-29,,,,Restrito,https://esaj.tjsp.jus.br/cpopg/show.do?processo.codigo=CJ000VURE0000&processo.numero=1502096-45.2025.8.26.0451
1500625-35.2025.8.26.0599,6º Promotor de Justiça de Piracicaba,Foro de Piracicaba,1ª Vara Criminal,2025/000371,Procedimento Especial da Lei Antitóxicos,Tráfico de Drogas e Condutas Afins,2025-03-30,False,2025-04-23,2025-04-23,2025-06-11,2025-10-15,2026-02-26,Público,https://esaj.tjsp.jus.br/cpopg/show.do?processo.codigo=GN0004GQE0000&processo.numero=1500625-35.2025.8.26.0599
1500627-05.2025.8.26.0599,7º Promotor de Justiça de Piracicaba,Foro de Piracicaba,3ª Vara Criminal,2025/000406,Ação Penal - Procedimento Ordinário,Furto,2025-03-31,True,2025-04-03,2025-04-04,,2025-08-10,2025-08-15,Público,https://esaj.tjsp.jus.br/cpopg/show.do?processo.codigo=GN0004GQK0000&processo.numero=1500627-05.2025.8.26.0599
1500617-58.2025.8.26.0599,9º Promotor de Justiça de Piracicaba,Foro de Piracicaba,2ª Vara Criminal,2025/000453,Ação Penal - Procedimento Ordinário,Tráfico de Drogas e Condutas Afins,2025-03-30,False,2025-04-02,2025-04-03,,2025-09-15,2025-09-17,Público,https://esaj.tjsp.jus.br/cpopg/show.do?processo.codigo=GN0004GQ60000&processo.numero=1500617-58.2025.8.26.0599
1500620-13.2025.8.26.0599,6º Promotor de Justiça de Piracicaba,Foro de Piracicaba,1ª Vara Criminal,2025/000370,Ação Penal - Procedimento Sumário,Crime de Descumprimento de Medida Protetiva  de Urgência,2025-03-30,False,2025-04-04,2025-04-07,,,,Restrito,https://esaj.tjsp.jus.br/cpopg/show.do?processo.codigo=GN0004GQ90000&processo.numero=1500620-13.2025.8.26.0599
1500607-14.2025.8.26.0599,9º Promotor de Justiça de Piracicaba,Foro de Piracicaba,2ª Vara Criminal,2025/000454,Ação Penal - Procedimento Ordinário,Receptação,2025-03-30,False,2025-04-04,2025-04-04,,,,Público,https://esaj.tjsp.jus.br/cpopg/show.do?processo.codigo=GN0004GPU0000&processo.numero=1500607-14.2025.8.26.0599
1502019-36.2025.8.26.0451,18º Promotor de Justiça de Piracicaba,Foro de Piracicaba,4ª Vara Criminal,2026/000083,Ação Penal - Procedimento Ordinário,Leve,2026-01-16,False,,2026-01-24,,,,Público,https://esaj.tjsp.jus.br/cpopg/show.do?processo.codigo=CJ000VUD50000&processo.numero=1502019-36.2025.8.26.0451
1500586-38.2025.8.26.0599,10º Promotor de Justiça de Piracicaba,Foro de Piracicaba,2ª Vara Criminal,2025/000436,Procedimento Especial da Lei Antitóxicos,Tráfico de Drogas e Condutas Afins,2025-03-27,True,2025-04-01,2025-04-04,2025-05-26,2025-07-04,2025-07-08,Público,https://esaj.tjsp.jus.br/cpopg/show.do?processo.codigo=GN0004GOU0000&processo.numero=1500586-38.2025.8.26.0599
1500587-23.2025.8.26.0599,9º Promotor de Justiça de Piracicaba,Foro de Piracicaba,2ª Vara Criminal,2025/000444,Ação Penal - Procedimento Ordinário,Furto Qualificado,2025-03-27,False,2025-04-01,2025-04-02,,,,Público,https://esaj.tjsp.jus.br/cpopg/show.do?processo.codigo=GN0004GP10000&processo.numero=1500587-23.2025.8.26.0599
1500588-08.2025.8.26.0599,11º Promotor de Justiça de Piracicaba,Foro de Piracicaba,1ª Vara Criminal,2025/000365,Ação Penal - Procedimento Ordinário,Crimes do Sistema Nacional de Armas,2025-03-27,False,2025-04-01,2025-04-02,,2025-06-16,2025-06-17,Público,https://esaj.tjsp.jus.br/cpopg/show.do?processo.codigo=GN0004GP20000&processo.numero=1500588-08.2025.8.26.0599
1500592-45.2025.8.26.0599,7º Promotor de Justiça de Piracicaba,Foro de Piracicaba,3ª Vara Criminal,2025/000398,Ação Penal - Procedimento Ordinário,Crimes do Sistema Nacional de Armas,2025-03-27,True,2025-04-04,2025-04-07,2025-05-16,2026-02-24,2026-02-26,Público,https://esaj.tjsp.jus.br/cpopg/show.do?processo.codigo=GN0004GP60000&processo.numero=1500592-45.2025.8.26.0599
1500541-19.2025.8.26.0604,6º Promotor de Justiça de Piracicaba,Foro de Piracicaba,1ª Vara Criminal,2025/000372,Ação Penal - Procedimento Ordinário,Furto,2025-03-31,True,2025-03-26,2025-04-01,,2025-08-27,2025-09-24,Público,https://esaj.tjsp.jus.br/cpopg/show.do?processo.codigo=GS0006VT80000&processo.numero=1500541-19.2025.8.26.0604
1500584-68.2025.8.26.0599,18º Promotor de Justiça de Piracicaba,Foro de Piracicaba,4ª Vara Criminal,2025/000385,Ação Penal - Procedimento Sumário,Leve,2025-03-27,False,2025-03-27,2025-06-17,,,,Restrito,https://esaj.tjsp.jus.br/cpopg/show.do?processo.codigo=GN0004GOS0000&processo.numero=1500584-68.2025.8.26.0599
1500575-09.2025.8.26.0599,10º Promotor de Justiça de Piracicaba,Foro de Piracicaba,2ª Vara Criminal,2025/000428,Procedimento Especial da Lei Antitóxicos,Tráfico de Drogas e Condutas Afins,2025-03-25,False,2025-03-25,2025-04-01,2025-10-17,,,Público,https://esaj.tjsp.jus.br/cpopg/show.do?processo.codigo=GN0004GOE0000&processo.numero=1500575-09.2025.8.26.0599
1500576-91.2025.8.26.0599,10º Promotor de Justiça de Piracicaba,Foro de Piracicaba,2ª Vara Criminal,2025/000427,Inquérito Policial,Crimes do Sistema Nacional de Armas,2025-03-24,False,2025-03-29,2026-04-16,,,,Público,https://esaj.tjsp.jus.br/cpopg/show.do?processo.codigo=GN0004GOF0000&processo.numero=1500576-91.2025.8.26.0599
1500577-76.2025.8.26.0599,11º Promotor de Justiça de Piracicaba,Foro de Piracicaba,1ª Vara Criminal,2025/000358,Procedimento Especial da Lei Antitóxicos,Tráfico de Drogas e Condutas Afins,2025-03-25,False,2025-04-22,2025-04-22,2025-06-03,,,Público,https://esaj.tjsp.jus.br/cpopg/show.do?processo.codigo=GN0004GOI0000&processo.numero=1500577-76.2025.8.26.0599
1500578-61.2025.8.26.0599,9º Promotor de Justiça de Piracicaba,Foro de Piracicaba,2ª Vara Criminal,2025/000431,Ação Penal - Procedimento Ordinário,Roubo Majorado,2025-03-25,True,2025-03-28,2025-03-31,,2025-10-20,2025-10-21,Público,https://esaj.tjsp.jus.br/cpopg/show.do?processo.codigo=GN0004GOK0000&processo.numero=1500578-61.2025.8.26.0599
1501924-06.2025.8.26.0451,10º Promotor de Justiça de Piracicaba,Foro de Piracicaba,2ª Vara Criminal,2025/000418,Ação Penal - Procedimento Ordinário,Estupro de vulnerável,2025-03-24,False,2025-09-22,2026-03-17,,,,Restrito,https://esaj.tjsp.jus.br/cpopg/show.do?processo.codigo=CJ000VTVJ0000&processo.numero=1501924-06.2025.8.26.0451
1501932-80.2025.8.26.0451,6º Promotor de Justiça de Piracicaba,Foro de Piracicaba,1ª Vara Criminal,2025/000343,Ação Penal - Procedimento Sumário,Ameaça,2025-03-24,False,2025-11-11,2025-11-12,,,,Restrito,https://esaj.tjsp.jus.br/cpopg/show.do?processo.codigo=CJ000VTW80000&processo.numero=1501932-80.2025.8.26.0451
1501934-50.2025.8.26.0451,18º Promotor de Justiça de Piracicaba,Foro de Piracicaba,4ª Vara Criminal,2025/000367,Ação Penal - Procedimento Ordinário,Lesão Cometida em Razão da Condição de Mulher,2025-03-24,False,2026-01-20,2026-01-24,,,,Restrito,https://esaj.tjsp.jus.br/cpopg/show.do?processo.codigo=CJ000VTWH0000&processo.numero=1501934-50.2025.8.26.0451
1501939-72.2025.8.26.0451,9º Promotor de Justiça de Piracicaba,Foro de Piracicaba,2ª Vara Criminal,2025/000423,Ação Penal - Procedimento Sumaríssimo,Ameaça,2025-03-24,False,2025-07-31,2025-08-01,,,,Restrito,https://esaj.tjsp.jus.br/cpopg/show.do?processo.codigo=CJ000VTX10000&processo.numero=1501939-72.2025.8.26.0451
1501948-34.2025.8.26.0451,1º Promotor de Justiça Auxiliar de Piracicaba,Foro de Piracicaba,4ª Vara Criminal,2025/000371,Ação Penal - Procedimento Ordinário,Estelionato,2025-03-24,False,2025-04-23,2025-04-29,,,,Público,https://esaj.tjsp.jus.br/cpopg/show.do?processo.codigo=CJ000VTXX0000&processo.numero=1501948-34.2025.8.26.0451
1501950-04.2025.8.26.0451,9º Promotor de Justiça de Piracicaba,Foro de Piracicaba,2ª Vara Criminal,2025/000424,Ação Penal - Procedimento Ordinário,Furto Qualificado,2025-03-24,False,2025-05-07,2025-05-08,,,,Público,https://esaj.tjsp.jus.br/cpopg/show.do?processo.codigo=CJ000VTY20000&processo.numero=1501950-04.2025.8.26.0451
1501958-78.2025.8.26.0451,4º Promotor de Justiça de Piracicaba,Foro de Piracicaba,3ª Vara Criminal,2025/000384,Ação Penal - Procedimento Sumário,Leve,2025-03-24,False,2025-09-05,2025-09-11,,,,Restrito,https://esaj.tjsp.jus.br/cpopg/show.do?processo.codigo=CJ000VTYK0000&processo.numero=1501958-78.2025.8.26.0451
1501960-48.2025.8.26.0451,18º Promotor de Justiça de Piracicaba,Foro de Piracicaba,4ª Vara Criminal,2025/000373,Ação Penal - Procedimento Ordinário,Lesão Cometida em Razão da Condição de Mulher,2025-03-24,False,2025-11-11,2025-11-11,,,,Restrito,https://esaj.tjsp.jus.br/cpopg/show.do?processo.codigo=CJ000VTYY0000&processo.numero=1501960-48.2025.8.26.0451
1501963-03.2025.8.26.0451,6º Promotor de Justiça de Piracicaba,Foro de Piracicaba,1ª Vara Criminal,2025/000352,Ação Penal - Procedimento Ordinário,Importunação Sexual,2025-03-24,False,2025-06-04,2025-06-05,,2026-02-26,2026-02-27,Restrito,https://esaj.tjsp.jus.br/cpopg/show.do?processo.codigo=CJ000VTZ20000&processo.numero=1501963-03.2025.8.26.0451
1501966-55.2025.8.26.0451,7º Promotor de Justiça de Piracicaba,Foro de Piracicaba,3ª Vara Criminal,2025/000386,Ação Penal - Procedimento Ordinário,Constrangimento ilegal,2025-03-24,False,2025-08-27,2025-08-27,,,,Restrito,https://esaj.tjsp.jus.br/cpopg/show.do?processo.codigo=CJ000VTZO0000&processo.numero=1501966-55.2025.8.26.0451
1501967-40.2025.8.26.0451,6º Promotor de Justiça de Piracicaba,Foro de Piracicaba,1ª Vara Criminal,2025/000353,Ação Penal - Procedimento Sumário,Leve,2025-03-24,False,2025-06-09,2025-06-10,,,,Restrito,https://esaj.tjsp.jus.br/cpopg/show.do?processo.codigo=CJ000VTZW0000&processo.numero=1501967-40.2025.8.26.0451
1500566-47.2025.8.26.0599,6º Promotor de Justiça de Piracicaba,Foro de Piracicaba,1ª Vara Criminal,2025/000349,Ação Penal - Procedimento Sumário,Ameaça,2025-03-24,False,2025-03-25,2025-03-27,,,,Restrito,https://esaj.tjsp.jus.br/cpopg/show.do?processo.codigo=GN0004GO00000&processo.numero=1500566-47.2025.8.26.0599
1500553-48.2025.8.26.0599,11º Promotor de Justiça de Piracicaba,Foro de Piracicaba,1ª Vara Criminal,2025/000336,Ação Penal - Procedimento Ordinário,Tráfico de Drogas e Condutas Afins,2025-03-21,False,2025-04-07,2025-04-07,2025-05-20,,,Público,https://esaj.tjsp.jus.br/cpopg/show.do?processo.codigo=GN0004GND0000&processo.numero=1500553-48.2025.8.26.0599
1500554-33.2025.8.26.0599,11º Promotor de Justiça de Piracicaba,Foro de Piracicaba,1ª Vara Criminal,2025/000335,Procedimento Especial da Lei Antitóxicos,Tráfico de Drogas e Condutas Afins,2025-03-21,True,2025-04-15,2025-04-16,2025-06-16,2026-05-21,2026-05-26,Público,https://esaj.tjsp.jus.br/cpopg/show.do?processo.codigo=GN0004GNE0000&processo.numero=1500554-33.2025.8.26.0599
1501864-33.2025.8.26.0451,18º Promotor de Justiça de Piracicaba,Foro de Piracicaba,4ª Vara Criminal,2025/000355,Ação Penal - Procedimento Ordinário,Contra a Mulher,2025-03-21,False,2026-02-08,2026-02-10,,,,Restrito,https://esaj.tjsp.jus.br/cpopg/show.do?processo.codigo=CJ000VTPL0000&processo.numero=1501864-33.2025.8.26.0451
1501866-03.2025.8.26.0451,18º Promotor de Justiça de Piracicaba,Foro de Piracicaba,4ª Vara Criminal,2025/000357,Ação Penal - Procedimento Ordinário,Lesão Cometida em Razão da Condição de Mulher,2025-03-21,False,2025-07-10,2025-07-11,,,,Restrito,https://esaj.tjsp.jus.br/cpopg/show.do?processo.codigo=CJ000VTPP0000&processo.numero=1501866-03.2025.8.26.0451
1501871-25.2025.8.26.0451,6º Promotor de Justiça de Piracicaba,Foro de Piracicaba,1ª Vara Criminal,2025/000330,Ação Penal - Procedimento Ordinário,Ameaça,2025-03-21,False,2025-09-02,2026-04-30,,,,Restrito,https://esaj.tjsp.jus.br/cpopg/show.do?processo.codigo=CJ000VTPX0000&processo.numero=1501871-25.2025.8.26.0451
1501879-02.2025.8.26.0451,6º Promotor de Justiça de Piracicaba,Foro de Piracicaba,1ª Vara Criminal,2025/000331,Ação Penal - Procedimento Ordinário,Estupro de vulnerável,2025-03-21,False,2025-07-16,2025-07-17,,2025-12-15,2026-01-13,Restrito,https://esaj.tjsp.jus.br/cpopg/show.do?processo.codigo=CJ000VTQ90000&processo.numero=1501879-02.2025.8.26.0451
1501881-69.2025.8.26.0451,7º Promotor de Justiça de Piracicaba,Foro de Piracicaba,3ª Vara Criminal,2025/000365,Ação Penal - Procedimento Ordinário,Importunação Sexual,2025-03-21,False,2025-07-11,2026-05-13,,,,Restrito,https://esaj.tjsp.jus.br/cpopg/show.do?processo.codigo=CJ000VTQL0000&processo.numero=1501881-69.2025.8.26.0451
1501902-45.2025.8.26.0451,7º Promotor de Justiça de Piracicaba,Foro de Piracicaba,3ª Vara Criminal,2025/000368,Ação Penal - Procedimento Ordinário,"Intolerância e/ou Injúria Racial, de Cor e/ou Etnia",2025-03-21,False,2025-04-17,2025-06-05,,,,Restrito,https://esaj.tjsp.jus.br/cpopg/show.do?processo.codigo=CJ000VTSU0000&processo.numero=1501902-45.2025.8.26.0451
1500551-78.2025.8.26.0599,7º Promotor de Justiça de Piracicaba,Foro de Piracicaba,3ª Vara Criminal,2025/000369,Procedimento Especial da Lei Antitóxicos,Tráfico de Drogas e Condutas Afins,2025-03-21,True,2025-03-24,2025-03-25,2025-04-16,2025-08-18,2025-08-20,Público,https://esaj.tjsp.jus.br/cpopg/show.do?processo.codigo=GN0004GN90000&processo.numero=1500551-78.2025.8.26.0599
1500552-63.2025.8.26.0599,9º Promotor de Justiça de Piracicaba,Foro de Piracicaba,2ª Vara Criminal,2025/000412,Procedimento Especial da Lei Antitóxicos,Tráfico de Drogas e Condutas Afins,2025-03-21,False,2025-04-15,2025-04-16,2025-06-17,,,Público,https://esaj.tjsp.jus.br/cpopg/show.do?processo.codigo=GN0004GNA0000&processo.numero=1500552-63.2025.8.26.0599
1501827-06.2025.8.26.0451,11º Promotor de Justiça de Piracicaba,Foro de Piracicaba,1ª Vara Criminal,2025/000318,Ação Penal - Procedimento Sumário,Leve,2025-03-20,False,2025-09-01,2025-09-02,,,,Restrito,https://esaj.tjsp.jus.br/cpopg/show.do?processo.codigo=CJ000VTKN0000&processo.numero=1501827-06.2025.8.26.0451
1501856-56.2025.8.26.0451,11º Promotor de Justiça de Piracicaba,Foro de Piracicaba,1ª Vara Criminal,2025/000327,Ação Penal - Procedimento Ordinário,Leve,2025-03-20,False,2025-07-16,2026-01-13,,,,Restrito,https://esaj.tjsp.jus.br/cpopg/show.do?processo.codigo=CJ000VTOM0000&processo.numero=1501856-56.2025.8.26.0451
1500543-04.2025.8.26.0599,9º Promotor de Justiça de Piracicaba,Foro de Piracicaba,2ª Vara Criminal,2025/000404,Procedimento Especial da Lei Antitóxicos,Tráfico de Drogas e Condutas Afins,2025-03-20,False,2025-05-15,2025-05-20,2025-06-12,,,Público,https://esaj.tjsp.jus.br/cpopg/show.do?processo.codigo=GN0004GMX0000&processo.numero=1500543-04.2025.8.26.0599
1500544-86.2025.8.26.0599,9º Promotor de Justiça de Piracicaba,Foro de Piracicaba,2ª Vara Criminal,2025/000403,Ação Penal - Procedimento Ordinário,Furto Qualificado,2025-03-20,False,2025-04-04,2026-02-11,,,,Público,https://esaj.tjsp.jus.br/cpopg/show.do?processo.codigo=GN0004GMY0000&processo.numero=1500544-86.2025.8.26.0599
1500548-26.2025.8.26.0599,6º Promotor de Justiça de Piracicaba,Foro de Piracicaba,1ª Vara Criminal,2025/000323,Procedimento Especial da Lei Antitóxicos,Tráfico de Drogas e Condutas Afins,2025-03-20,True,2025-03-27,2025-03-28,2025-05-05,2025-06-27,2025-06-27,Público,https://esaj.tjsp.jus.br/cpopg/show.do?processo.codigo=GN0004GN20000&processo.numero=1500548-26.2025.8.26.0599
1501758-71.2025.8.26.0451,4º Promotor de Justiça de Piracicaba,Foro de Piracicaba,3ª Vara Criminal,2025/000343,Ação Penal - Procedimento Sumário,Leve,2025-03-19,False,2025-04-24,2025-04-24,,,,Público,https://esaj.tjsp.jus.br/cpopg/show.do?processo.codigo=CJ000VTEF0000&processo.numero=1501758-71.2025.8.26.0451
1501762-11.2025.8.26.0451,18º Promotor de Justiça de Piracicaba,Foro de Piracicaba,4ª Vara Criminal,2025/001087,Ação Penal - Procedimento Sumário,Ameaça,2025-08-06,False,2025-04-24,2025-04-29,,,,Restrito,https://esaj.tjsp.jus.br/cpopg/show.do?processo.codigo=CJ000VTEQ0000&processo.numero=1501762-11.2025.8.26.0451
1501763-93.2025.8.26.0451,10º Promotor de Justiça de Piracicaba,Foro de Piracicaba,2ª Vara Criminal,2025/000378,Ação Penal - Procedimento Sumário,Ameaça,2025-03-19,False,2025-04-24,2025-06-23,,,,Restrito,https://esaj.tjsp.jus.br/cpopg/show.do?processo.codigo=CJ000VTEV0000&processo.numero=1501763-93.2025.8.26.0451
1501765-63.2025.8.26.0451,11º Promotor de Justiça de Piracicaba,Foro de Piracicaba,1ª Vara Criminal,2025/000304,Ação Penal - Procedimento Sumário,Ameaça,2025-03-19,False,2025-04-23,2025-04-24,,,,Restrito,https://esaj.tjsp.jus.br/cpopg/show.do?processo.codigo=CJ000VTFD0000&processo.numero=1501765-63.2025.8.26.0451
1501774-25.2025.8.26.0451,18º Promotor de Justiça de Piracicaba,Foro de Piracicaba,4ª Vara Criminal,2025/000333,Ação Penal - Procedimento Ordinário,Grave,2025-03-19,False,2025-12-09,2025-12-11,,,,Restrito,https://esaj.tjsp.jus.br/cpopg/show.do?processo.codigo=CJ000VTGH0000&processo.numero=1501774-25.2025.8.26.0451
1501784-69.2025.8.26.0451,11º Promotor de Justiça de Piracicaba,Foro de Piracicaba,1ª Vara Criminal,2025/000308,Ação Penal - Procedimento Sumário,Leve,2025-03-19,False,2025-04-24,2025-04-26,,,,Restrito,https://esaj.tjsp.jus.br/cpopg/show.do?processo.codigo=CJ000VTH50000&processo.numero=1501784-69.2025.8.26.0451
1501803-75.2025.8.26.0451,6º Promotor de Justiça de Piracicaba,Foro de Piracicaba,1ª Vara Criminal,2025/000311,Ação Penal - Procedimento Sumário,Leve,2025-03-19,False,2025-08-29,2025-09-01,,2026-01-29,2026-03-10,Restrito,https://esaj.tjsp.jus.br/cpopg/show.do?processo.codigo=CJ000VTJ70000&processo.numero=1501803-75.2025.8.26.0451
1501805-45.2025.8.26.0451,6º Promotor de Justiça de Piracicaba,Foro de Piracicaba,1ª Vara Criminal,2025/000313,Inquérito Policial,DIREITO PENAL-Crimes contra a liberdade pessoal-Perseguição,2025-03-19,False,2026-05-28,2026-05-29,,,,Restrito,https://esaj.tjsp.jus.br/cpopg/show.do?processo.codigo=CJ000VTJB0000&processo.numero=1501805-45.2025.8.26.0451
1501806-30.2025.8.26.0451,11º Promotor de Justiça de Piracicaba,Foro de Piracicaba,1ª Vara Criminal,2025/000314,Inquérito Policial,Importunação Sexual,2025-03-19,False,2026-05-27,2026-05-28,,,,Restrito,https://esaj.tjsp.jus.br/cpopg/show.do?processo.codigo=CJ000VTJD0000&processo.numero=1501806-30.2025.8.26.0451
1501813-22.2025.8.26.0451,7º Promotor de Justiça de Piracicaba,Foro de Piracicaba,3ª Vara Criminal,2025/000355,Ação Penal - Procedimento Sumário,Ameaça,2025-03-19,False,2025-09-03,2025-09-04,,,,Restrito,https://esaj.tjsp.jus.br/cpopg/show.do?processo.codigo=CJ000VTJO0000&processo.numero=1501813-22.2025.8.26.0451
1501815-89.2025.8.26.0451,7º Promotor de Justiça de Piracicaba,Foro de Piracicaba,3ª Vara Criminal,2025/000357,Ação Penal - Procedimento Sumário,Ameaça,2025-03-19,False,2025-07-30,2025-07-30,,,,Restrito,https://esaj.tjsp.jus.br/cpopg/show.do?processo.codigo=CJ000VTJR0000&processo.numero=1501815-89.2025.8.26.0451
1501818-44.2025.8.26.0451,11º Promotor de Justiça de Piracicaba,Foro de Piracicaba,1ª Vara Criminal,2025/000316,Ação Penal - Procedimento Sumário,Ameaça,2025-03-19,False,2025-04-24,2025-04-28,,,,Restrito,https://esaj.tjsp.jus.br/cpopg/show.do?processo.codigo=CJ000VTJV0000&processo.numero=1501818-44.2025.8.26.0451
1501820-14.2025.8.26.0451,10º Promotor de Justiça de Piracicaba,Foro de Piracicaba,2ª Vara Criminal,2025/000396,Ação Penal - Procedimento Ordinário,Lesão Cometida em Razão da Condição de Mulher,2025-03-19,False,2025-06-05,2025-07-15,,,,Restrito,https://esaj.tjsp.jus.br/cpopg/show.do?processo.codigo=CJ000VTJY0000&processo.numero=1501820-14.2025.8.26.0451
1500532-72.2025.8.26.0599,18º Promotor de Justiça de Piracicaba,Foro de Piracicaba,4ª Vara Criminal,2025/000337,Ação Penal - Procedimento Ordinário,Furto,2025-03-19,False,2025-04-09,2025-08-28,,,,Público,https://esaj.tjsp.jus.br/cpopg/show.do?processo.codigo=GN0004GMI0000&processo.numero=1500532-72.2025.8.26.0599
1500536-12.2025.8.26.0599,4º Promotor de Justiça de Piracicaba,Foro de Piracicaba,3ª Vara Criminal,2025/000351,Procedimento Especial da Lei Antitóxicos,Tráfico de Drogas e Condutas Afins,2025-03-19,False,2025-04-07,2025-04-09,2025-05-14,2025-10-08,2025-10-09,Público,https://esaj.tjsp.jus.br/cpopg/show.do?processo.codigo=GN0004GMM0000&processo.numero=1500536-12.2025.8.26.0599
1501750-94.2025.8.26.0451,6º Promotor de Justiça de Piracicaba,Foro de Piracicaba,1ª Vara Criminal,2025/000302,Ação Penal - Procedimento Ordinário,Furto,2025-03-18,False,2025-08-14,2025-09-23,,,,Público,https://esaj.tjsp.jus.br/cpopg/show.do?processo.codigo=CJ000VTCM0000&processo.numero=1501750-94.2025.8.26.0451
0002228-79.2025.8.26.0451,10º Promotor de Justiça de Piracicaba,Foro de Piracicaba,2ª Vara Criminal,2025/000366,Ação Penal - Procedimento Ordinário,"Divulgação de cena de estupro, sexo ou pornografia",2025-03-17,False,,2025-04-29,2025-05-19,,,Restrito,https://esaj.tjsp.jus.br/cpopg/show.do?processo.codigo=CJ000VT770000&processo.numero=0002228-79.2025.8.26.0451
1500324-55.2025.8.26.0125,7º Promotor de Justiça de Piracicaba,Foro de Piracicaba,3ª Vara Criminal,2026/000288,Ação Penal - Procedimento Ordinário,Ameaça,2026-03-12,False,2026-01-21,2026-03-17,,,,Restrito,https://esaj.tjsp.jus.br/cpopg/show.do?processo.codigo=3H00021AM0000&processo.numero=1500324-55.2025.8.26.0125
1500525-80.2025.8.26.0599,1º Promotor de Justiça Auxiliar de Piracicaba,Foro de Piracicaba,4ª Vara Criminal,2025/000323,Ação Penal - Procedimento Ordinário,Furto Qualificado,2025-03-17,False,2025-03-20,2025-03-21,,,,Público,https://esaj.tjsp.jus.br/cpopg/show.do?processo.codigo=GN0004GM00000&processo.numero=1500525-80.2025.8.26.0599
1500526-65.2025.8.26.0599,4º Promotor de Justiça de Piracicaba,Foro de Piracicaba,3ª Vara Criminal,2025/000331,Ação Penal - Procedimento Ordinário,Receptação,2025-03-17,False,2025-03-26,2025-04-01,2025-04-09,,,Público,https://esaj.tjsp.jus.br/cpopg/show.do?processo.codigo=GN0004GM20000&processo.numero=1500526-65.2025.8.26.0599
1500519-73.2025.8.26.0599,18º Promotor de Justiça de Piracicaba,Foro de Piracicaba,4ª Vara Criminal,2025/000317,Ação Penal - Procedimento Ordinário,Adulteração de Sinal Identificador de Veículo Automotor,2025-03-17,False,2025-03-20,2025-08-13,,,,Público,https://esaj.tjsp.jus.br/cpopg/show.do?processo.codigo=GN0004GLO0000&processo.numero=1500519-73.2025.8.26.0599
1500520-58.2025.8.26.0599,6º Promotor de Justiça de Piracicaba,Foro de Piracicaba,1ª Vara Criminal,2025/000291,Procedimento Especial da Lei Antitóxicos,Tráfico de Drogas e Condutas Afins,2025-03-17,True,2025-03-20,2025-03-20,2025-04-22,2025-07-17,2025-07-17,Público,https://esaj.tjsp.jus.br/cpopg/show.do?processo.codigo=GN0004GLP0000&processo.numero=1500520-58.2025.8.26.0599
1501682-47.2025.8.26.0451,9º Promotor de Justiça de Piracicaba,Foro de Piracicaba,2ª Vara Criminal,2026/000261,Ação Penal - Procedimento Sumaríssimo,Resistência,2026-03-03,False,,2025-12-02,,,,Público,https://esaj.tjsp.jus.br/cpopg/show.do?processo.codigo=CJ000VT1Q0000&processo.numero=1501682-47.2025.8.26.0451
1500517-06.2025.8.26.0599,17º Promotor de Justiça de Piracicaba,Foro de Piracicaba,4ª Vara Criminal,2025/000322,Ação Penal - Procedimento Ordinário,Lesão Cometida em Razão da Condição de Mulher,2025-03-17,False,2025-04-11,2025-04-14,,,,Restrito,https://esaj.tjsp.jus.br/cpopg/show.do?processo.codigo=GN0004GLL0000&processo.numero=1500517-06.2025.8.26.0599
1500499-82.2025.8.26.0599,10º Promotor de Justiça de Piracicaba,Foro de Piracicaba,2ª Vara Criminal,2025/000349,Ação Penal - Procedimento Sumário,Ameaça,2025-03-14,False,2025-03-14,2025-03-21,,,,Restrito,https://esaj.tjsp.jus.br/cpopg/show.do?processo.codigo=GN0004GKP0000&processo.numero=1500499-82.2025.8.26.0599
1500504-07.2025.8.26.0599,6º Promotor de Justiça de Piracicaba,Foro de Piracicaba,1ª Vara Criminal,2025/000290,Ação Penal - Procedimento Ordinário,Furto,2025-03-17,False,2025-03-20,2025-03-21,,2026-03-19,2026-03-20,Público,https://esaj.tjsp.jus.br/cpopg/show.do?processo.codigo=GN0004GKZ0000&processo.numero=1500504-07.2025.8.26.0599
1500506-74.2025.8.26.0599,7º Promotor de Justiça de Piracicaba,Foro de Piracicaba,3ª Vara Criminal,2025/000326,Procedimento Especial da Lei Antitóxicos,Tráfico de Drogas e Condutas Afins,2025-03-17,False,2025-03-24,2025-03-25,2025-05-20,,,Público,https://esaj.tjsp.jus.br/cpopg/show.do?processo.codigo=GN0004GL10000&processo.numero=1500506-74.2025.8.26.0599
1500509-29.2025.8.26.0599,10º Promotor de Justiça de Piracicaba,Foro de Piracicaba,2ª Vara Criminal,2025/000358,Procedimento Especial da Lei Antitóxicos,Tráfico de Drogas e Condutas Afins,2025-03-17,True,2025-04-01,2025-04-04,2025-05-25,2025-10-17,,Público,https://esaj.tjsp.jus.br/cpopg/show.do?processo.codigo=GN0004GL50000&processo.numero=1500509-29.2025.8.26.0599
1500511-96.2025.8.26.0599,6º Promotor de Justiça de Piracicaba,Foro de Piracicaba,1ª Vara Criminal,2025/000289,Procedimento Especial da Lei Antitóxicos,Tráfico de Drogas e Condutas Afins,2025-03-17,False,2025-04-04,2025-04-04,2025-04-08,,,Público,https://esaj.tjsp.jus.br/cpopg/show.do?processo.codigo=GN0004GL80000&processo.numero=1500511-96.2025.8.26.0599
1501646-05.2025.8.26.0451,11º Promotor de Justiça de Piracicaba,Foro de Piracicaba,1ª Vara Criminal,2025/000284,Ação Penal - Procedimento Sumário,Leve,2025-03-14,False,2025-03-18,2025-03-22,,,,Restrito,https://esaj.tjsp.jus.br/cpopg/show.do?processo.codigo=CJ000VSY00000&processo.numero=1501646-05.2025.8.26.0451
1501657-34.2025.8.26.0451,1º Promotor de Justiça Auxiliar de Piracicaba,Foro de Piracicaba,4ª Vara Criminal,2025/000313,Ação Penal - Procedimento Ordinário,Lesão Cometida em Razão da Condição de Mulher,2025-03-14,False,2025-06-03,2025-06-03,,,,Restrito,https://esaj.tjsp.jus.br/cpopg/show.do?processo.codigo=CJ000VSZN0000&processo.numero=1501657-34.2025.8.26.0451
1501664-26.2025.8.26.0451,7º Promotor de Justiça de Piracicaba,Foro de Piracicaba,3ª Vara Criminal,2025/000319,Ação Penal - Procedimento Sumário,Crime de Descumprimento de Medida Protetiva  de Urgência,2025-03-14,False,2025-09-25,2025-09-26,,,,Restrito,https://esaj.tjsp.jus.br/cpopg/show.do?processo.codigo=CJ000VT090000&processo.numero=1501664-26.2025.8.26.0451
1501666-93.2025.8.26.0451,9º Promotor de Justiça de Piracicaba,Foro de Piracicaba,2ª Vara Criminal,2025/000353,Ação Penal - Procedimento Sumaríssimo,Ameaça,2025-03-14,False,2025-07-30,2025-08-01,,,,Restrito,https://esaj.tjsp.jus.br/cpopg/show.do?processo.codigo=CJ000VT0C0000&processo.numero=1501666-93.2025.8.26.0451
1501675-55.2025.8.26.0451,10º Promotor de Justiça de Piracicaba,Foro de Piracicaba,2ª Vara Criminal,2025/000476,Ação Penal - Procedimento Sumário,Crime de Descumprimento de Medida Protetiva  de Urgência,2025-04-04,False,2025-06-03,2026-04-30,,,,Restrito,https://esaj.tjsp.jus.br/cpopg/show.do?processo.codigo=CJ000VT0Q0000&processo.numero=1501675-55.2025.8.26.0451
1501681-62.2025.8.26.0451,13º Promotor de Justiça de Piracicaba,Foro de Piracicaba,Vara do Juizado Especial Cível e Criminal,2025/000819,Ação Penal - Procedimento Sumaríssimo,DIREITO PENAL-Crimes contra os Costumes-Ato Obsceno,2025-03-14,False,,2025-03-28,,2026-01-20,2026-02-11,Restrito,https://esaj.tjsp.jus.br/cpopg/show.do?processo.codigo=CJ000VT0Z0000&processo.numero=1501681-62.2025.8.26.0451
1500493-75.2025.8.26.0599,18º Promotor de Justiça de Piracicaba,Foro de Piracicaba,4ª Vara Criminal,2025/000319,Ação Penal - Procedimento Ordinário,Crimes do Sistema Nacional de Armas,2025-03-17,False,2025-03-20,2025-03-21,,,,Público,https://esaj.tjsp.jus.br/cpopg/show.do?processo.codigo=GN0004GKJ0000&processo.numero=1500493-75.2025.8.26.0599
1500494-60.2025.8.26.0599,9º Promotor de Justiça de Piracicaba,Foro de Piracicaba,2ª Vara Criminal,2025/000350,Procedimento Especial da Lei Antitóxicos,Tráfico de Drogas e Condutas Afins,2025-03-14,False,2025-04-10,2025-04-11,2025-07-14,,,Público,https://esaj.tjsp.jus.br/cpopg/show.do?processo.codigo=GN0004GKK0000&processo.numero=1500494-60.2025.8.26.0599
1500495-45.2025.8.26.0599,9º Promotor de Justiça de Piracicaba,Foro de Piracicaba,2ª Vara Criminal,2025/000351,Ação Penal - Procedimento Ordinário,Furto,2025-03-14,False,2025-04-08,2025-04-09,,2026-04-10,2026-04-13,Público,https://esaj.tjsp.jus.br/cpopg/show.do?processo.codigo=GN0004GKL0000&processo.numero=1500495-45.2025.8.26.0599
1500481-61.2025.8.26.0599,10º Promotor de Justiça de Piracicaba,Foro de Piracicaba,2ª Vara Criminal,2025/000338,Ação Penal - Procedimento Ordinário,Adulteração de Sinal Identificador de Veículo Automotor,2025-03-13,False,2025-03-31,2026-01-20,,,,Público,https://esaj.tjsp.jus.br/cpopg/show.do?processo.codigo=GN0004FST0000&processo.numero=1500481-61.2025.8.26.0599
1500470-32.2025.8.26.0599,10º Promotor de Justiça de Piracicaba,Foro de Piracicaba,2ª Vara Criminal,2025/000328,Ação Penal - Procedimento Ordinário,Leve,2025-03-12,False,2025-03-20,2025-03-25,,,,Público,https://esaj.tjsp.jus.br/cpopg/show.do?processo.codigo=GN0004FSB0000&processo.numero=1500470-32.2025.8.26.0599
1500473-84.2025.8.26.0599,10º Promotor de Justiça de Piracicaba,Foro de Piracicaba,2ª Vara Criminal,2025/000326,Procedimento Especial da Lei Antitóxicos,Tráfico de Drogas e Condutas Afins,2025-03-11,False,2025-04-08,2025-04-09,2025-05-12,2025-09-18,2025-09-24,Público,https://esaj.tjsp.jus.br/cpopg/show.do?processo.codigo=GN0004FSE0000&processo.numero=1500473-84.2025.8.26.0599
1500476-39.2025.8.26.0599,11º Promotor de Justiça de Piracicaba,Foro de Piracicaba,1ª Vara Criminal,2025/000276,Procedimento Especial da Lei Antitóxicos,Tráfico de Drogas e Condutas Afins,2025-03-12,False,2025-04-03,2025-04-04,2025-05-08,2025-07-04,2025-07-04,Público,https://esaj.tjsp.jus.br/cpopg/show.do?processo.codigo=GN0004FSK0000&processo.numero=1500476-39.2025.8.26.0599
1500478-09.2025.8.26.0599,9º Promotor de Justiça de Piracicaba,Foro de Piracicaba,2ª Vara Criminal,2025/000330,Ação Penal - Procedimento Ordinário,Adulteração de Sinal Identificador de Veículo Automotor,2025-03-12,False,2025-03-24,2025-03-25,,,,Público,https://esaj.tjsp.jus.br/cpopg/show.do?processo.codigo=GN0004FSM0000&processo.numero=1500478-09.2025.8.26.0599
1500469-47.2025.8.26.0599,6º Promotor de Justiça de Piracicaba,Foro de Piracicaba,1ª Vara Criminal,2025/000272,Ação Penal - Procedimento Ordinário,Furto,2025-03-11,False,2025-03-18,2025-03-20,,,,Público,https://esaj.tjsp.jus.br/cpopg/show.do?processo.codigo=GN0004FSA0000&processo.numero=1500469-47.2025.8.26.0599
1501555-12.2025.8.26.0451,18º Promotor de Justiça de Piracicaba,Foro de Piracicaba,4ª Vara Criminal,2025/000283,Ação Penal - Procedimento Ordinário,Furto Qualificado,2025-03-10,False,2025-09-19,2025-09-22,,,,Público,https://esaj.tjsp.jus.br/cpopg/show.do?processo.codigo=CJ000VSEF0000&processo.numero=1501555-12.2025.8.26.0451
1500460-85.2025.8.26.0599,7º Promotor de Justiça de Piracicaba,Foro de Piracicaba,3ª Vara Criminal,2025/000299,Procedimento Especial da Lei Antitóxicos,Tráfico de Drogas e Condutas Afins,2025-03-11,False,2025-04-02,2025-04-03,2025-04-14,,,Público,https://esaj.tjsp.jus.br/cpopg/show.do?processo.codigo=GN0004FRX0000&processo.numero=1500460-85.2025.8.26.0599
1500444-34.2025.8.26.0599,11º Promotor de Justiça de Piracicaba,Foro de Piracicaba,1ª Vara Criminal,2025/000258,Ação Penal - Procedimento Ordinário,Extorsão mediante seqüestro,2025-03-07,True,2025-03-14,2025-03-17,2025-04-23,2025-10-07,2025-11-28,Público,https://esaj.tjsp.jus.br/cpopg/show.do?processo.codigo=GN0004FRE0000&processo.numero=1500444-34.2025.8.26.0599
1500446-04.2025.8.26.0599,6º Promotor de Justiça de Piracicaba,Foro de Piracicaba,1ª Vara Criminal,2025/000263,Procedimento Especial da Lei Antitóxicos,Tráfico de Drogas e Condutas Afins,2025-03-10,True,2025-04-01,2025-04-02,2025-04-22,2025-06-16,2025-06-17,Público,https://esaj.tjsp.jus.br/cpopg/show.do?processo.codigo=GN0004FRG0000&processo.numero=1500446-04.2025.8.26.0599
1500452-11.2025.8.26.0599,7º Promotor de Justiça de Piracicaba,Foro de Piracicaba,3ª Vara Criminal,2025/000288,Procedimento Especial da Lei Antitóxicos,Tráfico de Drogas e Condutas Afins,2025-03-10,False,2025-03-17,2025-03-18,,2025-07-24,2025-08-06,Público,https://esaj.tjsp.jus.br/cpopg/show.do?processo.codigo=GN0004FRN0000&processo.numero=1500452-11.2025.8.26.0599
1501508-38.2025.8.26.0451,4º Promotor de Justiça de Piracicaba,Foro de Piracicaba,3ª Vara Criminal,2025/000280,Ação Penal - Procedimento Sumário,Ameaça,2025-03-07,False,2025-04-23,2025-04-27,,,,Restrito,https://esaj.tjsp.jus.br/cpopg/show.do?processo.codigo=CJ000VS3B0000&processo.numero=1501508-38.2025.8.26.0451
1501510-08.2025.8.26.0451,18º Promotor de Justiça de Piracicaba,Foro de Piracicaba,4ª Vara Criminal,2025/000271,Inquérito Policial,Estupro de vulnerável,2025-03-07,False,2025-03-07,2025-11-14,,,,Restrito,https://esaj.tjsp.jus.br/cpopg/show.do?processo.codigo=CJ000VS3D0000&processo.numero=1501510-08.2025.8.26.0451
1501459-94.2025.8.26.0451,9º Promotor de Justiça de Piracicaba,Foro de Piracicaba,2ª Vara Criminal,2025/000294,Ação Penal - Procedimento Ordinário,Contra a Mulher,2025-03-06,False,2025-03-06,2025-03-06,,,,Restrito,https://esaj.tjsp.jus.br/cpopg/show.do?processo.codigo=CJ000VRY60000&processo.numero=1501459-94.2025.8.26.0451
1501475-48.2025.8.26.0451,18º Promotor de Justiça de Piracicaba,Foro de Piracicaba,4ª Vara Criminal,2025/000267,Ação Penal - Procedimento Ordinário,Furto Qualificado,2025-03-06,False,2025-12-29,2026-01-15,,,,Público,https://esaj.tjsp.jus.br/cpopg/show.do?processo.codigo=CJ000VRZF0000&processo.numero=1501475-48.2025.8.26.0451
1501480-70.2025.8.26.0451,10º Promotor de Justiça de Piracicaba,Foro de Piracicaba,2ª Vara Criminal,2025/000299,Ação Penal - Procedimento Sumário,Contra a Mulher,2025-03-06,False,2025-03-06,2025-03-07,,,,Restrito,https://esaj.tjsp.jus.br/cpopg/show.do?processo.codigo=CJ000VRZL0000&processo.numero=1501480-70.2025.8.26.0451
1501488-47.2025.8.26.0451,7º Promotor de Justiça de Piracicaba,Foro de Piracicaba,3ª Vara Criminal,2025/000275,Ação Penal - Procedimento Sumário,Ameaça,2025-03-06,False,2025-03-06,2025-03-07,,,,Restrito,https://esaj.tjsp.jus.br/cpopg/show.do?processo.codigo=CJ000VS020000&processo.numero=1501488-47.2025.8.26.0451
1500439-12.2025.8.26.0599,11º Promotor de Justiça de Piracicaba,Foro de Piracicaba,1ª Vara Criminal,2025/000254,Procedimento Especial da Lei Antitóxicos,Tráfico de Drogas e Condutas Afins,2025-03-07,False,2025-04-01,2025-04-01,2025-04-25,2025-06-26,2025-06-27,Público,https://esaj.tjsp.jus.br/cpopg/show.do?processo.codigo=GN0004FR50000&processo.numero=1500439-12.2025.8.26.0599
1500440-94.2025.8.26.0599,10º Promotor de Justiça de Piracicaba,Foro de Piracicaba,2ª Vara Criminal,2025/000305,Ação Penal - Procedimento Ordinário,Contra a Mulher,2025-03-07,False,2025-03-10,2025-03-21,,,,Restrito,https://esaj.tjsp.jus.br/cpopg/show.do?processo.codigo=GN0004FR60000&processo.numero=1500440-94.2025.8.26.0599
1500441-79.2025.8.26.0599,10º Promotor de Justiça de Piracicaba,Foro de Piracicaba,2ª Vara Criminal,2025/000306,Ação Penal - Procedimento Sumário,Contra a Mulher,2025-03-07,False,2025-03-10,2025-03-21,,,,Restrito,https://esaj.tjsp.jus.br/cpopg/show.do?processo.codigo=GN0004FR70000&processo.numero=1500441-79.2025.8.26.0599
1501441-73.2025.8.26.0451,9º Promotor de Justiça de Piracicaba,Foro de Piracicaba,2ª Vara Criminal,2025/000291,Ação Penal - Procedimento Ordinário,Furto,2025-03-05,False,2026-04-06,2026-04-08,,,,Público,https://esaj.tjsp.jus.br/cpopg/show.do?processo.codigo=CJ000VRWG0000&processo.numero=1501441-73.2025.8.26.0451
1501446-95.2025.8.26.0451,7º Promotor de Justiça de Piracicaba,Foro de Piracicaba,3ª Vara Criminal,2025/000266,Ação Penal - Procedimento Sumário,Ameaça,2025-03-05,False,2025-03-07,2025-03-10,,,,Restrito,https://esaj.tjsp.jus.br/cpopg/show.do?processo.codigo=CJ000VRWX0000&processo.numero=1501446-95.2025.8.26.0451
1500429-65.2025.8.26.0599,18º Promotor de Justiça de Piracicaba,Foro de Piracicaba,4ª Vara Criminal,2025/000259,Procedimento Especial da Lei Antitóxicos,Tráfico de Drogas e Condutas Afins,2025-03-05,False,2025-03-07,2025-03-07,2025-05-16,,,Público,https://esaj.tjsp.jus.br/cpopg/show.do?processo.codigo=GN0004FQS0000&processo.numero=1500429-65.2025.8.26.0599
1500418-36.2025.8.26.0599,6º Promotor de Justiça de Piracicaba,Foro de Piracicaba,1ª Vara Criminal,2025/000239,Procedimento Especial da Lei Antitóxicos,Tráfico de Drogas e Condutas Afins,2025-03-05,False,2025-03-31,2025-04-01,2025-04-22,,,Público,https://esaj.tjsp.jus.br/cpopg/show.do?processo.codigo=GN0004FQG0000&processo.numero=1500418-36.2025.8.26.0599
1500411-44.2025.8.26.0599,7º Promotor de Justiça de Piracicaba,Foro de Piracicaba,3ª Vara Criminal,2025/000256,Ação Penal - Procedimento Sumário,Lesão Cometida em Razão da Condição de Mulher,2025-03-05,False,2025-03-10,2025-03-12,,,,Restrito,https://esaj.tjsp.jus.br/cpopg/show.do?processo.codigo=GN0004FQ50000&processo.numero=1500411-44.2025.8.26.0599
1500391-53.2025.8.26.0599,18º Promotor de Justiça de Piracicaba,Foro de Piracicaba,4ª Vara Criminal,2025/000255,Procedimento Especial da Lei Antitóxicos,Tráfico de Drogas e Condutas Afins,2025-03-02,False,2025-03-24,2025-03-26,2025-04-17,,,Público,https://esaj.tjsp.jus.br/cpopg/show.do?processo.codigo=GN0004FPF0000&processo.numero=1500391-53.2025.8.26.0599
1500394-08.2025.8.26.0599,4º Promotor de Justiça de Piracicaba,Foro de Piracicaba,3ª Vara Criminal,2025/000252,Ação Penal - Procedimento Sumário,Lesão Cometida em Razão da Condição de Mulher,2025-02-28,False,2025-04-24,2025-04-28,,,,Restrito,https://esaj.tjsp.jus.br/cpopg/show.do?processo.codigo=GN0004FPI0000&processo.numero=1500394-08.2025.8.26.0599
1500399-30.2025.8.26.0599,18º Promotor de Justiça de Piracicaba,Foro de Piracicaba,4ª Vara Criminal,2025/000257,Ação Penal - Procedimento Ordinário,Uso de documento falso,2025-03-05,False,2025-03-07,2025-12-05,,,,Restrito,https://esaj.tjsp.jus.br/cpopg/show.do?processo.codigo=GN0004FPS0000&processo.numero=1500399-30.2025.8.26.0599
1500387-16.2025.8.26.0599,11º Promotor de Justiça de Piracicaba,Foro de Piracicaba,1ª Vara Criminal,2025/000235,Ação Penal - Procedimento Ordinário,Crimes do Sistema Nacional de Armas,2025-03-02,False,2025-06-06,2025-06-06,,2026-04-16,2026-04-23,Público,https://esaj.tjsp.jus.br/cpopg/show.do?processo.codigo=GN0004FPB0000&processo.numero=1500387-16.2025.8.26.0599
1500376-84.2025.8.26.0599,6º Promotor de Justiça de Piracicaba,Foro de Piracicaba,1ª Vara Criminal,2025/000232,Ação Penal - Procedimento Sumário,"Aquisição, Posse ou Armazenamento de Pornografia de Criança ou Adolescente",2025-02-28,False,2025-03-26,2025-10-06,,,,Restrito,https://esaj.tjsp.jus.br/cpopg/show.do?processo.codigo=GN0004FOU0000&processo.numero=1500376-84.2025.8.26.0599
1500380-24.2025.8.26.0599,4º Promotor de Justiça de Piracicaba,Foro de Piracicaba,3ª Vara Criminal,2025/000250,Procedimento Especial da Lei Antitóxicos,Tráfico de Drogas e Condutas Afins,2025-02-28,False,2025-03-26,2025-04-01,2025-08-18,,,Público,https://esaj.tjsp.jus.br/cpopg/show.do?processo.codigo=GN0004FOY0000&processo.numero=1500380-24.2025.8.26.0599
1501366-34.2025.8.26.0451,9º Promotor de Justiça de Piracicaba,Foro de Piracicaba,2ª Vara Criminal,2025/000274,Ação Penal - Procedimento Ordinário,Furto Qualificado,2025-02-26,False,2026-01-16,2026-01-16,,,,Público,https://esaj.tjsp.jus.br/cpopg/show.do?processo.codigo=CJ000VREL0000&processo.numero=1501366-34.2025.8.26.0451
1501371-56.2025.8.26.0451,13º Promotor de Justiça de Piracicaba,Foro de Piracicaba,Vara do Juizado Especial Cível e Criminal,2025/000629,Termo Circunstanciado,Desacato,2025-02-26,False,,2026-04-10,,,,Público,https://esaj.tjsp.jus.br/cpopg/show.do?processo.codigo=CJ000VRGD0000&processo.numero=1501371-56.2025.8.26.0451
1501331-74.2025.8.26.0451,18º Promotor de Justiça de Piracicaba,Foro de Piracicaba,4ª Vara Criminal,2025/000441,Procedimento Especial da Lei Antitóxicos,Tráfico de Drogas e Condutas Afins,2025-04-07,False,2025-04-02,2025-04-23,2025-09-15,2026-05-19,,Público,https://esaj.tjsp.jus.br/cpopg/show.do?processo.codigo=CJ000VR6O0000&processo.numero=1501331-74.2025.8.26.0451
0000194-75.2025.8.26.0599,10º Promotor de Justiça de Piracicaba,Foro de Piracicaba,2ª Vara Criminal,2025/000267,Procedimento Especial da Lei Antitóxicos,Tráfico de Drogas e Condutas Afins,2025-02-24,False,,2025-07-30,,,,Público,https://esaj.tjsp.jus.br/cpopg/show.do?processo.codigo=GN0004FNW0000&processo.numero=0000194-75.2025.8.26.0599
0001496-98.2025.8.26.0451,13º Promotor de Justiça de Piracicaba,Foro de Piracicaba,Vara do Juizado Especial Cível e Criminal,2025/000580,Ação Penal - Procedimento Sumaríssimo,Posse de Drogas para Consumo Pessoal,2025-02-24,False,,2025-07-04,,,,Público,https://esaj.tjsp.jus.br/cpopg/show.do?processo.codigo=CJ000VQXT0000&processo.numero=0001496-98.2025.8.26.0451
1500354-26.2025.8.26.0599,9º Promotor de Justiça de Piracicaba,Foro de Piracicaba,2ª Vara Criminal,2025/000261,Procedimento Especial da Lei Antitóxicos,Tráfico de Drogas e Condutas Afins,2025-02-24,True,2025-03-06,2025-03-07,2025-03-26,2025-05-02,2025-05-05,Público,https://esaj.tjsp.jus.br/cpopg/show.do?processo.codigo=GN0004FNT0000&processo.numero=1500354-26.2025.8.26.0599
1500355-11.2025.8.26.0599,7º Promotor de Justiça de Piracicaba,Foro de Piracicaba,3ª Vara Criminal,2025/000236,Ação Penal - Procedimento Sumário,Decorrente de Violência Doméstica,2025-02-24,False,2025-03-07,2025-03-27,,,,Restrito,https://esaj.tjsp.jus.br/cpopg/show.do?processo.codigo=GN0004FNV0000&processo.numero=1500355-11.2025.8.26.0599
1500356-93.2025.8.26.0599,7º Promotor de Justiça de Piracicaba,Foro de Piracicaba,3ª Vara Criminal,2025/000235,Ação Penal - Procedimento Sumário,Lesão Cometida em Razão da Condição de Mulher,2025-02-24,False,2025-02-28,2025-03-05,,,,Restrito,https://esaj.tjsp.jus.br/cpopg/show.do?processo.codigo=GN0004FNZ0000&processo.numero=1500356-93.2025.8.26.0599
1500366-40.2025.8.26.0599,4º Promotor de Justiça de Piracicaba,Foro de Piracicaba,3ª Vara Criminal,2025/000242,Procedimento Especial da Lei Antitóxicos,Tráfico de Drogas e Condutas Afins,2025-02-25,False,2025-03-25,2025-03-28,,2025-07-29,2025-08-07,Público,https://esaj.tjsp.jus.br/cpopg/show.do?processo.codigo=GN0004FOA0000&processo.numero=1500366-40.2025.8.26.0599
1500367-25.2025.8.26.0599,11º Promotor de Justiça de Piracicaba,Foro de Piracicaba,1ª Vara Criminal,2025/000226,Ação Penal - Procedimento Ordinário,Roubo,2025-02-25,True,2025-03-05,2025-03-05,,2025-05-08,2025-05-09,Público,https://esaj.tjsp.jus.br/cpopg/show.do?processo.codigo=GN0004FOB0000&processo.numero=1500367-25.2025.8.26.0599
1500348-19.2025.8.26.0599,6º Promotor de Justiça de Piracicaba,Foro de Piracicaba,1ª Vara Criminal,2025/000219,Procedimento Especial da Lei Antitóxicos,Tráfico de Drogas e Condutas Afins,2025-02-21,False,2025-03-19,2025-03-20,2025-08-12,,,Público,https://esaj.tjsp.jus.br/cpopg/show.do?processo.codigo=GN0004FNK0000&processo.numero=1500348-19.2025.8.26.0599
1501288-40.2025.8.26.0451,11º Promotor de Justiça de Piracicaba,Foro de Piracicaba,1ª Vara Criminal,2025/000216,Ação Penal - Procedimento Sumário,DIREITO PENAL-Crimes contra a liberdade pessoal-Perseguição,2025-02-21,False,2025-03-30,2025-03-31,,2026-04-17,2026-04-27,Restrito,https://esaj.tjsp.jus.br/cpopg/show.do?processo.codigo=CJ000VQQG0000&processo.numero=1501288-40.2025.8.26.0451
1501291-92.2025.8.26.0451,10º Promotor de Justiça de Piracicaba,Foro de Piracicaba,2ª Vara Criminal,2025/000255,Ação Penal - Procedimento Sumário,Ameaça,2025-02-21,False,2025-04-29,2026-03-05,,,,Restrito,https://esaj.tjsp.jus.br/cpopg/show.do?processo.codigo=CJ000VQQM0000&processo.numero=1501291-92.2025.8.26.0451
1500928-08.2025.8.26.0451,11º Promotor de Justiça de Piracicaba,Foro de Piracicaba,1ª Vara Criminal,2025/000207,Ação Penal - Procedimento Ordinário,Furto Qualificado,2025-02-20,False,2025-03-31,2025-05-09,,,,Público,https://esaj.tjsp.jus.br/cpopg/show.do?processo.codigo=CJ000VQBD0000&processo.numero=1500928-08.2025.8.26.0451
1500339-57.2025.8.26.0599,9º Promotor de Justiça de Piracicaba,Foro de Piracicaba,2ª Vara Criminal,2025/000250,Ação Penal - Procedimento Sumário,Violência Psicológica contra a Mulher,2025-02-20,False,2025-02-20,2025-02-24,,2026-04-10,2026-04-13,Restrito,https://esaj.tjsp.jus.br/cpopg/show.do?processo.codigo=GN0004FN30000&processo.numero=1500339-57.2025.8.26.0599
1500340-42.2025.8.26.0599,18º Promotor de Justiça de Piracicaba,Foro de Piracicaba,4ª Vara Criminal,2025/000231,Ação Penal - Procedimento Ordinário,Adulteração de Sinal Identificador de Veículo Automotor,2025-02-20,False,2025-03-17,2025-03-18,,2025-11-07,2025-11-10,Público,https://esaj.tjsp.jus.br/cpopg/show.do?processo.codigo=GN0004FN40000&processo.numero=1500340-42.2025.8.26.0599
1500342-12.2025.8.26.0599,4º Promotor de Justiça de Piracicaba,Foro de Piracicaba,3ª Vara Criminal,2025/000222,Procedimento Especial da Lei Antitóxicos,Tráfico de Drogas e Condutas Afins,2025-02-20,False,2025-03-31,2025-04-08,,,,Público,https://esaj.tjsp.jus.br/cpopg/show.do?processo.codigo=GN0004FNA0000&processo.numero=1500342-12.2025.8.26.0599
1500343-94.2025.8.26.0599,18º Promotor de Justiça de Piracicaba,Foro de Piracicaba,4ª Vara Criminal,2025/000229,Procedimento Especial da Lei Antitóxicos,Tráfico de Drogas e Condutas Afins,2025-02-20,False,2025-03-18,2025-03-19,,2025-08-13,2025-08-15,Público,https://esaj.tjsp.jus.br/cpopg/show.do?processo.codigo=GN0004FNB0000&processo.numero=1500343-94.2025.8.26.0599
1500345-64.2025.8.26.0599,6º Promotor de Justiça de Piracicaba,Foro de Piracicaba,1ª Vara Criminal,2025/000209,Procedimento Especial da Lei Antitóxicos,Tráfico de Drogas e Condutas Afins,2025-02-20,True,2025-03-18,2025-03-18,2025-04-04,2025-10-06,2025-10-08,Público,https://esaj.tjsp.jus.br/cpopg/show.do?processo.codigo=GN0004FND0000&processo.numero=1500345-64.2025.8.26.0599
1500902-10.2025.8.26.0451,7º Promotor de Justiça de Piracicaba,Foro de Piracicaba,3ª Vara Criminal,2025/000215,Ação Penal - Procedimento Sumário,Lesão Cometida em Razão da Condição de Mulher,2025-02-19,False,2025-03-30,2025-03-31,,,,Restrito,https://esaj.tjsp.jus.br/cpopg/show.do?processo.codigo=CJ000VQ810000&processo.numero=1500902-10.2025.8.26.0451
1500905-62.2025.8.26.0451,9º Promotor de Justiça de Piracicaba,Foro de Piracicaba,2ª Vara Criminal,2025/000242,Ação Penal - Procedimento Sumário,Vias de fato,2025-02-19,False,2025-07-10,2025-07-14,,,,Restrito,https://esaj.tjsp.jus.br/cpopg/show.do?processo.codigo=CJ000VQ8E0000&processo.numero=1500905-62.2025.8.26.0451
1500912-54.2025.8.26.0451,10º Promotor de Justiça de Piracicaba,Foro de Piracicaba,2ª Vara Criminal,2025/000246,Ação Penal - Procedimento Ordinário,Lesão Cometida em Razão da Condição de Mulher,2025-02-19,False,2025-03-30,2025-04-02,,,,Restrito,https://esaj.tjsp.jus.br/cpopg/show.do?processo.codigo=CJ000VQ9C0000&processo.numero=1500912-54.2025.8.26.0451
1500913-39.2025.8.26.0451,7º Promotor de Justiça de Piracicaba,Foro de Piracicaba,3ª Vara Criminal,2025/000217,Ação Penal - Procedimento Sumário,Lesão Cometida em Razão da Condição de Mulher,2025-02-19,False,2025-03-30,2025-03-31,,,,Restrito,https://esaj.tjsp.jus.br/cpopg/show.do?processo.codigo=CJ000VQ9G0000&processo.numero=1500913-39.2025.8.26.0451
1500334-35.2025.8.26.0599,11º Promotor de Justiça de Piracicaba,Foro de Piracicaba,1ª Vara Criminal,2025/000197,Ação Penal - Procedimento Ordinário,Crimes de Trânsito,2025-02-18,False,2025-03-07,2025-09-09,,,,Público,https://esaj.tjsp.jus.br/cpopg/show.do?processo.codigo=GN0004FMU0000&processo.numero=1500334-35.2025.8.26.0599
1500336-05.2025.8.26.0599,9º Promotor de Justiça de Piracicaba,Foro de Piracicaba,2ª Vara Criminal,2025/000241,Ação Penal - Procedimento Sumário,Crime de Descumprimento de Medida Protetiva  de Urgência,2025-02-19,False,2025-02-20,2025-02-20,,2026-04-09,2026-04-10,Restrito,https://esaj.tjsp.jus.br/cpopg/show.do?processo.codigo=GN0004FMY0000&processo.numero=1500336-05.2025.8.26.0599
1500326-58.2025.8.26.0599,4º Promotor de Justiça de Piracicaba,Foro de Piracicaba,3ª Vara Criminal,2025/000212,Ação Penal - Procedimento Ordinário,Roubo Majorado,2025-02-18,True,2025-02-19,2025-02-20,2025-04-01,2025-10-29,2025-11-12,Público,https://esaj.tjsp.jus.br/cpopg/show.do?processo.codigo=GN0004FMM0000&processo.numero=1500326-58.2025.8.26.0599
1500319-66.2025.8.26.0599,7º Promotor de Justiça de Piracicaba,Foro de Piracicaba,3ª Vara Criminal,2025/000207,Procedimento Especial da Lei Antitóxicos,Tráfico de Drogas e Condutas Afins,2025-02-16,True,2025-03-10,2025-03-10,2025-05-11,2025-08-15,2025-08-18,Público,https://esaj.tjsp.jus.br/cpopg/show.do?processo.codigo=GN0004FME0000&processo.numero=1500319-66.2025.8.26.0599
1500314-44.2025.8.26.0599,6º Promotor de Justiça de Piracicaba,Foro de Piracicaba,1ª Vara Criminal,2025/000190,Inquérito Policial,Adulteração de Sinal Identificador de Veículo Automotor,2025-02-16,False,2025-03-10,2025-03-11,,,,Público,https://esaj.tjsp.jus.br/cpopg/show.do?processo.codigo=GN0004FM90000&processo.numero=1500314-44.2025.8.26.0599
1500315-29.2025.8.26.0599,6º Promotor de Justiça de Piracicaba,Foro de Piracicaba,1ª Vara Criminal,2025/000191,Ação Penal - Procedimento Ordinário,Furto,2025-02-16,False,2025-02-24,2025-02-25,,2025-05-21,2025-05-22,Público,https://esaj.tjsp.jus.br/cpopg/show.do?processo.codigo=GN0004FMA0000&processo.numero=1500315-29.2025.8.26.0599
1500306-67.2025.8.26.0599,9º Promotor de Justiça de Piracicaba,Foro de Piracicaba,2ª Vara Criminal,2025/000224,Ação Penal - Procedimento Ordinário,Crime de Descumprimento de Medida Protetiva  de Urgência,2025-02-14,False,2025-02-21,2025-02-21,,,,Restrito,https://esaj.tjsp.jus.br/cpopg/show.do?processo.codigo=GN0004FLW0000&processo.numero=1500306-67.2025.8.26.0599
1500307-52.2025.8.26.0599,7º Promotor de Justiça de Piracicaba,Foro de Piracicaba,3ª Vara Criminal,2025/000206,Ação Penal - Procedimento Ordinário,Adulteração de Sinal Identificador de Veículo Automotor,2025-02-16,False,2025-03-17,2026-02-02,,,,Público,https://esaj.tjsp.jus.br/cpopg/show.do?processo.codigo=GN0004FM00000&processo.numero=1500307-52.2025.8.26.0599
1500309-22.2025.8.26.0599,6º Promotor de Justiça de Piracicaba,Foro de Piracicaba,1ª Vara Criminal,2025/000189,Procedimento Especial da Lei Antitóxicos,Tráfico de Drogas e Condutas Afins,2025-02-16,False,2025-03-07,2025-03-10,2025-07-14,,,Público,https://esaj.tjsp.jus.br/cpopg/show.do?processo.codigo=GN0004FM20000&processo.numero=1500309-22.2025.8.26.0599
1500787-86.2025.8.26.0451,18º Promotor de Justiça de Piracicaba,Foro de Piracicaba,4ª Vara Criminal,2025/000193,Ação Penal - Procedimento Sumário,Crime de Descumprimento de Medida Protetiva  de Urgência,2025-02-14,False,2025-02-14,2025-02-21,,2026-03-18,2026-03-19,Restrito,https://esaj.tjsp.jus.br/cpopg/show.do?processo.codigo=CJ000VPOY0000&processo.numero=1500787-86.2025.8.26.0451
1500801-70.2025.8.26.0451,13º Promotor de Justiça de Piracicaba,Foro de Piracicaba,Vara do Juizado Especial Cível e Criminal,2025/000478,Ação Penal - Procedimento Sumaríssimo,Contravenções Penais,2025-02-14,False,,2025-05-27,,2026-01-22,2026-02-06,Público,https://esaj.tjsp.jus.br/cpopg/show.do?processo.codigo=CJ000VPPM0000&processo.numero=1500801-70.2025.8.26.0451
1500805-10.2025.8.26.0451,10º Promotor de Justiça de Piracicaba,Foro de Piracicaba,2ª Vara Criminal,2025/000208,Ação Penal - Procedimento Sumário,Contra a Mulher,2025-02-14,False,2025-02-14,2025-06-06,,,,Restrito,https://esaj.tjsp.jus.br/cpopg/show.do?processo.codigo=CJ000VPPS0000&processo.numero=1500805-10.2025.8.26.0451
1500816-39.2025.8.26.0451,17º Promotor de Justiça de Piracicaba,Foro de Piracicaba,4ª Vara Criminal,2025/000200,Ação Penal - Procedimento Sumário,Crime de Descumprimento de Medida Protetiva  de Urgência,2025-02-14,False,2025-03-27,2025-04-10,2025-07-15,,,Restrito,https://esaj.tjsp.jus.br/cpopg/show.do?processo.codigo=CJ000VPQX0000&processo.numero=1500816-39.2025.8.26.0451
1500822-46.2025.8.26.0451,7º Promotor de Justiça de Piracicaba,Foro de Piracicaba,3ª Vara Criminal,2025/000198,Ação Penal - Procedimento Sumário,Decorrente de Violência Doméstica,2025-02-14,False,2025-04-24,2025-04-25,,,,Restrito,https://esaj.tjsp.jus.br/cpopg/show.do?processo.codigo=CJ000VPR10000&processo.numero=1500822-46.2025.8.26.0451
1500838-97.2025.8.26.0451,9º Promotor de Justiça de Piracicaba,Foro de Piracicaba,2ª Vara Criminal,2025/000214,Ação Penal - Procedimento Sumário,Vias de fato,2025-02-14,False,2025-02-14,2025-02-17,,2026-04-10,2026-04-13,Restrito,https://esaj.tjsp.jus.br/cpopg/show.do?processo.codigo=CJ000VPS00000&processo.numero=1500838-97.2025.8.26.0451
1500287-61.2025.8.26.0599,7º Promotor de Justiça de Piracicaba,Foro de Piracicaba,3ª Vara Criminal,2025/000188,Ação Penal - Procedimento Ordinário,Furto Qualificado,2025-02-12,True,2025-02-18,2025-02-18,,2025-07-01,2025-07-06,Público,https://esaj.tjsp.jus.br/cpopg/show.do?processo.codigo=GN0004FL20000&processo.numero=1500287-61.2025.8.26.0599
1500289-31.2025.8.26.0599,9º Promotor de Justiça de Piracicaba,Foro de Piracicaba,2ª Vara Criminal,2025/000191,Procedimento Especial da Lei Antitóxicos,Tráfico de Drogas e Condutas Afins,2025-02-12,False,2025-03-10,2025-03-11,2025-03-26,,,Público,https://esaj.tjsp.jus.br/cpopg/show.do?processo.codigo=GN0004FL40000&processo.numero=1500289-31.2025.8.26.0599
1500291-98.2025.8.26.0599,6º Promotor de Justiça de Piracicaba,Foro de Piracicaba,1ª Vara Criminal,2025/000171,Ação Penal - Procedimento Ordinário,Furto Qualificado,2025-02-12,False,2025-02-18,2025-03-28,2025-04-04,2025-06-30,2025-07-02,Público,https://esaj.tjsp.jus.br/cpopg/show.do?processo.codigo=GN0004FLB0000&processo.numero=1500291-98.2025.8.26.0599
1500692-56.2025.8.26.0451,4º Promotor de Justiça de Piracicaba,Foro de Piracicaba,3ª Vara Criminal,2025/000394,Ação Penal - Procedimento Sumário,Lesão Cometida em Razão da Condição de Mulher,2025-03-27,False,2025-09-23,2025-10-01,,,,Restrito,https://esaj.tjsp.jus.br/cpopg/show.do?processo.codigo=CJ000VPDK0000&processo.numero=1500692-56.2025.8.26.0451
1500698-63.2025.8.26.0451,1º Promotor de Justiça Auxiliar de Piracicaba,Foro de Piracicaba,4ª Vara Criminal,2025/000171,Ação Penal - Procedimento Sumário,Vias de fato,2025-02-12,False,2025-02-12,2025-02-14,,,,Restrito,https://esaj.tjsp.jus.br/cpopg/show.do?processo.codigo=CJ000VPDP0000&processo.numero=1500698-63.2025.8.26.0451
1500703-85.2025.8.26.0451,6º Promotor de Justiça de Piracicaba,Foro de Piracicaba,1ª Vara Criminal,2025/000164,Ação Penal - Procedimento Sumário,Ameaça,2025-02-12,False,2025-02-12,2025-02-13,,,,Restrito,https://esaj.tjsp.jus.br/cpopg/show.do?processo.codigo=CJ000VPDU0000&processo.numero=1500703-85.2025.8.26.0451
1500709-92.2025.8.26.0451,7º Promotor de Justiça de Piracicaba,Foro de Piracicaba,3ª Vara Criminal,2025/000177,Ação Penal - Procedimento Sumário,Lesão Cometida em Razão da Condição de Mulher,2025-02-12,False,2025-02-12,2025-02-20,,,,Restrito,https://esaj.tjsp.jus.br/cpopg/show.do?processo.codigo=CJ000VPE80000&processo.numero=1500709-92.2025.8.26.0451
1500718-54.2025.8.26.0451,7º Promotor de Justiça de Piracicaba,Foro de Piracicaba,3ª Vara Criminal,2025/000179,Ação Penal - Procedimento Sumário,Lesão Cometida em Razão da Condição de Mulher,2025-02-12,False,2025-02-12,2025-07-31,,,,Restrito,https://esaj.tjsp.jus.br/cpopg/show.do?processo.codigo=CJ000VPEN0000&processo.numero=1500718-54.2025.8.26.0451
1500725-46.2025.8.26.0451,11º Promotor de Justiça de Piracicaba,Foro de Piracicaba,1ª Vara Criminal,2025/000168,Ação Penal - Procedimento Sumário,Crime de Descumprimento de Medida Protetiva  de Urgência,2025-02-12,False,2025-07-30,2025-07-30,,,,Restrito,https://esaj.tjsp.jus.br/cpopg/show.do?processo.codigo=CJ000VPFJ0000&processo.numero=1500725-46.2025.8.26.0451
1500742-82.2025.8.26.0451,18º Promotor de Justiça de Piracicaba,Foro de Piracicaba,4ª Vara Criminal,2025/000181,Ação Penal - Procedimento Sumário,Ameaça,2025-02-12,False,2025-02-12,2025-02-14,,,,Restrito,https://esaj.tjsp.jus.br/cpopg/show.do?processo.codigo=CJ000VPI30000&processo.numero=1500742-82.2025.8.26.0451
1500745-37.2025.8.26.0451,7º Promotor de Justiça de Piracicaba,Foro de Piracicaba,3ª Vara Criminal,2025/000187,Ação Penal - Procedimento Sumário,Ameaça,2025-02-12,False,2025-02-12,2025-02-19,,,,Restrito,https://esaj.tjsp.jus.br/cpopg/show.do?processo.codigo=CJ000VPID0000&processo.numero=1500745-37.2025.8.26.0451
1500755-81.2025.8.26.0451,4º Promotor de Justiça de Piracicaba,Foro de Piracicaba,3ª Vara Criminal,2025/000191,Ação Penal - Procedimento Sumário,Lesão Cometida em Razão da Condição de Mulher,2025-02-12,False,2025-08-07,2025-08-15,,,,Restrito,https://esaj.tjsp.jus.br/cpopg/show.do?processo.codigo=CJ000VPJK0000&processo.numero=1500755-81.2025.8.26.0451
1500286-76.2025.8.26.0599,6º Promotor de Justiça de Piracicaba,Foro de Piracicaba,1ª Vara Criminal,2025/000161,Procedimento Especial da Lei Antitóxicos,Tráfico de Drogas e Condutas Afins,2025-02-11,True,2025-03-10,2025-03-13,2025-05-20,,,Público,https://esaj.tjsp.jus.br/cpopg/show.do?processo.codigo=GN0004FKZ0000&processo.numero=1500286-76.2025.8.26.0599
1500675-20.2025.8.26.0451,7º Promotor de Justiça de Piracicaba,Foro de Piracicaba,3ª Vara Criminal,2025/000169,Ação Penal - Procedimento Sumário,Ameaça,2025-02-11,False,2025-02-25,2025-02-28,,,,Restrito,https://esaj.tjsp.jus.br/cpopg/show.do?processo.codigo=CJ000VPBD0000&processo.numero=1500675-20.2025.8.26.0451
1500282-39.2025.8.26.0599,4º Promotor de Justiça de Piracicaba,Foro de Piracicaba,3ª Vara Criminal,2025/000162,Ação Penal - Procedimento Ordinário,Roubo Majorado,2025-02-10,True,2025-02-17,2025-02-18,2025-04-01,2025-07-01,2025-07-04,Público,https://esaj.tjsp.jus.br/cpopg/show.do?processo.codigo=GN0004FKT0000&processo.numero=1500282-39.2025.8.26.0599
1500283-24.2025.8.26.0599,7º Promotor de Justiça de Piracicaba,Foro de Piracicaba,3ª Vara Criminal,2025/000178,Procedimento Especial da Lei Antitóxicos,Tráfico de Drogas e Condutas Afins,2025-02-12,True,2025-03-10,2025-03-10,2025-04-04,2025-10-07,2025-10-09,Público,https://esaj.tjsp.jus.br/cpopg/show.do?processo.codigo=GN0004FKU0000&processo.numero=1500283-24.2025.8.26.0599
1500658-81.2025.8.26.0451,1º Promotor de Justiça Auxiliar de Piracicaba,Foro de Piracicaba,4ª Vara Criminal,2025/000999,Ação Penal - Procedimento Sumário,Ameaça,2025-07-21,False,2025-02-17,2025-02-19,,,,Restrito,https://esaj.tjsp.jus.br/cpopg/show.do?processo.codigo=CJ000VP7J0000&processo.numero=1500658-81.2025.8.26.0451
1500271-10.2025.8.26.0599,1º Promotor de Justiça Auxiliar de Piracicaba,Foro de Piracicaba,4ª Vara Criminal,2025/000157,Ação Penal - Procedimento Ordinário,Crimes do Sistema Nacional de Armas,2025-02-10,False,2025-02-17,2025-02-18,,,,Público,https://esaj.tjsp.jus.br/cpopg/show.do?processo.codigo=GN0004FKE0000&processo.numero=1500271-10.2025.8.26.0599
1500273-77.2025.8.26.0599,7º Promotor de Justiça de Piracicaba,Foro de Piracicaba,3ª Vara Criminal,2025/000159,Ação Penal - Procedimento Ordinário,Crimes do Sistema Nacional de Armas,2025-02-10,False,2025-02-18,2026-03-26,,,,Público,https://esaj.tjsp.jus.br/cpopg/show.do?processo.codigo=GN0004FKG0000&processo.numero=1500273-77.2025.8.26.0599
1500278-02.2025.8.26.0599,18º Promotor de Justiça de Piracicaba,Foro de Piracicaba,4ª Vara Criminal,2025/000159,Procedimento Especial da Lei Antitóxicos,Tráfico de Drogas e Condutas Afins,2025-02-10,False,2025-02-18,2025-02-19,2025-04-21,2025-10-16,2025-10-17,Público,https://esaj.tjsp.jus.br/cpopg/show.do?processo.codigo=GN0004FKO0000&processo.numero=1500278-02.2025.8.26.0599
1500634-53.2025.8.26.0451,11º Promotor de Justiça de Piracicaba,Foro de Piracicaba,1ª Vara Criminal,2025/000578,Ação Penal - Procedimento Sumaríssimo,Resistência,2025-05-21,False,,2025-05-16,,,,Público,https://esaj.tjsp.jus.br/cpopg/show.do?processo.codigo=CJ000VP3J0000&processo.numero=1500634-53.2025.8.26.0451
1500633-68.2025.8.26.0451,10º Promotor de Justiça de Piracicaba,Foro de Piracicaba,2ª Vara Criminal,2025/000665,Ação Penal - Procedimento Sumário,Resistência,2025-05-13,False,,2025-08-29,,,,Público,https://esaj.tjsp.jus.br/cpopg/show.do?processo.codigo=CJ000VP390000&processo.numero=1500633-68.2025.8.26.0451
1500260-78.2025.8.26.0599,9º Promotor de Justiça de Piracicaba,Foro de Piracicaba,2ª Vara Criminal,2025/000161,Procedimento Especial da Lei Antitóxicos,Tráfico de Drogas e Condutas Afins,2025-02-07,True,2025-03-08,2025-03-10,2025-04-29,2025-06-15,2025-06-16,Público,https://esaj.tjsp.jus.br/cpopg/show.do?processo.codigo=GN0004FJV0000&processo.numero=1500260-78.2025.8.26.0599
1500262-48.2025.8.26.0599,6º Promotor de Justiça de Piracicaba,Foro de Piracicaba,1ª Vara Criminal,2025/000153,Procedimento Especial da Lei Antitóxicos,Tráfico de Drogas e Condutas Afins,2025-02-10,False,2025-02-12,2025-02-13,2025-04-14,,,Público,https://esaj.tjsp.jus.br/cpopg/show.do?processo.codigo=GN0004FK00000&processo.numero=1500262-48.2025.8.26.0599
1500255-56.2025.8.26.0599,7º Promotor de Justiça de Piracicaba,Foro de Piracicaba,3ª Vara Criminal,2025/000158,Procedimento Especial da Lei Antitóxicos,Tráfico de Drogas e Condutas Afins,2025-02-07,False,2025-02-28,2025-03-07,,,,Público,https://esaj.tjsp.jus.br/cpopg/show.do?processo.codigo=GN0004FJO0000&processo.numero=1500255-56.2025.8.26.0599
1500565-21.2025.8.26.0451,11º Promotor de Justiça de Piracicaba,Foro de Piracicaba,1ª Vara Criminal,2025/000146,Ação Penal - Procedimento Ordinário,Adulteração de Sinal Identificador de Veículo Automotor,2025-02-06,False,2025-02-21,2025-03-26,,,,Público,https://esaj.tjsp.jus.br/cpopg/show.do?processo.codigo=CJ000VOTG0000&processo.numero=1500565-21.2025.8.26.0451
1500567-88.2025.8.26.0451,18º Promotor de Justiça de Piracicaba,Foro de Piracicaba,4ª Vara Criminal,2025/000147,Ação Penal - Procedimento Sumaríssimo,Crimes de Trânsito,2025-02-06,False,2025-05-27,2025-11-25,2026-03-27,,,Público,https://esaj.tjsp.jus.br/cpopg/show.do?processo.codigo=CJ000VOTS0000&processo.numero=1500567-88.2025.8.26.0451
1500252-04.2025.8.26.0599,11º Promotor de Justiça de Piracicaba,Foro de Piracicaba,1ª Vara Criminal,2025/000148,Ação Penal - Procedimento Ordinário,Uso de documento falso,2025-02-06,False,2025-02-12,2025-03-26,2025-05-07,2026-05-13,2026-05-21,Público,https://esaj.tjsp.jus.br/cpopg/show.do?processo.codigo=GN0004FJC0000&processo.numero=1500252-04.2025.8.26.0599
1500544-45.2025.8.26.0451,13º Promotor de Justiça de Piracicaba,Foro de Piracicaba,Vara do Juizado Especial Cível e Criminal,2025/000342,Ação Penal - Procedimento Sumaríssimo,Contravenções Penais,2025-02-05,False,,2026-01-26,,,,Público,https://esaj.tjsp.jus.br/cpopg/show.do?processo.codigo=CJ000VOPO0000&processo.numero=1500544-45.2025.8.26.0451
1500548-82.2025.8.26.0451,7º Promotor de Justiça de Piracicaba,Foro de Piracicaba,3ª Vara Criminal,2025/000146,Ação Penal - Procedimento Ordinário,Roubo Majorado,2025-02-05,True,2025-03-13,2025-03-14,2025-03-27,2026-03-24,2026-04-14,Restrito,https://esaj.tjsp.jus.br/cpopg/show.do?processo.codigo=CJ000VOQA0000&processo.numero=1500548-82.2025.8.26.0451
1500552-22.2025.8.26.0451,9º Promotor de Justiça de Piracicaba,Foro de Piracicaba,2ª Vara Criminal,2025/000150,Ação Penal - Procedimento Sumário,Contra a Mulher,2025-02-05,False,2025-03-27,2025-03-28,,,,Restrito,https://esaj.tjsp.jus.br/cpopg/show.do?processo.codigo=CJ000VOR10000&processo.numero=1500552-22.2025.8.26.0451
1500240-87.2025.8.26.0599,4º Promotor de Justiça de Piracicaba,Foro de Piracicaba,3ª Vara Criminal,2025/000143,Procedimento Especial da Lei Antitóxicos,Tráfico de Drogas e Condutas Afins,2025-02-04,False,2025-02-10,2025-02-12,2025-11-26,,,Público,https://esaj.tjsp.jus.br/cpopg/show.do?processo.codigo=GN0004FIO0000&processo.numero=1500240-87.2025.8.26.0599
1500245-12.2025.8.26.0599,9º Promotor de Justiça de Piracicaba,Foro de Piracicaba,2ª Vara Criminal,2025/000153,Procedimento Especial da Lei Antitóxicos,Tráfico de Drogas e Condutas Afins,2025-02-05,True,2025-02-28,2025-03-05,2025-03-19,2025-05-21,2025-05-23,Público,https://esaj.tjsp.jus.br/cpopg/show.do?processo.codigo=GN0004FIY0000&processo.numero=1500245-12.2025.8.26.0599
1500247-79.2025.8.26.0599,18º Promotor de Justiça de Piracicaba,Foro de Piracicaba,4ª Vara Criminal,2025/000141,Procedimento Especial da Lei Antitóxicos,Tráfico de Drogas e Condutas Afins,2025-02-05,True,2025-02-11,2025-02-12,2025-03-21,2025-08-04,2025-08-07,Público,https://esaj.tjsp.jus.br/cpopg/show.do?processo.codigo=GN0004FJ30000&processo.numero=1500247-79.2025.8.26.0599
1500248-64.2025.8.26.0599,17º Promotor de Justiça de Piracicaba,Foro de Piracicaba,4ª Vara Criminal,2025/000142,Ação Penal - Procedimento Ordinário,Roubo,2025-02-05,True,2025-02-12,2025-02-13,2025-04-04,,,Público,https://esaj.tjsp.jus.br/cpopg/show.do?processo.codigo=GN0004FJ40000&processo.numero=1500248-64.2025.8.26.0599
1500530-61.2025.8.26.0451,9º Promotor de Justiça de Piracicaba,Foro de Piracicaba,2ª Vara Criminal,2025/000144,Ação Penal - Procedimento Ordinário,Estelionato,2025-02-04,False,2026-01-08,2026-01-09,2026-04-09,,,Público,https://esaj.tjsp.jus.br/cpopg/show.do?processo.codigo=CJ000VOLR0000&processo.numero=1500530-61.2025.8.26.0451
1500237-35.2025.8.26.0599,11º Promotor de Justiça de Piracicaba,Foro de Piracicaba,1ª Vara Criminal,2025/000138,Procedimento Especial da Lei Antitóxicos,Tráfico de Drogas e Condutas Afins,2025-02-04,True,2025-02-28,2025-02-28,2025-03-19,2025-05-05,2025-05-05,Público,https://esaj.tjsp.jus.br/cpopg/show.do?processo.codigo=GN0004FIL0000&processo.numero=1500237-35.2025.8.26.0599
1500231-28.2025.8.26.0599,18º Promotor de Justiça de Piracicaba,Foro de Piracicaba,4ª Vara Criminal,2025/000131,Procedimento Especial da Lei Antitóxicos,Tráfico de Drogas e Condutas Afins,2025-02-03,False,2025-02-11,2025-02-11,2025-04-11,,,Público,https://esaj.tjsp.jus.br/cpopg/show.do?processo.codigo=GN0004FI60000&processo.numero=1500231-28.2025.8.26.0599
1500201-90.2025.8.26.0599,6º Promotor de Justiça de Piracicaba,Foro de Piracicaba,1ª Vara Criminal,2025/000122,Procedimento Especial da Lei Antitóxicos,Tráfico de Drogas e Condutas Afins,2025-01-31,True,2025-02-26,2025-02-27,2025-03-19,2025-04-29,2025-04-30,Público,https://esaj.tjsp.jus.br/cpopg/show.do?processo.codigo=GN0004FH30000&processo.numero=1500201-90.2025.8.26.0599
1500358-22.2025.8.26.0451,6º Promotor de Justiça de Piracicaba,Foro de Piracicaba,1ª Vara Criminal,2025/000113,Ação Penal - Procedimento Ordinário,Estupro de vulnerável,2025-01-29,False,2025-08-07,2025-08-07,,2026-03-30,2026-04-16,Restrito,https://esaj.tjsp.jus.br/cpopg/show.do?processo.codigo=CJ000VNY40000&processo.numero=1500358-22.2025.8.26.0451
1500373-88.2025.8.26.0451,11º Promotor de Justiça de Piracicaba,Foro de Piracicaba,1ª Vara Criminal,2025/000118,Ação Penal - Procedimento Sumário,Ameaça,2025-01-29,False,2025-07-15,2025-07-16,,,,Restrito,https://esaj.tjsp.jus.br/cpopg/show.do?processo.codigo=CJ000VO120000&processo.numero=1500373-88.2025.8.26.0451
1500197-53.2025.8.26.0599,18º Promotor de Justiça de Piracicaba,Foro de Piracicaba,4ª Vara Criminal,2025/000123,Procedimento Especial da Lei Antitóxicos,Tráfico de Drogas e Condutas Afins,2025-01-30,True,2025-02-25,2025-02-26,2025-04-21,2025-07-09,2025-07-10,Público,https://esaj.tjsp.jus.br/cpopg/show.do?processo.codigo=GN0004FGS0000&processo.numero=1500197-53.2025.8.26.0599
1500315-85.2025.8.26.0451,6º Promotor de Justiça de Piracicaba,Foro de Piracicaba,1ª Vara Criminal,2025/000103,Ação Penal - Procedimento Ordinário,Furto,2025-01-28,False,2026-02-04,2026-02-13,,,,Público,https://esaj.tjsp.jus.br/cpopg/show.do?processo.codigo=CJ000VNTA0000&processo.numero=1500315-85.2025.8.26.0451
1500322-77.2025.8.26.0451,13º Promotor de Justiça de Piracicaba,Foro de Piracicaba,Vara do Juizado Especial Cível e Criminal,2025/000251,Ação Penal - Procedimento Sumaríssimo,Ameaça,2025-01-28,False,,2025-08-12,,,,Público,https://esaj.tjsp.jus.br/cpopg/show.do?processo.codigo=CJ000VNUH0000&processo.numero=1500322-77.2025.8.26.0451
1500328-84.2025.8.26.0451,9º Promotor de Justiça de Piracicaba,Foro de Piracicaba,2ª Vara Criminal,2025/000120,Ação Penal - Procedimento Sumário,Ameaça,2025-01-28,False,2025-07-31,2025-08-01,,,,Restrito,https://esaj.tjsp.jus.br/cpopg/show.do?processo.codigo=CJ000VNUV0000&processo.numero=1500328-84.2025.8.26.0451
1500329-69.2025.8.26.0451,9º Promotor de Justiça de Piracicaba,Foro de Piracicaba,2ª Vara Criminal,2025/000121,Ação Penal - Procedimento Ordinário,Lesão Cometida em Razão da Condição de Mulher,2025-01-28,False,2025-08-01,2025-08-04,,,,Restrito,https://esaj.tjsp.jus.br/cpopg/show.do?processo.codigo=CJ000VNUX0000&processo.numero=1500329-69.2025.8.26.0451
1500330-54.2025.8.26.0451,9º Promotor de Justiça de Piracicaba,Foro de Piracicaba,2ª Vara Criminal,2025/000122,Ação Penal - Procedimento Ordinário,Contra a Mulher,2025-01-28,False,2025-08-28,2025-08-28,,,,Restrito,https://esaj.tjsp.jus.br/cpopg/show.do?processo.codigo=CJ000VNV00000&processo.numero=1500330-54.2025.8.26.0451
1500355-67.2025.8.26.0451,18º Promotor de Justiça de Piracicaba,Foro de Piracicaba,4ª Vara Criminal,2025/000119,Ação Penal - Procedimento Ordinário,Furto,2025-01-28,False,2025-07-15,2025-07-18,,,,Público,https://esaj.tjsp.jus.br/cpopg/show.do?processo.codigo=CJ000VNXK0000&processo.numero=1500355-67.2025.8.26.0451
1500189-76.2025.8.26.0599,6º Promotor de Justiça de Piracicaba,Foro de Piracicaba,1ª Vara Criminal,2025/000110,Procedimento Especial da Lei Antitóxicos,Tráfico de Drogas e Condutas Afins,2025-01-28,False,2025-02-24,2025-02-24,2025-04-02,2025-05-16,2025-05-27,Público,https://esaj.tjsp.jus.br/cpopg/show.do?processo.codigo=GN0004FGJ0000&processo.numero=1500189-76.2025.8.26.0599
1500308-93.2025.8.26.0451,13º Promotor de Justiça de Piracicaba,Foro de Piracicaba,Vara do Juizado Especial Cível e Criminal,2025/000237,Termo Circunstanciado,Crimes de Trânsito,2025-01-27,False,,2026-03-09,2026-03-20,,,Público,https://esaj.tjsp.jus.br/cpopg/show.do?processo.codigo=CJ000VNS80000&processo.numero=1500308-93.2025.8.26.0451
1500182-84.2025.8.26.0599,10º Promotor de Justiça de Piracicaba,Foro de Piracicaba,2ª Vara Criminal,2025/000109,Ação Penal - Procedimento Ordinário,Importunação Sexual,2025-01-27,False,2025-02-04,2025-10-06,,,,Restrito,https://esaj.tjsp.jus.br/cpopg/show.do?processo.codigo=GN0004FG90000&processo.numero=1500182-84.2025.8.26.0599
1500289-87.2025.8.26.0451,13º Promotor de Justiça de Piracicaba,Foro de Piracicaba,Vara do Juizado Especial Cível e Criminal,2025/000209,Termo Circunstanciado,Desacato,2025-01-25,False,,2025-06-11,,2025-12-18,,Público,https://esaj.tjsp.jus.br/cpopg/show.do?processo.codigo=CJ000VNN90000&processo.numero=1500289-87.2025.8.26.0451
1500280-28.2025.8.26.0451,9º Promotor de Justiça de Piracicaba,Foro de Piracicaba,2ª Vara Criminal,2025/000103,Ação Penal - Procedimento Ordinário,Coação no curso do processo,2025-01-24,False,2025-04-28,2025-04-30,,,,Público,https://esaj.tjsp.jus.br/cpopg/show.do?processo.codigo=CJ000VNK30000&processo.numero=1500280-28.2025.8.26.0451
1500287-20.2025.8.26.0451,17º Promotor de Justiça de Piracicaba,Foro de Piracicaba,4ª Vara Criminal,2025/000868,Ação Penal - Procedimento Sumário,Ameaça,2025-06-25,False,,2025-06-18,,,,Público,https://esaj.tjsp.jus.br/cpopg/show.do?processo.codigo=CJ000VNN50000&processo.numero=1500287-20.2025.8.26.0451
1500267-29.2025.8.26.0451,13º Promotor de Justiça de Piracicaba,Foro de Piracicaba,Vara do Juizado Especial Cível e Criminal,2025/000183,Ação Penal - Procedimento Sumaríssimo,Resistência,2025-01-23,False,,2025-09-16,,,,Público,https://esaj.tjsp.jus.br/cpopg/show.do?processo.codigo=CJ000VNG30000&processo.numero=1500267-29.2025.8.26.0451
1500159-41.2025.8.26.0599,1º Promotor de Justiça Auxiliar de Piracicaba,Foro de Piracicaba,4ª Vara Criminal,2025/000097,Procedimento Especial da Lei Antitóxicos,Tráfico de Drogas e Condutas Afins,2025-01-23,False,2025-02-20,2025-02-21,,,,Público,https://esaj.tjsp.jus.br/cpopg/show.do?processo.codigo=GN0004FF00000&processo.numero=1500159-41.2025.8.26.0599
1500148-12.2025.8.26.0599,18º Promotor de Justiça de Piracicaba,Foro de Piracicaba,4ª Vara Criminal,2025/000091,Procedimento Especial da Lei Antitóxicos,Tráfico de Drogas e Condutas Afins,2025-01-21,False,2025-02-19,2025-02-19,2025-04-21,,,Público,https://esaj.tjsp.jus.br/cpopg/show.do?processo.codigo=GN0004FEH0000&processo.numero=1500148-12.2025.8.26.0599
1500145-57.2025.8.26.0599,6º Promotor de Justiça de Piracicaba,Foro de Piracicaba,1ª Vara Criminal,2025/000083,Procedimento Especial da Lei Antitóxicos,Tráfico de Drogas e Condutas Afins,2025-01-21,False,2025-02-11,2025-02-12,2025-03-04,,,Público,https://esaj.tjsp.jus.br/cpopg/show.do?processo.codigo=GN0004FEC0000&processo.numero=1500145-57.2025.8.26.0599
1500233-54.2025.8.26.0451,6º Promotor de Justiça de Piracicaba,Foro de Piracicaba,1ª Vara Criminal,2025/000080,Ação Penal - Procedimento Sumário,Ameaça,2025-01-20,False,2025-03-24,2025-03-25,,,,Restrito,https://esaj.tjsp.jus.br/cpopg/show.do?processo.codigo=CJ000VN4O0000&processo.numero=1500233-54.2025.8.26.0451
1500194-57.2025.8.26.0451,17º Promotor de Justiça de Piracicaba,Foro de Piracicaba,4ª Vara Criminal,2025/000078,Ação Penal - Procedimento Ordinário,Furto Qualificado,2025-01-17,False,2025-01-22,2026-04-28,,,,Público,https://esaj.tjsp.jus.br/cpopg/show.do?processo.codigo=CJ000VMXA0000&processo.numero=1500194-57.2025.8.26.0451
1500196-27.2025.8.26.0451,7º Promotor de Justiça de Piracicaba,Foro de Piracicaba,3ª Vara Criminal,2025/000076,Ação Penal - Procedimento Ordinário,Estupro de vulnerável,2025-01-17,False,2025-04-29,2025-11-10,,,,Restrito,https://esaj.tjsp.jus.br/cpopg/show.do?processo.codigo=CJ000VMXR0000&processo.numero=1500196-27.2025.8.26.0451
1500197-12.2025.8.26.0451,10º Promotor de Justiça de Piracicaba,Foro de Piracicaba,2ª Vara Criminal,2025/000077,Ação Penal - Procedimento Ordinário,Estupro de vulnerável,2025-01-17,False,2025-06-06,2026-04-06,,,,Restrito,https://esaj.tjsp.jus.br/cpopg/show.do?processo.codigo=CJ000VMXV0000&processo.numero=1500197-12.2025.8.26.0451
1500203-19.2025.8.26.0451,9º Promotor de Justiça de Piracicaba,Foro de Piracicaba,2ª Vara Criminal,2025/000500,Ação Penal - Procedimento Ordinário,Estupro de vulnerável,2025-04-08,False,2025-03-30,2025-03-31,,,,Restrito,https://esaj.tjsp.jus.br/cpopg/show.do?processo.codigo=CJ000VMYI0000&processo.numero=1500203-19.2025.8.26.0451
1500206-71.2025.8.26.0451,7º Promotor de Justiça de Piracicaba,Foro de Piracicaba,3ª Vara Criminal,2025/000078,Ação Penal - Procedimento Ordinário,Estupro de vulnerável,2025-01-17,False,2025-07-16,2026-03-17,,,,Restrito,https://esaj.tjsp.jus.br/cpopg/show.do?processo.codigo=CJ000VMYX0000&processo.numero=1500206-71.2025.8.26.0451
1500220-55.2025.8.26.0451,4º Promotor de Justiça de Piracicaba,Foro de Piracicaba,3ª Vara Criminal,2025/000081,Ação Penal - Procedimento Sumário,Decorrente de Violência Doméstica,2025-01-17,False,2025-06-06,2025-06-13,,,,Restrito,https://esaj.tjsp.jus.br/cpopg/show.do?processo.codigo=CJ000VMZN0000&processo.numero=1500220-55.2025.8.26.0451
1500183-28.2025.8.26.0451,13º Promotor de Justiça de Piracicaba,Foro de Piracicaba,Vara do Juizado Especial Cível e Criminal,2025/000110,Ação Penal - Procedimento Sumaríssimo,Contravenções Penais,2025-01-16,False,,2025-09-18,,,,Público,https://esaj.tjsp.jus.br/cpopg/show.do?processo.codigo=CJ000VMVL0000&processo.numero=1500183-28.2025.8.26.0451
1500184-13.2025.8.26.0451,6º Promotor de Justiça de Piracicaba,Foro de Piracicaba,1ª Vara Criminal,2025/001229,Ação Penal - Procedimento Sumário,Desacato,2025-09-22,False,,2025-09-16,,,,Público,https://esaj.tjsp.jus.br/cpopg/show.do?processo.codigo=CJ000VMVP0000&processo.numero=1500184-13.2025.8.26.0451
1500119-59.2025.8.26.0599,7º Promotor de Justiça de Piracicaba,Foro de Piracicaba,3ª Vara Criminal,2025/000075,Ação Penal - Procedimento Ordinário,Furto,2025-01-17,False,2025-01-17,2025-03-21,,,,Público,https://esaj.tjsp.jus.br/cpopg/show.do?processo.codigo=GN0004FD20000&processo.numero=1500119-59.2025.8.26.0599
1500120-44.2025.8.26.0599,4º Promotor de Justiça de Piracicaba,Foro de Piracicaba,3ª Vara Criminal,2025/000123,Procedimento Especial da Lei Antitóxicos,Tráfico de Drogas e Condutas Afins,2025-01-30,False,2025-01-30,2025-03-31,,,,Público,https://esaj.tjsp.jus.br/cpopg/show.do?processo.codigo=GN0004FD30000&processo.numero=1500120-44.2025.8.26.0599
1500129-62.2025.8.26.0451,18º Promotor de Justiça de Piracicaba,Foro de Piracicaba,4ª Vara Criminal,2025/000059,Ação Penal - Procedimento Ordinário,Grave,2025-01-15,False,2025-09-19,2025-09-24,,,,Público,https://esaj.tjsp.jus.br/cpopg/show.do?processo.codigo=CJ000VMQS0000&processo.numero=1500129-62.2025.8.26.0451
1500137-39.2025.8.26.0451,11º Promotor de Justiça de Piracicaba,Foro de Piracicaba,1ª Vara Criminal,2025/000058,Ação Penal - Procedimento Sumário,Ameaça,2025-01-15,False,2025-03-31,2025-04-01,,,,Restrito,https://esaj.tjsp.jus.br/cpopg/show.do?processo.codigo=CJ000VMRM0000&processo.numero=1500137-39.2025.8.26.0451
1500139-09.2025.8.26.0451,4º Promotor de Justiça de Piracicaba,Foro de Piracicaba,3ª Vara Criminal,2025/000063,Ação Penal - Procedimento Ordinário,Estupro de vulnerável,2025-01-15,False,2026-04-02,2026-04-08,2026-05-12,,,Restrito,https://esaj.tjsp.jus.br/cpopg/show.do?processo.codigo=CJ000VMRQ0000&processo.numero=1500139-09.2025.8.26.0451
1500159-97.2025.8.26.0451,18º Promotor de Justiça de Piracicaba,Foro de Piracicaba,4ª Vara Criminal,2025/000071,Ação Penal - Procedimento Ordinário,Estupro de vulnerável,2025-01-15,False,2025-07-29,2025-07-31,2025-09-25,,,Restrito,https://esaj.tjsp.jus.br/cpopg/show.do?processo.codigo=CJ000VMSU0000&processo.numero=1500159-97.2025.8.26.0451
1500164-22.2025.8.26.0451,11º Promotor de Justiça de Piracicaba,Foro de Piracicaba,1ª Vara Criminal,2025/000064,Ação Penal - Procedimento Ordinário,Extorsão,2025-01-15,False,2025-05-14,2025-05-16,2025-06-17,,,Público,https://esaj.tjsp.jus.br/cpopg/show.do?processo.codigo=CJ000VMT50000&processo.numero=1500164-22.2025.8.26.0451
1500109-15.2025.8.26.0599,7º Promotor de Justiça de Piracicaba,Foro de Piracicaba,3ª Vara Criminal,2025/000056,Procedimento Especial da Lei Antitóxicos,Tráfico de Drogas e Condutas Afins,2025-01-14,True,2025-02-11,2025-02-12,2025-03-11,2025-06-12,2025-06-16,Público,https://esaj.tjsp.jus.br/cpopg/show.do?processo.codigo=GN0004FCK0000&processo.numero=1500109-15.2025.8.26.0599
1500110-97.2025.8.26.0599,10º Promotor de Justiça de Piracicaba,Foro de Piracicaba,2ª Vara Criminal,2025/000056,Ação Penal - Procedimento Ordinário,Furto Qualificado,2025-01-14,False,2025-01-16,2025-07-24,,,,Público,https://esaj.tjsp.jus.br/cpopg/show.do?processo.codigo=GN0004FCL0000&processo.numero=1500110-97.2025.8.26.0599
1500111-82.2025.8.26.0599,7º Promotor de Justiça de Piracicaba,Foro de Piracicaba,3ª Vara Criminal,2025/000068,Procedimento Especial da Lei Antitóxicos,Tráfico de Drogas e Condutas Afins,2025-01-15,False,2025-10-02,2025-10-03,,,,Público,https://esaj.tjsp.jus.br/cpopg/show.do?processo.codigo=GN0004FCO0000&processo.numero=1500111-82.2025.8.26.0599
1500112-67.2025.8.26.0599,17º Promotor de Justiça de Piracicaba,Foro de Piracicaba,4ª Vara Criminal,2025/000068,Procedimento Especial da Lei Antitóxicos,Tráfico de Drogas e Condutas Afins,2025-01-15,False,2025-02-11,2025-02-12,,,,Público,https://esaj.tjsp.jus.br/cpopg/show.do?processo.codigo=GN0004FCP0000&processo.numero=1500112-67.2025.8.26.0599
1500096-16.2025.8.26.0599,4º Promotor de Justiça de Piracicaba,Foro de Piracicaba,3ª Vara Criminal,2025/000051,Procedimento Especial da Lei Antitóxicos,Tráfico de Drogas e Condutas Afins,2025-01-12,False,2025-02-10,2025-02-12,2025-03-31,,,Público,https://esaj.tjsp.jus.br/cpopg/show.do?processo.codigo=GN0004FC70000&processo.numero=1500096-16.2025.8.26.0599
1500085-43.2025.8.26.0451,9º Promotor de Justiça de Piracicaba,Foro de Piracicaba,2ª Vara Criminal,2025/000041,Ação Penal - Procedimento Ordinário,Furto,2025-01-10,False,2026-03-12,2026-03-18,,,,Público,https://esaj.tjsp.jus.br/cpopg/show.do?processo.codigo=CJ000VMCS0000&processo.numero=1500085-43.2025.8.26.0451
1500056-34.2025.8.26.0599,7º Promotor de Justiça de Piracicaba,Foro de Piracicaba,3ª Vara Criminal,2025/000025,Ação Penal - Procedimento Sumário,Desacato,2025-01-07,False,2025-01-17,2025-04-07,,,,Público,https://esaj.tjsp.jus.br/cpopg/show.do?processo.codigo=GN0004FAI0000&processo.numero=1500056-34.2025.8.26.0599
1500046-87.2025.8.26.0599,7º Promotor de Justiça de Piracicaba,Foro de Piracicaba,3ª Vara Criminal,2025/000027,Ação Penal - Procedimento Ordinário,Dano Qualificado,2025-01-07,False,2025-02-04,2025-08-01,,,,Público,https://esaj.tjsp.jus.br/cpopg/show.do?processo.codigo=GN0004FA70000&processo.numero=1500046-87.2025.8.26.0599
1510141-72.2024.8.26.0451,9º Promotor de Justiça de Piracicaba,Foro de Piracicaba,2ª Vara Criminal,2024/001394,Ação Penal - Procedimento Ordinário,Estelionato,2024-12-30,False,2025-05-23,2025-05-28,,,,Público,https://esaj.tjsp.jus.br/cpopg/show.do?processo.codigo=CJ000VJZU0000&processo.numero=1510141-72.2024.8.26.0451
1510443-04.2024.8.26.0451,6º Promotor de Justiça de Piracicaba,Foro de Piracicaba,1ª Vara Criminal,2024/001430,Ação Penal - Procedimento Ordinário,Furto,2024-12-30,False,2026-02-03,2026-02-04,,,,Público,https://esaj.tjsp.jus.br/cpopg/show.do?processo.codigo=CJ000VK040000&processo.numero=1510443-04.2024.8.26.0451
1512568-42.2024.8.26.0451,10º Promotor de Justiça de Piracicaba,Foro de Piracicaba,2ª Vara Criminal,2024/001397,Ação Penal - Procedimento Sumário,Lesão Cometida em Razão da Condição de Mulher,2024-12-30,False,2025-05-15,2025-09-29,,,,Restrito,https://esaj.tjsp.jus.br/cpopg/show.do?processo.codigo=CJ000VL8B0000&processo.numero=1512568-42.2024.8.26.0451
1509784-92.2024.8.26.0451,11º Promotor de Justiça de Piracicaba,Foro de Piracicaba,1ª Vara Criminal,2024/001428,Ação Penal - Procedimento Ordinário,Crimes de Trânsito,2024-12-27,False,2025-01-22,2025-02-26,,,,Público,https://esaj.tjsp.jus.br/cpopg/show.do?processo.codigo=CJ000VJIT0000&processo.numero=1509784-92.2024.8.26.0451
1502166-40.2024.8.26.0599,18º Promotor de Justiça de Piracicaba,Foro de Piracicaba,4ª Vara Criminal,2025/000025,Ação Penal - Procedimento Ordinário,Decorrente de Violência Doméstica,2025-01-07,False,2025-01-20,2025-05-19,2025-07-15,2026-03-10,2026-03-10,Restrito,https://esaj.tjsp.jus.br/cpopg/show.do?processo.codigo=GN0004F5Q0000&processo.numero=1502166-40.2024.8.26.0599
1508242-39.2024.8.26.0451,4º Promotor de Justiça de Piracicaba,Foro de Piracicaba,3ª Vara Criminal,2024/001424,Ação Penal - Procedimento Ordinário,Estupro de vulnerável,2024-12-26,False,2025-04-29,2025-10-01,2025-10-16,,,Restrito,https://esaj.tjsp.jus.br/cpopg/show.do?processo.codigo=CJ000VIHD0000&processo.numero=1508242-39.2024.8.26.0451
1508251-98.2024.8.26.0451,11º Promotor de Justiça de Piracicaba,Foro de Piracicaba,1ª Vara Criminal,2024/001427,Ação Penal - Procedimento Ordinário,Assédio Sexual,2024-12-26,False,2025-03-26,2025-08-12,,,,Restrito,https://esaj.tjsp.jus.br/cpopg/show.do?processo.codigo=CJ000VIHO0000&processo.numero=1508251-98.2024.8.26.0451
1502163-85.2024.8.26.0599,18º Promotor de Justiça de Piracicaba,Foro de Piracicaba,4ª Vara Criminal,2025/001141,Ação Penal - Procedimento Sumário,Leve,2025-08-19,False,2025-01-02,2025-08-21,2025-03-27,,,Restrito,https://esaj.tjsp.jus.br/cpopg/show.do?processo.codigo=GN0004F5N0000&processo.numero=1502163-85.2024.8.26.0599
1508201-72.2024.8.26.0451,11º Promotor de Justiça de Piracicaba,Foro de Piracicaba,1ª Vara Criminal,2024/001416,Ação Penal - Procedimento Sumário,Leve,2024-12-19,False,2025-09-02,2025-09-03,,,,Restrito,https://esaj.tjsp.jus.br/cpopg/show.do?processo.codigo=CJ000VI8R0000&processo.numero=1508201-72.2024.8.26.0451
1508166-15.2024.8.26.0451,6º Promotor de Justiça de Piracicaba,Foro de Piracicaba,1ª Vara Criminal,2025/000231,Ação Penal - Procedimento Sumaríssimo,Posse de Drogas para Consumo Pessoal,2025-02-28,False,2025-02-25,2025-02-25,2025-04-23,,,Público,https://esaj.tjsp.jus.br/cpopg/show.do?processo.codigo=CJ000VI1N0000&processo.numero=1508166-15.2024.8.26.0451
1508106-42.2024.8.26.0451,4º Promotor de Justiça de Piracicaba,Foro de Piracicaba,3ª Vara Criminal,2024/001402,Ação Penal - Procedimento Ordinário,Apropriação indébita,2024-12-17,False,2025-05-13,2025-06-01,,,,Público,https://esaj.tjsp.jus.br/cpopg/show.do?processo.codigo=CJ000VHS20000&processo.numero=1508106-42.2024.8.26.0451
1502085-91.2024.8.26.0599,10º Promotor de Justiça de Piracicaba,Foro de Piracicaba,2ª Vara Criminal,2024/001366,Ação Penal - Procedimento Ordinário,Furto,2024-12-17,False,2024-12-26,2025-04-24,,,,Público,https://esaj.tjsp.jus.br/cpopg/show.do?processo.codigo=GN0004F1P0000&processo.numero=1502085-91.2024.8.26.0599
1502079-84.2024.8.26.0599,10º Promotor de Justiça de Piracicaba,Foro de Piracicaba,2ª Vara Criminal,2024/001359,Ação Penal - Procedimento Ordinário,Furto,2024-12-15,False,2024-12-18,2025-10-02,,,,Público,https://esaj.tjsp.jus.br/cpopg/show.do?processo.codigo=GN0004F1J0000&processo.numero=1502079-84.2024.8.26.0599
1502080-69.2024.8.26.0599,13º Promotor de Justiça de Piracicaba,Foro de Piracicaba,Vara do Juizado Especial Cível e Criminal,2025/000304,Ação Penal - Procedimento Sumaríssimo,Desobediência,2025-01-31,False,2024-12-19,2025-02-14,,,,Público,https://esaj.tjsp.jus.br/cpopg/show.do?processo.codigo=GN0004F1K0000&processo.numero=1502080-69.2024.8.26.0599
1508071-82.2024.8.26.0451,6º Promotor de Justiça de Piracicaba,Foro de Piracicaba,1ª Vara Criminal,2025/000201,Ação Penal - Procedimento Sumário,Leve,2025-02-19,False,2024-12-15,2025-02-20,,,,Restrito,https://esaj.tjsp.jus.br/cpopg/show.do?processo.codigo=CJ000VHLE0000&processo.numero=1508071-82.2024.8.26.0451
1508054-46.2024.8.26.0451,11º Promotor de Justiça de Piracicaba,Foro de Piracicaba,1ª Vara Criminal,2024/001394,Ação Penal - Procedimento Sumário,Furto,2024-12-13,False,2025-03-24,2025-05-16,,,,Público,https://esaj.tjsp.jus.br/cpopg/show.do?processo.codigo=CJ000VHIB0000&processo.numero=1508054-46.2024.8.26.0451
1508021-56.2024.8.26.0451,13º Promotor de Justiça de Piracicaba,Foro de Piracicaba,Vara do Juizado Especial Cível e Criminal,2024/004385,Ação Penal - Procedimento Sumaríssimo,Contravenções Penais,2024-12-11,False,,2025-02-13,,,,Público,https://esaj.tjsp.jus.br/cpopg/show.do?processo.codigo=CJ000VH6H0000&processo.numero=1508021-56.2024.8.26.0451
1508022-41.2024.8.26.0451,11º Promotor de Justiça de Piracicaba,Foro de Piracicaba,1ª Vara Criminal,2026/000327,Ação Penal - Procedimento Sumaríssimo,Crimes de Trânsito,2026-03-18,False,,2026-03-12,,,,Público,https://esaj.tjsp.jus.br/cpopg/show.do?processo.codigo=CJ000VH6L0000&processo.numero=1508022-41.2024.8.26.0451
1507983-44.2024.8.26.0451,7º Promotor de Justiça de Piracicaba,Foro de Piracicaba,3ª Vara Criminal,2024/001379,Ação Penal - Procedimento Ordinário,Furto,2024-12-10,False,2025-08-27,2025-10-24,,,,Público,https://esaj.tjsp.jus.br/cpopg/show.do?processo.codigo=CJ000VGZD0000&processo.numero=1507983-44.2024.8.26.0451
1507988-66.2024.8.26.0451,18º Promotor de Justiça de Piracicaba,Foro de Piracicaba,4ª Vara Criminal,2024/001319,Ação Penal - Procedimento Ordinário,Estelionato,2024-12-10,False,2025-06-04,2025-06-11,,,,Público,https://esaj.tjsp.jus.br/cpopg/show.do?processo.codigo=CJ000VGZY0000&processo.numero=1507988-66.2024.8.26.0451
1507998-13.2024.8.26.0451,6º Promotor de Justiça de Piracicaba,Foro de Piracicaba,1ª Vara Criminal,2024/001382,Ação Penal - Procedimento Ordinário,Apropriação indébita,2024-12-10,False,2025-08-27,2025-09-01,,,,Público,https://esaj.tjsp.jus.br/cpopg/show.do?processo.codigo=CJ000VH1X0000&processo.numero=1507998-13.2024.8.26.0451
1508010-27.2024.8.26.0451,18º Promotor de Justiça de Piracicaba,Foro de Piracicaba,4ª Vara Criminal,2024/001323,Ação Penal - Procedimento Ordinário,Contra a Mulher,2024-12-10,False,2026-01-16,2026-01-20,,,,Restrito,https://esaj.tjsp.jus.br/cpopg/show.do?processo.codigo=CJ000VH440000&processo.numero=1508010-27.2024.8.26.0451
1507962-68.2024.8.26.0451,10º Promotor de Justiça de Piracicaba,Foro de Piracicaba,2ª Vara Criminal,2024/001326,Ação Penal - Procedimento Ordinário,Lesão Cometida em Razão da Condição de Mulher,2024-12-09,False,2025-04-07,2025-11-26,,,,Restrito,https://esaj.tjsp.jus.br/cpopg/show.do?processo.codigo=CJ000VGVZ0000&processo.numero=1507962-68.2024.8.26.0451
1507968-75.2024.8.26.0451,7º Promotor de Justiça de Piracicaba,Foro de Piracicaba,3ª Vara Criminal,2024/001376,Ação Penal - Procedimento Sumário,Lesão Cometida em Razão da Condição de Mulher,2024-12-09,False,2025-07-17,2025-07-30,,,,Restrito,https://esaj.tjsp.jus.br/cpopg/show.do?processo.codigo=CJ000VGWN0000&processo.numero=1507968-75.2024.8.26.0451
1507805-95.2024.8.26.0451,10º Promotor de Justiça de Piracicaba,Foro de Piracicaba,2ª Vara Criminal,2024/001308,Ação Penal - Procedimento Ordinário,Possuir cena de sexo explícito ou pornográfica envolvendo criança ou adolescente (Artigo 241-B),2024-12-05,False,2025-11-11,2025-11-13,,,,Restrito,https://esaj.tjsp.jus.br/cpopg/show.do?processo.codigo=CJ000VGI70000&processo.numero=1507805-95.2024.8.26.0451
1507806-80.2024.8.26.0451,18º Promotor de Justiça de Piracicaba,Foro de Piracicaba,4ª Vara Criminal,2024/001295,Ação Penal - Procedimento Ordinário,Estupro de vulnerável,2024-12-05,False,2025-03-24,2025-08-29,,,,Restrito,https://esaj.tjsp.jus.br/cpopg/show.do?processo.codigo=CJ000VGIM0000&processo.numero=1507806-80.2024.8.26.0451
1502020-96.2024.8.26.0599,18º Promotor de Justiça de Piracicaba,Foro de Piracicaba,4ª Vara Criminal,2024/001293,Ação Penal - Procedimento Ordinário,Furto Qualificado,2024-12-05,False,2025-03-25,2025-03-26,,2025-11-15,2025-11-25,Público,https://esaj.tjsp.jus.br/cpopg/show.do?processo.codigo=GN0004EYX0000&processo.numero=1502020-96.2024.8.26.0599
1507787-74.2024.8.26.0451,11º Promotor de Justiça de Piracicaba,Foro de Piracicaba,1ª Vara Criminal,2025/000904,Ação Penal - Procedimento Ordinário,Desacato,2025-07-21,False,,2025-07-22,,,,Público,https://esaj.tjsp.jus.br/cpopg/show.do?processo.codigo=CJ000VG9F0000&processo.numero=1507787-74.2024.8.26.0451
1501968-03.2024.8.26.0599,6º Promotor de Justiça de Piracicaba,Foro de Piracicaba,1ª Vara Criminal,2024/001341,Ação Penal - Procedimento Sumário,Contra a Mulher,2024-11-28,False,2025-03-07,2025-03-10,,,,Restrito,https://esaj.tjsp.jus.br/cpopg/show.do?processo.codigo=GN0004EX80000&processo.numero=1501968-03.2024.8.26.0599
1501969-85.2024.8.26.0599,9º Promotor de Justiça de Piracicaba,Foro de Piracicaba,2ª Vara Criminal,2024/001272,Ação Penal - Procedimento Ordinário,Furto,2024-11-27,False,2025-05-27,2025-06-02,,,,Público,https://esaj.tjsp.jus.br/cpopg/show.do?processo.codigo=GN0004EX90000&processo.numero=1501969-85.2024.8.26.0599
1507650-92.2024.8.26.0451,11º Promotor de Justiça de Piracicaba,Foro de Piracicaba,1ª Vara Criminal,2024/001325,Ação Penal - Procedimento Sumário,Leve,2024-11-26,False,2025-07-30,2025-08-01,,,,Restrito,https://esaj.tjsp.jus.br/cpopg/show.do?processo.codigo=CJ000VFFD0000&processo.numero=1507650-92.2024.8.26.0451
1507653-47.2024.8.26.0451,18º Promotor de Justiça de Piracicaba,Foro de Piracicaba,4ª Vara Criminal,2024/001257,Ação Penal - Procedimento Ordinário,Lesão Cometida em Razão da Condição de Mulher,2024-11-26,True,2025-03-26,2025-03-28,,2026-04-29,2026-05-04,Restrito,https://esaj.tjsp.jus.br/cpopg/show.do?processo.codigo=CJ000VFFE0000&processo.numero=1507653-47.2024.8.26.0451
1507655-17.2024.8.26.0451,11º Promotor de Justiça de Piracicaba,Foro de Piracicaba,1ª Vara Criminal,2024/001326,Ação Penal - Procedimento Ordinário,Leve,2024-11-26,False,2025-04-11,2025-04-14,,,,Restrito,https://esaj.tjsp.jus.br/cpopg/show.do?processo.codigo=CJ000VFFI0000&processo.numero=1507655-17.2024.8.26.0451
1507657-84.2024.8.26.0451,18º Promotor de Justiça de Piracicaba,Foro de Piracicaba,4ª Vara Criminal,2024/001259,Ação Penal - Procedimento Ordinário,Decorrente de Violência Doméstica,2024-11-26,False,2025-06-24,2025-08-12,,,,Restrito,https://esaj.tjsp.jus.br/cpopg/show.do?processo.codigo=CJ000VFFN0000&processo.numero=1507657-84.2024.8.26.0451
1507659-54.2024.8.26.0451,11º Promotor de Justiça de Piracicaba,Foro de Piracicaba,1ª Vara Criminal,2024/001327,Ação Penal - Procedimento Sumário,Leve,2024-11-26,False,2025-08-29,2025-09-01,,,,Restrito,https://esaj.tjsp.jus.br/cpopg/show.do?processo.codigo=CJ000VFFX0000&processo.numero=1507659-54.2024.8.26.0451
1507660-39.2024.8.26.0451,9º Promotor de Justiça de Piracicaba,Foro de Piracicaba,2ª Vara Criminal,2024/001262,Ação Penal - Procedimento Ordinário,Lesão Cometida em Razão da Condição de Mulher,2024-11-26,False,2025-04-10,2025-04-11,,,,Restrito,https://esaj.tjsp.jus.br/cpopg/show.do?processo.codigo=CJ000VFG00000&processo.numero=1507660-39.2024.8.26.0451
1507661-24.2024.8.26.0451,11º Promotor de Justiça de Piracicaba,Foro de Piracicaba,1ª Vara Criminal,2024/001328,Ação Penal - Procedimento Sumário,Leve,2024-11-26,False,2025-07-29,2025-07-29,,,,Restrito,https://esaj.tjsp.jus.br/cpopg/show.do?processo.codigo=CJ000VFG20000&processo.numero=1507661-24.2024.8.26.0451
1507674-23.2024.8.26.0451,10º Promotor de Justiça de Piracicaba,Foro de Piracicaba,2ª Vara Criminal,2024/001266,Ação Penal - Procedimento Ordinário,Lesão Cometida em Razão da Condição de Mulher,2024-11-26,False,2025-05-29,2025-06-04,,,,Restrito,https://esaj.tjsp.jus.br/cpopg/show.do?processo.codigo=CJ000VFJF0000&processo.numero=1507674-23.2024.8.26.0451
1507613-65.2024.8.26.0451,4º Promotor de Justiça de Piracicaba,Foro de Piracicaba,3ª Vara Criminal,2024/001340,Ação Penal - Procedimento Sumário,Maus Tratos,2024-11-29,False,,2025-09-01,,,,Restrito,https://esaj.tjsp.jus.br/cpopg/show.do?processo.codigo=CJ000VF9L0000&processo.numero=1507613-65.2024.8.26.0451
1507630-04.2024.8.26.0451,13º Promotor de Justiça de Piracicaba,Foro de Piracicaba,Vara do Juizado Especial Cível e Criminal,2024/004167,Termo Circunstanciado,Crimes de Trânsito,2024-11-25,False,,2025-12-05,,,,Público,https://esaj.tjsp.jus.br/cpopg/show.do?processo.codigo=CJ000VFCC0000&processo.numero=1507630-04.2024.8.26.0451
1507641-33.2024.8.26.0451,6º Promotor de Justiça de Piracicaba,Foro de Piracicaba,1ª Vara Criminal,2024/001323,Ação Penal - Procedimento Ordinário,Estelionato,2024-11-25,False,2025-08-27,2025-10-22,,,,Público,https://esaj.tjsp.jus.br/cpopg/show.do?processo.codigo=CJ000VFEI0000&processo.numero=1507641-33.2024.8.26.0451
1507590-22.2024.8.26.0451,18º Promotor de Justiça de Piracicaba,Foro de Piracicaba,4ª Vara Criminal,2024/001271,Ação Penal - Procedimento Ordinário,Crimes de Trânsito,2024-11-27,False,2025-06-02,2025-07-10,,,,Público,https://esaj.tjsp.jus.br/cpopg/show.do?processo.codigo=CJ000VF5E0000&processo.numero=1507590-22.2024.8.26.0451
1507567-76.2024.8.26.0451,6º Promotor de Justiça de Piracicaba,Foro de Piracicaba,1ª Vara Criminal,2024/001391,Ação Penal - Procedimento Ordinário,Violação sexual mediante fraude,2024-12-12,False,2025-06-03,2025-06-09,,,,Restrito,https://esaj.tjsp.jus.br/cpopg/show.do?processo.codigo=CJ000VF240000&processo.numero=1507567-76.2024.8.26.0451
1507509-73.2024.8.26.0451,9º Promotor de Justiça de Piracicaba,Foro de Piracicaba,2ª Vara Criminal,2024/001231,Ação Penal - Procedimento Ordinário,Roubo Majorado,2024-11-19,False,2026-01-27,2026-01-27,,,,Público,https://esaj.tjsp.jus.br/cpopg/show.do?processo.codigo=CJ000VETF0000&processo.numero=1507509-73.2024.8.26.0451
1507515-80.2024.8.26.0451,11º Promotor de Justiça de Piracicaba,Foro de Piracicaba,1ª Vara Criminal,2024/001294,Ação Penal - Procedimento Ordinário,Falsidade ideológica,2024-11-19,False,2025-04-30,2025-05-05,,,,Público,https://esaj.tjsp.jus.br/cpopg/show.do?processo.codigo=CJ000VETP0000&processo.numero=1507515-80.2024.8.26.0451
1507517-50.2024.8.26.0451,13º Promotor de Justiça de Piracicaba,Foro de Piracicaba,Vara do Juizado Especial Cível e Criminal,2024/004094,Ação Penal - Procedimento Sumaríssimo,Leve,2024-11-19,False,,2025-09-19,,,,Público,https://esaj.tjsp.jus.br/cpopg/show.do?processo.codigo=CJ000VETW0000&processo.numero=1507517-50.2024.8.26.0451
1507520-05.2024.8.26.0451,13º Promotor de Justiça de Piracicaba,Foro de Piracicaba,Vara do Juizado Especial Cível e Criminal,2024/004099,Termo Circunstanciado,Ameaça,2024-11-19,False,,2026-04-10,,,,Público,https://esaj.tjsp.jus.br/cpopg/show.do?processo.codigo=CJ000VEUK0000&processo.numero=1507520-05.2024.8.26.0451
1507500-14.2024.8.26.0451,6º Promotor de Justiça de Piracicaba,Foro de Piracicaba,1ª Vara Criminal,2024/001290,Ação Penal - Procedimento Ordinário,Estelionato,2024-11-18,False,2025-03-06,2025-04-22,2025-05-21,,,Público,https://esaj.tjsp.jus.br/cpopg/show.do?processo.codigo=CJ000VERR0000&processo.numero=1507500-14.2024.8.26.0451
1507490-67.2024.8.26.0451,11º Promotor de Justiça de Piracicaba,Foro de Piracicaba,1ª Vara Criminal,2024/001284,Ação Penal - Procedimento Ordinário,Estupro de vulnerável,2024-11-17,False,2024-11-17,2026-03-24,,,,Restrito,https://esaj.tjsp.jus.br/cpopg/show.do?processo.codigo=CJ000VEOM0000&processo.numero=1507490-67.2024.8.26.0451
1501891-91.2024.8.26.0599,4º Promotor de Justiça de Piracicaba,Foro de Piracicaba,3ª Vara Criminal,2024/001282,Procedimento Especial da Lei Antitóxicos,Tráfico de Drogas e Condutas Afins,2024-11-17,False,2025-07-03,2025-07-02,,,,Público,https://esaj.tjsp.jus.br/cpopg/show.do?processo.codigo=GN0004EUC0000&processo.numero=1501891-91.2024.8.26.0599
1507386-75.2024.8.26.0451,11º Promotor de Justiça de Piracicaba,Foro de Piracicaba,1ª Vara Criminal,2024/001258,Ação Penal - Procedimento Ordinário,Adulteração de Sinal Identificador de Veículo Automotor,2024-11-07,False,2025-03-21,2025-03-26,,,,Público,https://esaj.tjsp.jus.br/cpopg/show.do?processo.codigo=CJ000VDU50000&processo.numero=1507386-75.2024.8.26.0451
1507388-45.2024.8.26.0451,6º Promotor de Justiça de Piracicaba,Foro de Piracicaba,1ª Vara Criminal,2024/001259,Ação Penal - Procedimento Ordinário,Furto,2024-11-07,False,2025-06-26,2025-09-30,,,,Público,https://esaj.tjsp.jus.br/cpopg/show.do?processo.codigo=CJ000VDU80000&processo.numero=1507388-45.2024.8.26.0451
1501850-27.2024.8.26.0599,4º Promotor de Justiça de Piracicaba,Foro de Piracicaba,3ª Vara Criminal,2024/001254,Ação Penal - Procedimento Sumário,Ameaça,2024-11-07,False,2024-11-08,2025-05-15,,,,Restrito,https://esaj.tjsp.jus.br/cpopg/show.do?processo.codigo=GN0004ESP0000&processo.numero=1501850-27.2024.8.26.0599
1507358-10.2024.8.26.0451,10º Promotor de Justiça de Piracicaba,Foro de Piracicaba,2ª Vara Criminal,2024/001177,Ação Penal - Procedimento Ordinário,Estupro de vulnerável,2024-11-06,False,2024-11-18,2025-10-16,,,,Restrito,https://esaj.tjsp.jus.br/cpopg/show.do?processo.codigo=CJ000VDQP0000&processo.numero=1507358-10.2024.8.26.0451
1507238-64.2024.8.26.0451,10º Promotor de Justiça de Piracicaba,Foro de Piracicaba,2ª Vara Criminal,2024/001149,Ação Penal - Procedimento Ordinário,Crimes do Sistema Nacional de Armas,2024-10-31,False,2025-06-27,2025-07-04,,,,Público,https://esaj.tjsp.jus.br/cpopg/show.do?processo.codigo=CJ000VD4E0000&processo.numero=1507238-64.2024.8.26.0451
1507272-39.2024.8.26.0451,13º Promotor de Justiça de Piracicaba,Foro de Piracicaba,Vara do Juizado Especial Cível e Criminal,2024/003881,Ação Penal - Procedimento Sumaríssimo,Crimes de Trânsito,2024-10-31,False,,2025-04-28,,2026-02-25,2026-02-27,Público,https://esaj.tjsp.jus.br/cpopg/show.do?processo.codigo=CJ000VD7W0000&processo.numero=1507272-39.2024.8.26.0451
1507231-72.2024.8.26.0451,11º Promotor de Justiça de Piracicaba,Foro de Piracicaba,1ª Vara Criminal,2024/001226,Ação Penal - Procedimento Ordinário,Furto,2024-10-30,False,2025-09-09,2025-09-26,,,,Público,https://esaj.tjsp.jus.br/cpopg/show.do?processo.codigo=CJ000VD2M0000&processo.numero=1507231-72.2024.8.26.0451
1501799-16.2024.8.26.0599,13º Promotor de Justiça de Piracicaba,Foro de Piracicaba,Vara do Juizado Especial Cível e Criminal,2024/004350,Inquérito Policial,Posse de Drogas para Consumo Pessoal,2024-12-10,False,2024-11-26,2025-07-01,,,,Público,https://esaj.tjsp.jus.br/cpopg/show.do?processo.codigo=GN0004EQL0000&processo.numero=1501799-16.2024.8.26.0599
1507170-17.2024.8.26.0451,18º Promotor de Justiça de Piracicaba,Foro de Piracicaba,4ª Vara Criminal,2024/001161,Ação Penal - Procedimento Ordinário,Estelionato,2024-10-28,False,2024-12-16,2025-07-30,,,,Público,https://esaj.tjsp.jus.br/cpopg/show.do?processo.codigo=CJ000VCRA0000&processo.numero=1507170-17.2024.8.26.0451
1501773-18.2024.8.26.0599,10º Promotor de Justiça de Piracicaba,Foro de Piracicaba,2ª Vara Criminal,2024/001127,Ação Penal - Procedimento Ordinário,Furto Qualificado,2024-10-25,False,2024-11-22,2025-07-04,,,,Público,https://esaj.tjsp.jus.br/cpopg/show.do?processo.codigo=GN0004EPN0000&processo.numero=1501773-18.2024.8.26.0599
1507130-35.2024.8.26.0451,6º Promotor de Justiça de Piracicaba,Foro de Piracicaba,1ª Vara Criminal,2024/001209,Ação Penal - Procedimento Ordinário,Furto,2024-10-25,False,2025-11-07,2025-11-11,,,,Público,https://esaj.tjsp.jus.br/cpopg/show.do?processo.codigo=CJ000VCJO0000&processo.numero=1507130-35.2024.8.26.0451
1507132-05.2024.8.26.0451,18º Promotor de Justiça de Piracicaba,Foro de Piracicaba,4ª Vara Criminal,2024/001155,Ação Penal - Procedimento Ordinário,Roubo,2024-10-25,False,2025-02-20,2025-02-21,,2025-11-15,2025-12-03,Público,https://esaj.tjsp.jus.br/cpopg/show.do?processo.codigo=CJ000VCL60000&processo.numero=1507132-05.2024.8.26.0451
1507160-70.2024.8.26.0451,11º Promotor de Justiça de Piracicaba,Foro de Piracicaba,1ª Vara Criminal,2024/001215,Ação Penal - Procedimento Ordinário,Furto,2024-10-25,False,2025-11-18,2025-11-18,,,,Público,https://esaj.tjsp.jus.br/cpopg/show.do?processo.codigo=CJ000VCNX0000&processo.numero=1507160-70.2024.8.26.0451
1507107-89.2024.8.26.0451,7º Promotor de Justiça de Piracicaba,Foro de Piracicaba,3ª Vara Criminal,2024/001195,Ação Penal - Procedimento Ordinário,Furto Qualificado,2024-10-24,False,2025-03-27,2025-03-27,,,,Público,https://esaj.tjsp.jus.br/cpopg/show.do?processo.codigo=CJ000VCG30000&processo.numero=1507107-89.2024.8.26.0451
1507109-59.2024.8.26.0451,7º Promotor de Justiça de Piracicaba,Foro de Piracicaba,3ª Vara Criminal,2024/001196,Ação Penal - Procedimento Ordinário,Crimes de Trânsito,2024-10-24,False,2025-05-21,2025-06-05,,,,Público,https://esaj.tjsp.jus.br/cpopg/show.do?processo.codigo=CJ000VCG60000&processo.numero=1507109-59.2024.8.26.0451
1507122-58.2024.8.26.0451,18º Promotor de Justiça de Piracicaba,Foro de Piracicaba,4ª Vara Criminal,2024/001153,Procedimento Especial da Lei Antitóxicos,Tráfico de Drogas e Condutas Afins,2024-10-24,False,2025-09-09,2025-09-15,2025-10-16,,,Público,https://esaj.tjsp.jus.br/cpopg/show.do?processo.codigo=CJ000VCHI0000&processo.numero=1507122-58.2024.8.26.0451
1507125-13.2024.8.26.0451,9º Promotor de Justiça de Piracicaba,Foro de Piracicaba,2ª Vara Criminal,2024/001122,Procedimento Especial da Lei Antitóxicos,Tráfico de Drogas e Condutas Afins,2024-10-24,False,2025-04-29,2025-05-05,2025-07-07,,,Público,https://esaj.tjsp.jus.br/cpopg/show.do?processo.codigo=CJ000VCIY0000&processo.numero=1507125-13.2024.8.26.0451
1507057-63.2024.8.26.0451,1º Promotor de Justiça Auxiliar de Piracicaba,Foro de Piracicaba,4ª Vara Criminal,2024/001133,Ação Penal - Procedimento Ordinário,Receptação,2024-10-23,False,2025-02-25,2025-02-25,,,,Público,https://esaj.tjsp.jus.br/cpopg/show.do?processo.codigo=CJ000VC6H0000&processo.numero=1507057-63.2024.8.26.0451
1507063-70.2024.8.26.0451,4º Promotor de Justiça de Piracicaba,Foro de Piracicaba,3ª Vara Criminal,2024/001182,Ação Penal - Procedimento Ordinário,Maus Tratos,2024-10-23,False,2025-02-17,2025-02-21,,,,Restrito,https://esaj.tjsp.jus.br/cpopg/show.do?processo.codigo=CJ000VC8Y0000&processo.numero=1507063-70.2024.8.26.0451
1507070-62.2024.8.26.0451,10º Promotor de Justiça de Piracicaba,Foro de Piracicaba,2ª Vara Criminal,2024/001107,Ação Penal - Procedimento Ordinário,Furto,2024-10-23,False,2025-03-07,2025-09-16,,,,Público,https://esaj.tjsp.jus.br/cpopg/show.do?processo.codigo=CJ000VC9W0000&processo.numero=1507070-62.2024.8.26.0451
1507095-75.2024.8.26.0451,9º Promotor de Justiça de Piracicaba,Foro de Piracicaba,2ª Vara Criminal,2024/001112,Ação Penal - Procedimento Ordinário,Furto,2024-10-23,False,2025-02-20,2025-03-02,,,,Público,https://esaj.tjsp.jus.br/cpopg/show.do?processo.codigo=CJ000VCD40000&processo.numero=1507095-75.2024.8.26.0451
1507037-72.2024.8.26.0451,10º Promotor de Justiça de Piracicaba,Foro de Piracicaba,2ª Vara Criminal,2024/001099,Ação Penal - Procedimento Ordinário,Furto,2024-10-22,False,2025-03-06,2025-09-16,,,,Público,https://esaj.tjsp.jus.br/cpopg/show.do?processo.codigo=CJ000VC230000&processo.numero=1507037-72.2024.8.26.0451
1507040-27.2024.8.26.0451,11º Promotor de Justiça de Piracicaba,Foro de Piracicaba,1ª Vara Criminal,2024/001184,Ação Penal - Procedimento Ordinário,Roubo,2024-10-22,False,2025-02-24,2025-02-24,,,,Público,https://esaj.tjsp.jus.br/cpopg/show.do?processo.codigo=CJ000VC240000&processo.numero=1507040-27.2024.8.26.0451
1507042-94.2024.8.26.0451,9º Promotor de Justiça de Piracicaba,Foro de Piracicaba,2ª Vara Criminal,2024/001100,Ação Penal - Procedimento Ordinário,Crimes de Trânsito,2024-10-22,False,2025-02-25,2025-10-16,,,,Público,https://esaj.tjsp.jus.br/cpopg/show.do?processo.codigo=CJ000VC2A0000&processo.numero=1507042-94.2024.8.26.0451
1501739-43.2024.8.26.0599,10º Promotor de Justiça de Piracicaba,Foro de Piracicaba,2ª Vara Criminal,2024/001097,Ação Penal - Procedimento Ordinário,Lesão Cometida em Razão da Condição de Mulher,2024-10-21,False,2024-10-23,2025-12-12,,,,Restrito,https://esaj.tjsp.jus.br/cpopg/show.do?processo.codigo=GN0004EOE0000&processo.numero=1501739-43.2024.8.26.0599
1501719-52.2024.8.26.0599,10º Promotor de Justiça de Piracicaba,Foro de Piracicaba,2ª Vara Criminal,2024/001087,Ação Penal - Procedimento Ordinário,Estelionato,2024-10-19,False,2024-10-31,2025-07-15,,,,Público,https://esaj.tjsp.jus.br/cpopg/show.do?processo.codigo=GN0004ENS0000&processo.numero=1501719-52.2024.8.26.0599
1506941-57.2024.8.26.0451,18º Promotor de Justiça de Piracicaba,Foro de Piracicaba,4ª Vara Criminal,2024/001095,Ação Penal - Procedimento Ordinário,Lesão Cometida em Razão da Condição de Mulher,2024-10-16,False,2025-03-27,2025-03-27,,,,Restrito,https://esaj.tjsp.jus.br/cpopg/show.do?processo.codigo=CJ000VBEX0000&processo.numero=1506941-57.2024.8.26.0451
1506944-12.2024.8.26.0451,6º Promotor de Justiça de Piracicaba,Foro de Piracicaba,1ª Vara Criminal,2024/001161,Ação Penal - Procedimento Ordinário,Roubo,2024-10-16,False,2025-02-18,2025-02-19,,2026-05-04,2026-05-06,Público,https://esaj.tjsp.jus.br/cpopg/show.do?processo.codigo=CJ000VBF00000&processo.numero=1506944-12.2024.8.26.0451
1506947-64.2024.8.26.0451,7º Promotor de Justiça de Piracicaba,Foro de Piracicaba,3ª Vara Criminal,2024/001146,Ação Penal - Procedimento Ordinário,Roubo Majorado,2024-10-16,False,2025-02-18,2025-02-20,2025-04-11,,,Público,https://esaj.tjsp.jus.br/cpopg/show.do?processo.codigo=CJ000VBF30000&processo.numero=1506947-64.2024.8.26.0451
1506948-49.2024.8.26.0451,18º Promotor de Justiça de Piracicaba,Foro de Piracicaba,4ª Vara Criminal,2024/001097,Ação Penal - Procedimento Ordinário,Lesão Cometida em Razão da Condição de Mulher,2024-10-16,False,2025-05-29,2025-05-30,,,,Restrito,https://esaj.tjsp.jus.br/cpopg/show.do?processo.codigo=CJ000VBF40000&processo.numero=1506948-49.2024.8.26.0451
1506953-71.2024.8.26.0451,7º Promotor de Justiça de Piracicaba,Foro de Piracicaba,3ª Vara Criminal,2024/001147,Ação Penal - Procedimento Sumário,Decorrente de Violência Doméstica,2024-10-16,False,2025-05-29,2025-06-02,,,,Restrito,https://esaj.tjsp.jus.br/cpopg/show.do?processo.codigo=CJ000VBFB0000&processo.numero=1506953-71.2024.8.26.0451
1506960-63.2024.8.26.0451,7º Promotor de Justiça de Piracicaba,Foro de Piracicaba,3ª Vara Criminal,2024/001148,Ação Penal - Procedimento Ordinário,Estelionato,2024-10-16,False,2025-09-26,2025-12-03,,,,Público,https://esaj.tjsp.jus.br/cpopg/show.do?processo.codigo=CJ000VBFK0000&processo.numero=1506960-63.2024.8.26.0451
1506964-03.2024.8.26.0451,11º Promotor de Justiça de Piracicaba,Foro de Piracicaba,1ª Vara Criminal,2024/001166,Ação Penal - Procedimento Ordinário,Apropriação indébita,2024-10-16,False,2025-02-14,2025-12-10,,,,Público,https://esaj.tjsp.jus.br/cpopg/show.do?processo.codigo=CJ000VBFX0000&processo.numero=1506964-03.2024.8.26.0451
1506981-39.2024.8.26.0451,18º Promotor de Justiça de Piracicaba,Foro de Piracicaba,4ª Vara Criminal,2024/001105,Ação Penal - Procedimento Ordinário,Furto,2024-10-16,False,2025-05-15,2025-05-16,,,,Restrito,https://esaj.tjsp.jus.br/cpopg/show.do?processo.codigo=CJ000VBJP0000&processo.numero=1506981-39.2024.8.26.0451
1501673-63.2024.8.26.0599,9º Promotor de Justiça de Piracicaba,Foro de Piracicaba,2ª Vara Criminal,2024/001053,Procedimento Especial da Lei Antitóxicos,Tráfico de Drogas e Condutas Afins,2024-10-13,False,2024-10-21,2025-08-01,2025-11-06,,,Público,https://esaj.tjsp.jus.br/cpopg/show.do?processo.codigo=GN0004EM90000&processo.numero=1501673-63.2024.8.26.0599
1506847-12.2024.8.26.0451,11º Promotor de Justiça de Piracicaba,Foro de Piracicaba,1ª Vara Criminal,2024/001134,Ação Penal - Procedimento Ordinário,Adulteração de Sinal Identificador de Veículo Automotor,2024-10-10,False,2025-02-04,2025-02-27,,,,Público,https://esaj.tjsp.jus.br/cpopg/show.do?processo.codigo=CJ000VAUY0000&processo.numero=1506847-12.2024.8.26.0451
1506853-19.2024.8.26.0451,18º Promotor de Justiça de Piracicaba,Foro de Piracicaba,4ª Vara Criminal,2024/001071,Ação Penal - Procedimento Sumário,Decorrente de Violência Doméstica,2024-10-10,False,2025-06-04,2025-06-04,,,,Restrito,https://esaj.tjsp.jus.br/cpopg/show.do?processo.codigo=CJ000VAV90000&processo.numero=1506853-19.2024.8.26.0451
1506854-04.2024.8.26.0451,11º Promotor de Justiça de Piracicaba,Foro de Piracicaba,1ª Vara Criminal,2024/001136,Ação Penal - Procedimento Ordinário,Receptação,2024-10-10,False,2025-01-31,2025-05-12,,,,Público,https://esaj.tjsp.jus.br/cpopg/show.do?processo.codigo=CJ000VAVC0000&processo.numero=1506854-04.2024.8.26.0451
1506861-93.2024.8.26.0451,7º Promotor de Justiça de Piracicaba,Foro de Piracicaba,3ª Vara Criminal,2024/001117,Ação Penal - Procedimento Ordinário,Importunação Sexual,2024-10-10,False,2025-02-24,2025-05-15,,,,Restrito,https://esaj.tjsp.jus.br/cpopg/show.do?processo.codigo=CJ000VAVY0000&processo.numero=1506861-93.2024.8.26.0451
1506862-78.2024.8.26.0451,9º Promotor de Justiça de Piracicaba,Foro de Piracicaba,2ª Vara Criminal,2024/001042,Ação Penal - Procedimento Ordinário,Ameaça,2024-10-10,False,2025-08-28,2025-08-28,,,,Restrito,https://esaj.tjsp.jus.br/cpopg/show.do?processo.codigo=CJ000VAVZ0000&processo.numero=1506862-78.2024.8.26.0451
1506865-33.2024.8.26.0451,7º Promotor de Justiça de Piracicaba,Foro de Piracicaba,3ª Vara Criminal,2024/001118,Ação Penal - Procedimento Sumário,Vias de fato,2024-10-10,False,2025-09-22,2025-09-23,,,,Restrito,https://esaj.tjsp.jus.br/cpopg/show.do?processo.codigo=CJ000VAWG0000&processo.numero=1506865-33.2024.8.26.0451
1506871-40.2024.8.26.0451,7º Promotor de Justiça de Piracicaba,Foro de Piracicaba,3ª Vara Criminal,2024/001166,Ação Penal - Procedimento Sumário,Injúria,2024-10-21,False,,2026-02-12,,,,Público,https://esaj.tjsp.jus.br/cpopg/show.do?processo.codigo=CJ000VAZI0000&processo.numero=1506871-40.2024.8.26.0451
1506817-74.2024.8.26.0451,9º Promotor de Justiça de Piracicaba,Foro de Piracicaba,2ª Vara Criminal,2024/001034,Ação Penal - Procedimento Ordinário,Lesão Cometida em Razão da Condição de Mulher,2024-10-09,False,2025-07-30,2025-08-01,,,,Restrito,https://esaj.tjsp.jus.br/cpopg/show.do?processo.codigo=CJ000VAPK0000&processo.numero=1506817-74.2024.8.26.0451
1506818-59.2024.8.26.0451,4º Promotor de Justiça de Piracicaba,Foro de Piracicaba,3ª Vara Criminal,2024/001104,Ação Penal - Procedimento Sumário,Decorrente de Violência Doméstica,2024-10-09,False,2025-04-11,2025-04-14,,,,Restrito,https://esaj.tjsp.jus.br/cpopg/show.do?processo.codigo=CJ000VAPL0000&processo.numero=1506818-59.2024.8.26.0451
1506820-29.2024.8.26.0451,10º Promotor de Justiça de Piracicaba,Foro de Piracicaba,2ª Vara Criminal,2024/001035,Ação Penal - Procedimento Ordinário,Lesão Cometida em Razão da Condição de Mulher,2024-10-09,False,2025-02-21,2025-07-15,,,,Restrito,https://esaj.tjsp.jus.br/cpopg/show.do?processo.codigo=CJ000VAPN0000&processo.numero=1506820-29.2024.8.26.0451
1506827-21.2024.8.26.0451,6º Promotor de Justiça de Piracicaba,Foro de Piracicaba,1ª Vara Criminal,2024/001130,Ação Penal - Procedimento Ordinário,Estupro de vulnerável,2024-10-09,False,2025-07-30,2025-07-31,,,,Restrito,https://esaj.tjsp.jus.br/cpopg/show.do?processo.codigo=CJ000VAQ40000&processo.numero=1506827-21.2024.8.26.0451
1506831-58.2024.8.26.0451,6º Promotor de Justiça de Piracicaba,Foro de Piracicaba,1ª Vara Criminal,2024/001131,Ação Penal - Procedimento Ordinário,Importunação Sexual,2024-10-09,False,2025-07-30,2025-07-31,,,,Restrito,https://esaj.tjsp.jus.br/cpopg/show.do?processo.codigo=CJ000VAQB0000&processo.numero=1506831-58.2024.8.26.0451
1506792-61.2024.8.26.0451,13º Promotor de Justiça de Piracicaba,Foro de Piracicaba,Vara do Juizado Especial Cível e Criminal,2024/003533,Ação Penal - Procedimento Sumaríssimo,Ameaça,2024-10-08,False,,2025-04-22,,,,Público,https://esaj.tjsp.jus.br/cpopg/show.do?processo.codigo=CJ000VAKI0000&processo.numero=1506792-61.2024.8.26.0451
1506795-16.2024.8.26.0451,1º Promotor de Justiça Auxiliar de Piracicaba,Foro de Piracicaba,4ª Vara Criminal,2024/001063,Ação Penal - Procedimento Ordinário,Roubo,2024-10-08,False,2025-03-17,2025-06-25,,,,Público,https://esaj.tjsp.jus.br/cpopg/show.do?processo.codigo=CJ000VALY0000&processo.numero=1506795-16.2024.8.26.0451
1506804-75.2024.8.26.0451,4º Promotor de Justiça de Piracicaba,Foro de Piracicaba,3ª Vara Criminal,2024/001101,Ação Penal - Procedimento Ordinário,Adulteração de Sinal Identificador de Veículo Automotor,2024-10-08,False,2025-05-27,2025-06-01,,,,Público,https://esaj.tjsp.jus.br/cpopg/show.do?processo.codigo=CJ000VAND0000&processo.numero=1506804-75.2024.8.26.0451
1506768-33.2024.8.26.0451,9º Promotor de Justiça de Piracicaba,Foro de Piracicaba,2ª Vara Criminal,2025/000790,Ação Penal - Procedimento Sumário,Ameaça,2025-06-02,False,,2025-03-28,,,,Público,https://esaj.tjsp.jus.br/cpopg/show.do?processo.codigo=CJ000VAG10000&processo.numero=1506768-33.2024.8.26.0451
1506777-92.2024.8.26.0451,11º Promotor de Justiça de Piracicaba,Foro de Piracicaba,1ª Vara Criminal,2024/001126,Ação Penal - Procedimento Ordinário,Roubo,2024-10-07,False,2025-04-10,2026-05-08,,,,Público,https://esaj.tjsp.jus.br/cpopg/show.do?processo.codigo=CJ000VAGV0000&processo.numero=1506777-92.2024.8.26.0451
1506781-32.2024.8.26.0451,4º Promotor de Justiça de Piracicaba,Foro de Piracicaba,3ª Vara Criminal,2025/000592,Ação Penal - Procedimento Sumário,Leve,2025-05-13,False,,2025-05-08,,,,Público,https://esaj.tjsp.jus.br/cpopg/show.do?processo.codigo=CJ000VAH20000&processo.numero=1506781-32.2024.8.26.0451
1506762-26.2024.8.26.0451,6º Promotor de Justiça de Piracicaba,Foro de Piracicaba,1ª Vara Criminal,2024/001121,Ação Penal - Procedimento Ordinário,Furto,2024-10-05,False,2026-05-15,2026-05-16,,,,Público,https://esaj.tjsp.jus.br/cpopg/show.do?processo.codigo=CJ000VAE20000&processo.numero=1506762-26.2024.8.26.0451
1506729-36.2024.8.26.0451,7º Promotor de Justiça de Piracicaba,Foro de Piracicaba,3ª Vara Criminal,2024/001086,Ação Penal - Procedimento Sumário,Crimes do Sistema Nacional de Armas,2024-10-04,False,2025-01-07,2026-03-23,,,,Público,https://esaj.tjsp.jus.br/cpopg/show.do?processo.codigo=CJ000VA8W0000&processo.numero=1506729-36.2024.8.26.0451
1506659-19.2024.8.26.0451,7º Promotor de Justiça de Piracicaba,Foro de Piracicaba,3ª Vara Criminal,2024/001067,Ação Penal - Procedimento Ordinário,Apropriação indébita,2024-10-02,False,2025-01-17,2026-02-13,,,,Público,https://esaj.tjsp.jus.br/cpopg/show.do?processo.codigo=CJ000V9XN0000&processo.numero=1506659-19.2024.8.26.0451
1506661-86.2024.8.26.0451,6º Promotor de Justiça de Piracicaba,Foro de Piracicaba,1ª Vara Criminal,2024/001099,Ação Penal - Procedimento Ordinário,Furto,2024-10-02,False,2025-04-29,2025-04-30,,,,Público,https://esaj.tjsp.jus.br/cpopg/show.do?processo.codigo=CJ000V9XP0000&processo.numero=1506661-86.2024.8.26.0451
1506687-84.2024.8.26.0451,10º Promotor de Justiça de Piracicaba,Foro de Piracicaba,2ª Vara Criminal,2024/001007,Ação Penal - Procedimento Ordinário,Denunciação caluniosa,2024-10-02,False,2025-06-24,2026-03-06,,,,Público,https://esaj.tjsp.jus.br/cpopg/show.do?processo.codigo=CJ000V9Z30000&processo.numero=1506687-84.2024.8.26.0451
1506600-31.2024.8.26.0451,7º Promotor de Justiça de Piracicaba,Foro de Piracicaba,3ª Vara Criminal,2024/001057,Ação Penal - Procedimento Ordinário,Furto,2024-09-30,False,2026-05-19,2026-05-25,,,,Público,https://esaj.tjsp.jus.br/cpopg/show.do?processo.codigo=CJ000V9OD0000&processo.numero=1506600-31.2024.8.26.0451
1506538-88.2024.8.26.0451,9º Promotor de Justiça de Piracicaba,Foro de Piracicaba,2ª Vara Criminal,2024/000974,Ação Penal - Procedimento Ordinário,Grave,2024-09-27,False,2025-03-28,2025-03-28,,2026-04-16,2026-05-21,Público,https://esaj.tjsp.jus.br/cpopg/show.do?processo.codigo=CJ000V9F90000&processo.numero=1506538-88.2024.8.26.0451
1501583-55.2024.8.26.0599,7º Promotor de Justiça de Piracicaba,Foro de Piracicaba,3ª Vara Criminal,2025/001385,Procedimento Especial da Lei Antitóxicos,Posse de Drogas para Consumo Pessoal,2025-10-08,False,2024-10-24,2025-09-22,2025-11-12,,,Público,https://esaj.tjsp.jus.br/cpopg/show.do?processo.codigo=GN0004EIK0000&processo.numero=1501583-55.2024.8.26.0599
1506488-62.2024.8.26.0451,11º Promotor de Justiça de Piracicaba,Foro de Piracicaba,1ª Vara Criminal,2024/001068,Ação Penal - Procedimento Ordinário,Leve,2024-09-25,False,2025-02-24,2025-02-25,,,,Restrito,https://esaj.tjsp.jus.br/cpopg/show.do?processo.codigo=CJ000V9610000&processo.numero=1506488-62.2024.8.26.0451
1501571-41.2024.8.26.0599,6º Promotor de Justiça de Piracicaba,Foro de Piracicaba,1ª Vara Criminal,2024/001070,Ação Penal - Procedimento Ordinário,"Intolerância e/ou Injúria Racial, de Cor e/ou Etnia",2024-09-26,False,2024-10-01,2026-03-09,,,,Público,https://esaj.tjsp.jus.br/cpopg/show.do?processo.codigo=GN0004EI20000&processo.numero=1501571-41.2024.8.26.0599
1506386-40.2024.8.26.0451,11º Promotor de Justiça de Piracicaba,Foro de Piracicaba,1ª Vara Criminal,2024/001055,Ação Penal - Procedimento Sumário,Ameaça,2024-09-24,False,2025-02-21,2025-09-10,,,,Restrito,https://esaj.tjsp.jus.br/cpopg/show.do?processo.codigo=CJ000V8QZ0000&processo.numero=1506386-40.2024.8.26.0451
1506391-62.2024.8.26.0451,11º Promotor de Justiça de Piracicaba,Foro de Piracicaba,1ª Vara Criminal,2024/001057,Ação Penal - Procedimento Ordinário,Leve,2024-09-24,False,2025-02-21,2025-02-21,,2026-04-26,2026-05-05,Restrito,https://esaj.tjsp.jus.br/cpopg/show.do?processo.codigo=CJ000V8R40000&processo.numero=1506391-62.2024.8.26.0451
1506323-15.2024.8.26.0451,7º Promotor de Justiça de Piracicaba,Foro de Piracicaba,3ª Vara Criminal,2024/000997,Ação Penal - Procedimento Ordinário,Estelionato,2024-09-19,False,2026-01-07,2026-03-09,,,,Público,https://esaj.tjsp.jus.br/cpopg/show.do?processo.codigo=CJ000V8J90000&processo.numero=1506323-15.2024.8.26.0451
1506257-35.2024.8.26.0451,6º Promotor de Justiça de Piracicaba,Foro de Piracicaba,1ª Vara Criminal,2024/001030,Inquérito Policial,Crimes de Trânsito,2024-09-17,False,2026-01-22,2026-03-04,,,,Público,https://esaj.tjsp.jus.br/cpopg/show.do?processo.codigo=CJ000V84V0000&processo.numero=1506257-35.2024.8.26.0451
1506258-20.2024.8.26.0451,13º Promotor de Justiça de Piracicaba,Foro de Piracicaba,Vara do Juizado Especial Cível e Criminal,2025/001120,Ação Penal - Procedimento Sumaríssimo,Apropriação de Coisa Achada,2025-04-08,False,2025-03-25,2025-04-23,,,,Público,https://esaj.tjsp.jus.br/cpopg/show.do?processo.codigo=CJ000V84Y0000&processo.numero=1506258-20.2024.8.26.0451
1506270-34.2024.8.26.0451,13º Promotor de Justiça de Piracicaba,Foro de Piracicaba,Vara do Juizado Especial Cível e Criminal,2024/003228,Ação Penal - Procedimento Sumaríssimo,Posse de Drogas para Consumo Pessoal,2024-09-17,False,,2025-06-11,,,,Público,https://esaj.tjsp.jus.br/cpopg/show.do?processo.codigo=CJ000V8710000&processo.numero=1506270-34.2024.8.26.0451
1506171-64.2024.8.26.0451,18º Promotor de Justiça de Piracicaba,Foro de Piracicaba,4ª Vara Criminal,2024/001149,Ação Penal - Procedimento Ordinário,"Divulgação de cena de estupro, sexo ou pornografia",2024-10-24,False,2025-05-29,2025-07-23,,,,Restrito,https://esaj.tjsp.jus.br/cpopg/show.do?processo.codigo=CJ000V7HR0000&processo.numero=1506171-64.2024.8.26.0451
1506178-56.2024.8.26.0451,4º Promotor de Justiça de Piracicaba,Foro de Piracicaba,3ª Vara Criminal,2024/000971,Ação Penal - Procedimento Sumário,Decorrente de Violência Doméstica,2024-09-11,False,2025-03-27,2025-04-23,,,,Restrito,https://esaj.tjsp.jus.br/cpopg/show.do?processo.codigo=CJ000V7IE0000&processo.numero=1506178-56.2024.8.26.0451
1506099-77.2024.8.26.0451,7º Promotor de Justiça de Piracicaba,Foro de Piracicaba,3ª Vara Criminal,2024/000957,Ação Penal - Procedimento Ordinário,Furto Qualificado,2024-09-05,False,2025-04-24,2025-06-09,,,,Público,https://esaj.tjsp.jus.br/cpopg/show.do?processo.codigo=CJ000V6YS0000&processo.numero=1506099-77.2024.8.26.0451
1506059-95.2024.8.26.0451,11º Promotor de Justiça de Piracicaba,Foro de Piracicaba,1ª Vara Criminal,2024/000985,Ação Penal - Procedimento Ordinário,Furto,2024-09-03,False,2025-03-05,2025-03-06,,,,Público,https://esaj.tjsp.jus.br/cpopg/show.do?processo.codigo=CJ000V6NM0000&processo.numero=1506059-95.2024.8.26.0451
1506060-80.2024.8.26.0451,7º Promotor de Justiça de Piracicaba,Foro de Piracicaba,3ª Vara Criminal,2024/000945,Ação Penal - Procedimento Ordinário,Furto,2024-09-03,False,2025-08-06,2025-08-07,,,,Público,https://esaj.tjsp.jus.br/cpopg/show.do?processo.codigo=CJ000V6NN0000&processo.numero=1506060-80.2024.8.26.0451
1506065-05.2024.8.26.0451,7º Promotor de Justiça de Piracicaba,Foro de Piracicaba,3ª Vara Criminal,2024/000946,Ação Penal - Procedimento Ordinário,Receptação,2024-09-03,False,2025-03-05,2025-06-16,,,,Público,https://esaj.tjsp.jus.br/cpopg/show.do?processo.codigo=CJ000V6NV0000&processo.numero=1506065-05.2024.8.26.0451
1506067-72.2024.8.26.0451,9º Promotor de Justiça de Piracicaba,Foro de Piracicaba,2ª Vara Criminal,2024/000863,Ação Penal - Procedimento Ordinário,Receptação,2024-09-03,False,2025-08-06,2025-08-07,,,,Público,https://esaj.tjsp.jus.br/cpopg/show.do?processo.codigo=CJ000V6NY0000&processo.numero=1506067-72.2024.8.26.0451
1506069-42.2024.8.26.0451,7º Promotor de Justiça de Piracicaba,Foro de Piracicaba,3ª Vara Criminal,2024/000947,Ação Penal - Procedimento Ordinário,Estelionato,2024-09-03,False,2025-12-04,2025-12-15,,,,Público,https://esaj.tjsp.jus.br/cpopg/show.do?processo.codigo=CJ000V6O00000&processo.numero=1506069-42.2024.8.26.0451
1505992-33.2024.8.26.0451,10º Promotor de Justiça de Piracicaba,Foro de Piracicaba,2ª Vara Criminal,2024/000845,Ação Penal - Procedimento Ordinário,Lesão Cometida em Razão da Condição de Mulher,2024-08-29,False,2025-02-24,2025-02-27,,,,Restrito,https://esaj.tjsp.jus.br/cpopg/show.do?processo.codigo=CJ000V6650000&processo.numero=1505992-33.2024.8.26.0451
1505924-83.2024.8.26.0451,4º Promotor de Justiça de Piracicaba,Foro de Piracicaba,3ª Vara Criminal,2024/000911,Ação Penal - Procedimento Ordinário,Importunação Sexual,2024-08-27,False,2025-03-26,2025-04-14,,,,Restrito,https://esaj.tjsp.jus.br/cpopg/show.do?processo.codigo=CJ000V5V30000&processo.numero=1505924-83.2024.8.26.0451
1505925-68.2024.8.26.0451,10º Promotor de Justiça de Piracicaba,Foro de Piracicaba,2ª Vara Criminal,2024/000826,Ação Penal - Procedimento Ordinário,Estupro de vulnerável,2024-08-27,False,2024-12-30,2025-10-13,,,,Restrito,https://esaj.tjsp.jus.br/cpopg/show.do?processo.codigo=CJ000V5V40000&processo.numero=1505925-68.2024.8.26.0451
1505927-38.2024.8.26.0451,11º Promotor de Justiça de Piracicaba,Foro de Piracicaba,1ª Vara Criminal,2024/000957,Ação Penal - Procedimento Sumário,Ameaça,2024-08-27,False,2025-02-25,2025-02-25,,2026-05-22,2026-05-26,Restrito,https://esaj.tjsp.jus.br/cpopg/show.do?processo.codigo=CJ000V5V60000&processo.numero=1505927-38.2024.8.26.0451
1505935-15.2024.8.26.0451,6º Promotor de Justiça de Piracicaba,Foro de Piracicaba,1ª Vara Criminal,2024/000959,Ação Penal - Procedimento Ordinário,Estupro de vulnerável,2024-08-27,False,2025-02-17,2025-02-18,,,,Restrito,https://esaj.tjsp.jus.br/cpopg/show.do?processo.codigo=CJ000V5VG0000&processo.numero=1505935-15.2024.8.26.0451
1505945-59.2024.8.26.0451,7º Promotor de Justiça de Piracicaba,Foro de Piracicaba,3ª Vara Criminal,2024/000916,Ação Penal - Procedimento Sumário,Lesão Cometida em Razão da Condição de Mulher,2024-08-27,False,2025-02-17,2025-02-20,,,,Restrito,https://esaj.tjsp.jus.br/cpopg/show.do?processo.codigo=CJ000V5W10000&processo.numero=1505945-59.2024.8.26.0451
1505948-14.2024.8.26.0451,11º Promotor de Justiça de Piracicaba,Foro de Piracicaba,1ª Vara Criminal,2024/000965,Ação Penal - Procedimento Sumário,Ameaça,2024-08-27,False,2025-07-28,2025-07-28,,,,Restrito,https://esaj.tjsp.jus.br/cpopg/show.do?processo.codigo=CJ000V5W70000&processo.numero=1505948-14.2024.8.26.0451
1505734-23.2024.8.26.0451,6º Promotor de Justiça de Piracicaba,Foro de Piracicaba,1ª Vara Criminal,2024/000931,Ação Penal - Procedimento Ordinário,Furto Qualificado,2024-08-20,False,2025-08-27,2025-09-01,,,,Público,https://esaj.tjsp.jus.br/cpopg/show.do?processo.codigo=CJ000V52Z0000&processo.numero=1505734-23.2024.8.26.0451
1505739-45.2024.8.26.0451,6º Promotor de Justiça de Piracicaba,Foro de Piracicaba,1ª Vara Criminal,2024/000933,Procedimento Especial da Lei Antitóxicos,Tráfico de Drogas e Condutas Afins,2024-08-20,False,2025-08-27,2025-09-01,2025-11-07,,,Público,https://esaj.tjsp.jus.br/cpopg/show.do?processo.codigo=CJ000V5380000&processo.numero=1505739-45.2024.8.26.0451
1505708-25.2024.8.26.0451,18º Promotor de Justiça de Piracicaba,Foro de Piracicaba,4ª Vara Criminal,2024/000841,Ação Penal - Procedimento Sumaríssimo,Crimes de Trânsito,2024-08-19,False,2024-12-10,2026-02-27,,,,Público,https://esaj.tjsp.jus.br/cpopg/show.do?processo.codigo=CJ000V4WE0000&processo.numero=1505708-25.2024.8.26.0451
1505713-47.2024.8.26.0451,10º Promotor de Justiça de Piracicaba,Foro de Piracicaba,2ª Vara Criminal,2024/000795,Ação Penal - Procedimento Ordinário,Crimes de Trânsito,2024-08-19,False,2024-12-17,2025-11-13,,,,Público,https://esaj.tjsp.jus.br/cpopg/show.do?processo.codigo=CJ000V4WS0000&processo.numero=1505713-47.2024.8.26.0451
1501363-57.2024.8.26.0599,10º Promotor de Justiça de Piracicaba,Foro de Piracicaba,2ª Vara Criminal,2024/000796,Ação Penal - Procedimento Ordinário,Furto Qualificado,2024-08-19,False,2024-08-23,2025-07-11,,,,Público,https://esaj.tjsp.jus.br/cpopg/show.do?processo.codigo=GN0004E8Z0000&processo.numero=1501363-57.2024.8.26.0599
1505648-52.2024.8.26.0451,18º Promotor de Justiça de Piracicaba,Foro de Piracicaba,4ª Vara Criminal,2024/000829,Ação Penal - Procedimento Ordinário,Furto,2024-08-16,False,2026-01-27,2026-02-10,,,,Público,https://esaj.tjsp.jus.br/cpopg/show.do?processo.codigo=CJ000V4N10000&processo.numero=1505648-52.2024.8.26.0451
1505626-91.2024.8.26.0451,6º Promotor de Justiça de Piracicaba,Foro de Piracicaba,1ª Vara Criminal,2024/000911,Inquérito Policial,Crimes do Sistema Nacional de Armas,2024-08-15,False,2026-04-21,2026-04-24,,,,Restrito,https://esaj.tjsp.jus.br/cpopg/show.do?processo.codigo=CJ000V4IN0000&processo.numero=1505626-91.2024.8.26.0451
1505632-98.2024.8.26.0451,4º Promotor de Justiça de Piracicaba,Foro de Piracicaba,3ª Vara Criminal,2025/001513,Ação Penal - Procedimento Sumaríssimo,Dano,2025-11-06,False,,2025-08-01,,,,Público,https://esaj.tjsp.jus.br/cpopg/show.do?processo.codigo=CJ000V4JJ0000&processo.numero=1505632-98.2024.8.26.0451
1505642-45.2024.8.26.0451,4º Promotor de Justiça de Piracicaba,Foro de Piracicaba,3ª Vara Criminal,2024/000920,Ação Penal - Procedimento Sumaríssimo,Desobediência,2024-08-27,False,,2026-04-06,,,,Público,https://esaj.tjsp.jus.br/cpopg/show.do?processo.codigo=CJ000V4LV0000&processo.numero=1505642-45.2024.8.26.0451
1505608-70.2024.8.26.0451,10º Promotor de Justiça de Piracicaba,Foro de Piracicaba,2ª Vara Criminal,2024/000777,Ação Penal - Procedimento Sumário,Crimes de Trânsito,2024-08-14,False,2025-04-07,2025-04-11,,,,Público,https://esaj.tjsp.jus.br/cpopg/show.do?processo.codigo=CJ000V4EI0000&processo.numero=1505608-70.2024.8.26.0451
1501330-67.2024.8.26.0599,10º Promotor de Justiça de Piracicaba,Foro de Piracicaba,2ª Vara Criminal,2024/000775,Inquérito Policial,Adulteração de Sinal Identificador de Veículo Automotor,2024-08-13,False,2024-08-22,2026-05-22,,,,Público,https://esaj.tjsp.jus.br/cpopg/show.do?processo.codigo=GN0004E7N0000&processo.numero=1501330-67.2024.8.26.0599
1505570-58.2024.8.26.0451,13º Promotor de Justiça de Piracicaba,Foro de Piracicaba,Vara do Juizado Especial Cível e Criminal,2024/002746,Ação Penal - Procedimento Sumaríssimo,Contravenções Penais,2024-08-12,False,,2025-03-18,,2026-01-22,2026-02-10,Público,https://esaj.tjsp.jus.br/cpopg/show.do?processo.codigo=CJ000V45T0000&processo.numero=1505570-58.2024.8.26.0451
1505510-85.2024.8.26.0451,13º Promotor de Justiça de Piracicaba,Foro de Piracicaba,Vara do Juizado Especial Cível e Criminal,2024/002700,Ação Penal - Procedimento Sumaríssimo,Crimes de Trânsito,2024-08-09,False,,2025-03-25,,,,Público,https://esaj.tjsp.jus.br/cpopg/show.do?processo.codigo=CJ000V3YZ0000&processo.numero=1505510-85.2024.8.26.0451
1505745-54.2024.8.26.0224,7º Promotor de Justiça de Piracicaba,Foro de Piracicaba,3ª Vara Criminal,2025/000038,Ação Penal - Procedimento Ordinário,Receptação,2025-01-09,False,2024-12-02,2025-09-01,,,,Público,https://esaj.tjsp.jus.br/cpopg/show.do?processo.codigo=68001OY8J0000&processo.numero=1505745-54.2024.8.26.0224
1505472-73.2024.8.26.0451,10º Promotor de Justiça de Piracicaba,Foro de Piracicaba,2ª Vara Criminal,2025/001106,Ação Penal - Procedimento Ordinário,Resistência,2025-07-21,False,,2026-03-24,,,,Público,https://esaj.tjsp.jus.br/cpopg/show.do?processo.codigo=CJ000V3JX0000&processo.numero=1505472-73.2024.8.26.0451
1505429-39.2024.8.26.0451,7º Promotor de Justiça de Piracicaba,Foro de Piracicaba,3ª Vara Criminal,2024/000829,Ação Penal - Procedimento Sumário,Decorrente de Violência Doméstica,2024-08-05,False,2025-04-11,2025-04-12,,,,Restrito,https://esaj.tjsp.jus.br/cpopg/show.do?processo.codigo=CJ000V3E30000&processo.numero=1505429-39.2024.8.26.0451
1505431-09.2024.8.26.0451,18º Promotor de Justiça de Piracicaba,Foro de Piracicaba,4ª Vara Criminal,2024/000787,Ação Penal - Procedimento Sumário,Contravenções Penais,2024-08-05,False,2025-02-20,2025-02-21,,,,Restrito,https://esaj.tjsp.jus.br/cpopg/show.do?processo.codigo=CJ000V3E60000&processo.numero=1505431-09.2024.8.26.0451
1505435-46.2024.8.26.0451,4º Promotor de Justiça de Piracicaba,Foro de Piracicaba,3ª Vara Criminal,2024/000830,Ação Penal - Procedimento Sumário,Lesão Cometida em Razão da Condição de Mulher,2024-08-05,False,2025-02-20,2025-02-24,,,,Restrito,https://esaj.tjsp.jus.br/cpopg/show.do?processo.codigo=CJ000V3EB0000&processo.numero=1505435-46.2024.8.26.0451
1505440-68.2024.8.26.0451,4º Promotor de Justiça de Piracicaba,Foro de Piracicaba,3ª Vara Criminal,2024/000833,Ação Penal - Procedimento Ordinário,Estupro de vulnerável,2024-08-05,False,2025-02-21,2025-07-07,,,,Restrito,https://esaj.tjsp.jus.br/cpopg/show.do?processo.codigo=CJ000V3EH0000&processo.numero=1505440-68.2024.8.26.0451
1505446-75.2024.8.26.0451,4º Promotor de Justiça de Piracicaba,Foro de Piracicaba,3ª Vara Criminal,2024/000834,Ação Penal - Procedimento Sumário,Ameaça,2024-08-05,False,2025-02-21,2025-02-24,,,,Restrito,https://esaj.tjsp.jus.br/cpopg/show.do?processo.codigo=CJ000V3EP0000&processo.numero=1505446-75.2024.8.26.0451
1505464-96.2024.8.26.0451,11º Promotor de Justiça de Piracicaba,Foro de Piracicaba,1ª Vara Criminal,2024/000867,Ação Penal - Procedimento Ordinário,Crimes de Trânsito,2024-08-05,False,2025-03-28,2025-03-31,,,,Público,https://esaj.tjsp.jus.br/cpopg/show.do?processo.codigo=CJ000V3HI0000&processo.numero=1505464-96.2024.8.26.0451
1505400-86.2024.8.26.0451,6º Promotor de Justiça de Piracicaba,Foro de Piracicaba,1ª Vara Criminal,2024/000852,Ação Penal - Procedimento Ordinário,Importunação Sexual,2024-08-01,False,,2025-04-22,,,,Restrito,https://esaj.tjsp.jus.br/cpopg/show.do?processo.codigo=CJ000V37N0000&processo.numero=1505400-86.2024.8.26.0451
1505336-76.2024.8.26.0451,18º Promotor de Justiça de Piracicaba,Foro de Piracicaba,4ª Vara Criminal,2024/000765,Ação Penal - Procedimento Sumaríssimo,Crimes de Trânsito,2024-07-29,False,2025-09-04,2026-04-14,,,,Público,https://esaj.tjsp.jus.br/cpopg/show.do?processo.codigo=CJ000V2QA0000&processo.numero=1505336-76.2024.8.26.0451
1505337-61.2024.8.26.0451,6º Promotor de Justiça de Piracicaba,Foro de Piracicaba,1ª Vara Criminal,2024/000833,Ação Penal - Procedimento Ordinário,Apropriação indébita,2024-07-29,False,2025-01-23,2025-10-10,,,,Público,https://esaj.tjsp.jus.br/cpopg/show.do?processo.codigo=CJ000V2QB0000&processo.numero=1505337-61.2024.8.26.0451
1505283-95.2024.8.26.0451,7º Promotor de Justiça de Piracicaba,Foro de Piracicaba,3ª Vara Criminal,2024/000797,Ação Penal - Procedimento Sumário,Lesão Cometida em Razão da Condição de Mulher,2024-07-26,False,2025-03-26,2025-03-27,,,,Restrito,https://esaj.tjsp.jus.br/cpopg/show.do?processo.codigo=CJ000V2KL0000&processo.numero=1505283-95.2024.8.26.0451
1505295-12.2024.8.26.0451,7º Promotor de Justiça de Piracicaba,Foro de Piracicaba,3ª Vara Criminal,2024/000799,Ação Penal - Procedimento Ordinário,Lesão Cometida em Razão da Condição de Mulher,2024-07-26,False,2024-11-14,2026-04-30,,,,Restrito,https://esaj.tjsp.jus.br/cpopg/show.do?processo.codigo=CJ000V2L90000&processo.numero=1505295-12.2024.8.26.0451
1505327-17.2024.8.26.0451,13º Promotor de Justiça de Piracicaba,Foro de Piracicaba,Vara do Juizado Especial Cível e Criminal,2024/002577,Ação Penal - Procedimento Sumaríssimo,Ameaça,2024-07-26,False,,2025-03-25,,,,Público,https://esaj.tjsp.jus.br/cpopg/show.do?processo.codigo=CJ000V2OU0000&processo.numero=1505327-17.2024.8.26.0451
1505244-98.2024.8.26.0451,11º Promotor de Justiça de Piracicaba,Foro de Piracicaba,1ª Vara Criminal,2024/000815,Ação Penal - Procedimento Sumário,Leve,2024-07-25,False,2025-06-25,2025-06-27,,,,Restrito,https://esaj.tjsp.jus.br/cpopg/show.do?processo.codigo=CJ000V2GC0000&processo.numero=1505244-98.2024.8.26.0451
1505257-97.2024.8.26.0451,6º Promotor de Justiça de Piracicaba,Foro de Piracicaba,1ª Vara Criminal,2024/000822,Ação Penal - Procedimento Sumário,Estupro de vulnerável,2024-07-25,False,2025-03-26,2025-03-28,,,,Restrito,https://esaj.tjsp.jus.br/cpopg/show.do?processo.codigo=CJ000V2H50000&processo.numero=1505257-97.2024.8.26.0451
1505263-07.2024.8.26.0451,11º Promotor de Justiça de Piracicaba,Foro de Piracicaba,1ª Vara Criminal,2024/001234,Ação Penal - Procedimento Sumário,DIREITO PENAL-Crimes contra a liberdade pessoal-Perseguição,2024-10-31,False,2025-06-05,2025-06-10,,,,Restrito,https://esaj.tjsp.jus.br/cpopg/show.do?processo.codigo=CJ000V2HF0000&processo.numero=1505263-07.2024.8.26.0451
1505275-21.2024.8.26.0451,10º Promotor de Justiça de Piracicaba,Foro de Piracicaba,2ª Vara Criminal,2024/000709,Ação Penal - Procedimento Ordinário,Estelionato,2024-07-25,False,2025-08-08,2025-08-18,,,,Restrito,https://esaj.tjsp.jus.br/cpopg/show.do?processo.codigo=CJ000V2II0000&processo.numero=1505275-21.2024.8.26.0451
1501224-08.2024.8.26.0599,11º Promotor de Justiça de Piracicaba,Foro de Piracicaba,1ª Vara Criminal,2024/000827,Ação Penal - Procedimento Ordinário,Adulteração de Sinal Identificador de Veículo Automotor,2024-07-25,False,2024-07-30,2025-04-29,,,,Público,https://esaj.tjsp.jus.br/cpopg/show.do?processo.codigo=GN0004E360000&processo.numero=1501224-08.2024.8.26.0599
1505196-42.2024.8.26.0451,4º Promotor de Justiça de Piracicaba,Foro de Piracicaba,3ª Vara Criminal,2024/000773,Ação Penal - Procedimento Sumário,"Crime de descumprimento de medidas protetivas de urgência - Art. 24-A, Lei 11.340/2006",2024-07-24,False,2025-05-29,2025-06-01,,,,Restrito,https://esaj.tjsp.jus.br/cpopg/show.do?processo.codigo=CJ000V28B0000&processo.numero=1505196-42.2024.8.26.0451
1505205-04.2024.8.26.0451,7º Promotor de Justiça de Piracicaba,Foro de Piracicaba,3ª Vara Criminal,2024/000775,Ação Penal - Procedimento Sumário,Decorrente de Violência Doméstica,2024-07-24,False,2025-02-21,2025-02-26,,,,Restrito,https://esaj.tjsp.jus.br/cpopg/show.do?processo.codigo=CJ000V29A0000&processo.numero=1505205-04.2024.8.26.0451
1505208-56.2024.8.26.0451,7º Promotor de Justiça de Piracicaba,Foro de Piracicaba,3ª Vara Criminal,2026/000158,Ação Penal - Procedimento Sumaríssimo,Crimes de Trânsito,2026-02-11,False,,2025-10-21,,,,Público,https://esaj.tjsp.jus.br/cpopg/show.do?processo.codigo=CJ000V29H0000&processo.numero=1505208-56.2024.8.26.0451
1505220-70.2024.8.26.0451,11º Promotor de Justiça de Piracicaba,Foro de Piracicaba,1ª Vara Criminal,2024/000808,Ação Penal - Procedimento Sumário,Leve,2024-07-24,False,2025-08-28,2025-08-29,,,,Restrito,https://esaj.tjsp.jus.br/cpopg/show.do?processo.codigo=CJ000V2BG0000&processo.numero=1505220-70.2024.8.26.0451
1505172-14.2024.8.26.0451,13º Promotor de Justiça de Piracicaba,Foro de Piracicaba,Vara do Juizado Especial Cível e Criminal,2024/002512,Ação Penal - Procedimento Sumaríssimo,Crimes de Trânsito,2024-07-23,False,,2026-01-20,,,,Público,https://esaj.tjsp.jus.br/cpopg/show.do?processo.codigo=CJ000V25N0000&processo.numero=1505172-14.2024.8.26.0451
1501193-85.2024.8.26.0599,10º Promotor de Justiça de Piracicaba,Foro de Piracicaba,2ª Vara Criminal,2024/000676,Ação Penal - Procedimento Ordinário,Crimes de Trânsito,2024-07-22,False,2024-07-26,2025-04-30,2025-05-19,,,Público,https://esaj.tjsp.jus.br/cpopg/show.do?processo.codigo=GN0004E270000&processo.numero=1501193-85.2024.8.26.0599
1501197-25.2024.8.26.0599,10º Promotor de Justiça de Piracicaba,Foro de Piracicaba,2ª Vara Criminal,2024/000679,Ação Penal - Procedimento Ordinário,Crimes de Trânsito,2024-07-22,False,2024-07-31,2025-09-18,,,,Público,https://esaj.tjsp.jus.br/cpopg/show.do?processo.codigo=GN0004E2C0000&processo.numero=1501197-25.2024.8.26.0599
1505128-92.2024.8.26.0451,6º Promotor de Justiça de Piracicaba,Foro de Piracicaba,1ª Vara Criminal,2024/000782,Ação Penal - Procedimento Ordinário,Crimes de Trânsito,2024-07-19,False,2025-06-10,2025-07-28,,,,Público,https://esaj.tjsp.jus.br/cpopg/show.do?processo.codigo=CJ000V1U20000&processo.numero=1505128-92.2024.8.26.0451
1505092-50.2024.8.26.0451,6º Promotor de Justiça de Piracicaba,Foro de Piracicaba,1ª Vara Criminal,2024/000771,Ação Penal - Procedimento Sumário,Estupro de vulnerável,2024-07-18,False,2025-02-25,2025-02-25,,,,Restrito,https://esaj.tjsp.jus.br/cpopg/show.do?processo.codigo=CJ000V1PN0000&processo.numero=1505092-50.2024.8.26.0451
1505094-20.2024.8.26.0451,4º Promotor de Justiça de Piracicaba,Foro de Piracicaba,3ª Vara Criminal,2024/000749,Ação Penal - Procedimento Ordinário,Estupro de vulnerável,2024-07-18,False,2025-04-11,2025-09-16,,,,Restrito,https://esaj.tjsp.jus.br/cpopg/show.do?processo.codigo=CJ000V1PP0000&processo.numero=1505094-20.2024.8.26.0451
1505096-87.2024.8.26.0451,4º Promotor de Justiça de Piracicaba,Foro de Piracicaba,3ª Vara Criminal,2024/000751,Ação Penal - Procedimento Ordinário,Estupro de vulnerável,2024-07-18,False,2024-11-18,2025-06-11,2025-07-10,2026-03-09,2026-03-10,Restrito,https://esaj.tjsp.jus.br/cpopg/show.do?processo.codigo=CJ000V1PX0000&processo.numero=1505096-87.2024.8.26.0451
1505114-11.2024.8.26.0451,11º Promotor de Justiça de Piracicaba,Foro de Piracicaba,1ª Vara Criminal,2025/001516,Ação Penal - Procedimento Sumário,Lesão Cometida em Razão da Condição de Mulher,2025-12-05,False,2025-02-20,2025-02-26,,,,Restrito,https://esaj.tjsp.jus.br/cpopg/show.do?processo.codigo=CJ000V1RQ0000&processo.numero=1505114-11.2024.8.26.0451
1505115-93.2024.8.26.0451,7º Promotor de Justiça de Piracicaba,Foro de Piracicaba,3ª Vara Criminal,2024/000757,Ação Penal - Procedimento Sumário,Decorrente de Violência Doméstica,2024-07-18,False,2025-06-03,2025-07-17,,,,Restrito,https://esaj.tjsp.jus.br/cpopg/show.do?processo.codigo=CJ000V1RS0000&processo.numero=1505115-93.2024.8.26.0451
1505017-11.2024.8.26.0451,6º Promotor de Justiça de Piracicaba,Foro de Piracicaba,1ª Vara Criminal,2024/000752,Ação Penal - Procedimento Ordinário,(Fato até 10/01/2023) Injúria Preconceituosa em Razão de Raça,2024-07-15,False,2025-09-04,2026-03-10,,,,Público,https://esaj.tjsp.jus.br/cpopg/show.do?processo.codigo=CJ000V1760000&processo.numero=1505017-11.2024.8.26.0451
1505020-63.2024.8.26.0451,9º Promotor de Justiça de Piracicaba,Foro de Piracicaba,2ª Vara Criminal,2024/000651,Ação Penal - Procedimento Ordinário,Difamação,2024-07-15,False,2025-08-06,2025-08-07,,,,Público,https://esaj.tjsp.jus.br/cpopg/show.do?processo.codigo=CJ000V1790000&processo.numero=1505020-63.2024.8.26.0451
1504800-65.2024.8.26.0451,13º Promotor de Justiça de Piracicaba,Foro de Piracicaba,Vara do Juizado Especial Cível e Criminal,2024/002223,Ação Penal - Procedimento Sumaríssimo,Leve,2024-06-25,False,,2025-06-27,,,,Público,https://esaj.tjsp.jus.br/cpopg/show.do?processo.codigo=CJ000UZB00000&processo.numero=1504800-65.2024.8.26.0451
1504752-09.2024.8.26.0451,13º Promotor de Justiça de Piracicaba,Foro de Piracicaba,Vara do Juizado Especial Cível e Criminal,2024/002177,Ação Penal - Procedimento Sumaríssimo,Contravenções Penais,2024-06-24,False,,2025-02-13,,,,Público,https://esaj.tjsp.jus.br/cpopg/show.do?processo.codigo=CJ000UZ1D0000&processo.numero=1504752-09.2024.8.26.0451
1504760-83.2024.8.26.0451,18º Promotor de Justiça de Piracicaba,Foro de Piracicaba,4ª Vara Criminal,2024/000659,Ação Penal - Procedimento Ordinário,Furto Qualificado,2024-06-24,False,2025-06-23,2025-06-24,,,,Público,https://esaj.tjsp.jus.br/cpopg/show.do?processo.codigo=CJ000UZ2D0000&processo.numero=1504760-83.2024.8.26.0451
1504734-85.2024.8.26.0451,7º Promotor de Justiça de Piracicaba,Foro de Piracicaba,3ª Vara Criminal,2024/000679,Ação Penal - Procedimento Ordinário,Preconceituosa,2024-06-22,False,2025-03-05,2025-03-06,,,,Restrito,https://esaj.tjsp.jus.br/cpopg/show.do?processo.codigo=CJ000UZ090000&processo.numero=1504734-85.2024.8.26.0451
1504735-70.2024.8.26.0451,18º Promotor de Justiça de Piracicaba,Foro de Piracicaba,4ª Vara Criminal,2024/000653,Ação Penal - Procedimento Ordinário,Estelionato,2024-06-22,False,2024-10-15,2026-05-06,,,,Público,https://esaj.tjsp.jus.br/cpopg/show.do?processo.codigo=CJ000UZ0A0000&processo.numero=1504735-70.2024.8.26.0451
1504740-92.2024.8.26.0451,11º Promotor de Justiça de Piracicaba,Foro de Piracicaba,1ª Vara Criminal,2024/000696,Ação Penal - Procedimento Ordinário,Roubo,2024-06-22,False,2025-08-20,2025-08-21,,,,Público,https://esaj.tjsp.jus.br/cpopg/show.do?processo.codigo=CJ000UZ0F0000&processo.numero=1504740-92.2024.8.26.0451
1504744-32.2024.8.26.0451,10º Promotor de Justiça de Piracicaba,Foro de Piracicaba,2ª Vara Criminal,2024/000595,Ação Penal - Procedimento Ordinário,Furto,2024-06-22,False,2025-01-13,2026-03-17,,,,Público,https://esaj.tjsp.jus.br/cpopg/show.do?processo.codigo=CJ000UZ0J0000&processo.numero=1504744-32.2024.8.26.0451
1504687-14.2024.8.26.0451,7º Promotor de Justiça de Piracicaba,Foro de Piracicaba,3ª Vara Criminal,2024/000666,Ação Penal - Procedimento Sumário,Ameaça,2024-06-21,False,2025-04-28,2025-04-29,,,,Restrito,https://esaj.tjsp.jus.br/cpopg/show.do?processo.codigo=CJ000UYUO0000&processo.numero=1504687-14.2024.8.26.0451
1504726-11.2024.8.26.0451,9º Promotor de Justiça de Piracicaba,Foro de Piracicaba,2ª Vara Criminal,2024/000593,Ação Penal - Procedimento Ordinário,Veicular cenas de sexo explícito ou pornográfica envolvendo criança ou adolescente (Artigo 241-A),2024-06-21,False,2025-04-15,2025-04-28,2025-05-27,2026-03-20,2026-03-30,Restrito,https://esaj.tjsp.jus.br/cpopg/show.do?processo.codigo=CJ000UYYI0000&processo.numero=1504726-11.2024.8.26.0451
1504608-35.2024.8.26.0451,10º Promotor de Justiça de Piracicaba,Foro de Piracicaba,2ª Vara Criminal,2024/000579,Ação Penal - Procedimento Sumaríssimo,Subtração de Incapazes,2024-06-17,False,2025-03-13,2026-03-10,,,,Restrito,https://esaj.tjsp.jus.br/cpopg/show.do?processo.codigo=CJ000UYDI0000&processo.numero=1504608-35.2024.8.26.0451
1504595-36.2024.8.26.0451,7º Promotor de Justiça de Piracicaba,Foro de Piracicaba,3ª Vara Criminal,2024/000647,Ação Penal - Procedimento Ordinário,Furto,2024-06-15,False,2025-04-24,2025-07-02,,,,Público,https://esaj.tjsp.jus.br/cpopg/show.do?processo.codigo=CJ000UY800000&processo.numero=1504595-36.2024.8.26.0451
1504597-06.2024.8.26.0451,10º Promotor de Justiça de Piracicaba,Foro de Piracicaba,2ª Vara Criminal,2024/000576,Ação Penal - Procedimento Ordinário,Uso de documento falso,2024-06-15,False,2025-08-06,2025-08-29,,,,Público,https://esaj.tjsp.jus.br/cpopg/show.do?processo.codigo=CJ000UY830000&processo.numero=1504597-06.2024.8.26.0451
1504599-73.2024.8.26.0451,10º Promotor de Justiça de Piracicaba,Foro de Piracicaba,2ª Vara Criminal,2024/000577,Ação Penal - Procedimento Ordinário,Estelionato,2024-06-15,False,2025-02-12,2025-08-29,,,,Público,https://esaj.tjsp.jus.br/cpopg/show.do?processo.codigo=CJ000UY860000&processo.numero=1504599-73.2024.8.26.0451
1504600-58.2024.8.26.0451,11º Promotor de Justiça de Piracicaba,Foro de Piracicaba,1ª Vara Criminal,2024/000668,Ação Penal - Procedimento Ordinário,Estelionato,2024-06-15,False,2025-03-06,2026-03-09,,,,Público,https://esaj.tjsp.jus.br/cpopg/show.do?processo.codigo=CJ000UY870000&processo.numero=1504600-58.2024.8.26.0451
1504547-77.2024.8.26.0451,7º Promotor de Justiça de Piracicaba,Foro de Piracicaba,3ª Vara Criminal,2024/000635,Ação Penal - Procedimento Ordinário,Estupro de vulnerável,2024-06-11,False,2024-11-18,2026-04-30,,,,Restrito,https://esaj.tjsp.jus.br/cpopg/show.do?processo.codigo=CJ000UXRU0000&processo.numero=1504547-77.2024.8.26.0451
1504549-47.2024.8.26.0451,18º Promotor de Justiça de Piracicaba,Foro de Piracicaba,4ª Vara Criminal,2024/000625,Ação Penal - Procedimento Ordinário,Lesão Cometida em Razão da Condição de Mulher,2024-06-11,False,2025-09-22,2025-09-24,,,,Restrito,https://esaj.tjsp.jus.br/cpopg/show.do?processo.codigo=CJ000UXRW0000&processo.numero=1504549-47.2024.8.26.0451
1504550-32.2024.8.26.0451,9º Promotor de Justiça de Piracicaba,Foro de Piracicaba,2ª Vara Criminal,2024/000562,Ação Penal - Procedimento Ordinário,Lesão Cometida em Razão da Condição de Mulher,2024-06-11,False,2026-02-26,2026-03-01,,,,Restrito,https://esaj.tjsp.jus.br/cpopg/show.do?processo.codigo=CJ000UXRY0000&processo.numero=1504550-32.2024.8.26.0451
1504479-30.2024.8.26.0451,10º Promotor de Justiça de Piracicaba,Foro de Piracicaba,2ª Vara Criminal,2025/001195,Ação Penal - Procedimento Ordinário,Desacato,2025-08-05,False,,2025-08-06,,,,Público,https://esaj.tjsp.jus.br/cpopg/show.do?processo.codigo=CJ000UXLH0000&processo.numero=1504479-30.2024.8.26.0451
1504398-81.2024.8.26.0451,10º Promotor de Justiça de Piracicaba,Foro de Piracicaba,2ª Vara Criminal,2024/000526,Ação Penal - Procedimento Sumário,Crimes de Trânsito,2024-06-01,False,2024-12-11,2025-10-28,,,,Público,https://esaj.tjsp.jus.br/cpopg/show.do?processo.codigo=CJ000UWU60000&processo.numero=1504398-81.2024.8.26.0451
1504184-90.2024.8.26.0451,7º Promotor de Justiça de Piracicaba,Foro de Piracicaba,3ª Vara Criminal,2024/000636,Ação Penal - Procedimento Ordinário,Uso de documento falso,2024-06-11,False,,2025-07-08,,,,Público,https://esaj.tjsp.jus.br/cpopg/show.do?processo.codigo=CJ000UW9N0000&processo.numero=1504184-90.2024.8.26.0451
1504103-44.2024.8.26.0451,10º Promotor de Justiça de Piracicaba,Foro de Piracicaba,2ª Vara Criminal,2024/000499,Ação Penal - Procedimento Ordinário,Crimes de Trânsito,2024-05-20,False,2024-09-03,2025-05-21,,,,Público,https://esaj.tjsp.jus.br/cpopg/show.do?processo.codigo=CJ000UVIP0000&processo.numero=1504103-44.2024.8.26.0451
1504064-47.2024.8.26.0451,10º Promotor de Justiça de Piracicaba,Foro de Piracicaba,2ª Vara Criminal,2024/000485,Ação Penal - Procedimento Ordinário,Receptação,2024-05-17,False,2024-09-12,2025-10-23,,,,Público,https://esaj.tjsp.jus.br/cpopg/show.do?processo.codigo=CJ000UVBY0000&processo.numero=1504064-47.2024.8.26.0451
1504054-03.2024.8.26.0451,6º Promotor de Justiça de Piracicaba,Foro de Piracicaba,1ª Vara Criminal,2024/000571,Ação Penal - Procedimento Ordinário,Crimes de Trânsito,2024-05-16,False,2025-08-27,2025-09-01,,,,Público,https://esaj.tjsp.jus.br/cpopg/show.do?processo.codigo=CJ000UV9Z0000&processo.numero=1504054-03.2024.8.26.0451
1500221-57.2024.8.26.0198,18º Promotor de Justiça de Piracicaba,Foro de Piracicaba,4ª Vara Criminal,2024/000543,Ação Penal - Procedimento Ordinário,Estupro de vulnerável,2024-05-15,False,2025-04-11,2025-12-10,,,,Restrito,https://esaj.tjsp.jus.br/cpopg/show.do?processo.codigo=5I00058IW0000&processo.numero=1500221-57.2024.8.26.0198
1503951-93.2024.8.26.0451,18º Promotor de Justiça de Piracicaba,Foro de Piracicaba,4ª Vara Criminal,2024/000523,Ação Penal - Procedimento Ordinário,Decorrente de Violência Doméstica,2024-05-14,False,2025-02-17,2025-02-18,,,,Restrito,https://esaj.tjsp.jus.br/cpopg/show.do?processo.codigo=CJ000UUQ40000&processo.numero=1503951-93.2024.8.26.0451
1503955-33.2024.8.26.0451,11º Promotor de Justiça de Piracicaba,Foro de Piracicaba,1ª Vara Criminal,2024/000548,Ação Penal - Procedimento Ordinário,Leve,2024-05-14,False,2025-03-27,2025-03-28,,,,Restrito,https://esaj.tjsp.jus.br/cpopg/show.do?processo.codigo=CJ000UUQL0000&processo.numero=1503955-33.2024.8.26.0451
1503956-18.2024.8.26.0451,6º Promotor de Justiça de Piracicaba,Foro de Piracicaba,1ª Vara Criminal,2024/000549,Ação Penal - Procedimento Ordinário,Estupro de vulnerável,2024-05-14,False,2025-02-20,2025-02-24,,2025-07-29,2025-08-13,Restrito,https://esaj.tjsp.jus.br/cpopg/show.do?processo.codigo=CJ000UUQM0000&processo.numero=1503956-18.2024.8.26.0451
1503980-46.2024.8.26.0451,4º Promotor de Justiça de Piracicaba,Foro de Piracicaba,3ª Vara Criminal,2024/000544,Ação Penal - Procedimento Sumário,Contravenções Penais,2024-05-14,False,2024-06-26,2025-04-14,2025-12-02,,,Restrito,https://esaj.tjsp.jus.br/cpopg/show.do?processo.codigo=CJ000UUTI0000&processo.numero=1503980-46.2024.8.26.0451
1503993-45.2024.8.26.0451,9º Promotor de Justiça de Piracicaba,Foro de Piracicaba,2ª Vara Criminal,2024/000471,Ação Penal - Procedimento Ordinário,Lesão Cometida em Razão da Condição de Mulher,2024-05-14,False,2025-04-11,2025-04-14,,,,Restrito,https://esaj.tjsp.jus.br/cpopg/show.do?processo.codigo=CJ000UUU70000&processo.numero=1503993-45.2024.8.26.0451
1503925-95.2024.8.26.0451,10º Promotor de Justiça de Piracicaba,Foro de Piracicaba,2ª Vara Criminal,2025/000106,Inquérito Policial,Estupro de vulnerável,2025-01-27,False,2025-01-13,2026-05-25,,,,Restrito,https://esaj.tjsp.jus.br/cpopg/show.do?processo.codigo=CJ000UUN50000&processo.numero=1503925-95.2024.8.26.0451
1503942-34.2024.8.26.0451,18º Promotor de Justiça de Piracicaba,Foro de Piracicaba,4ª Vara Criminal,2024/000521,Ação Penal - Procedimento Sumário,Leve,2024-05-13,False,2025-06-04,2025-06-09,,,,Restrito,https://esaj.tjsp.jus.br/cpopg/show.do?processo.codigo=CJ000UUOM0000&processo.numero=1503942-34.2024.8.26.0451
1503948-41.2024.8.26.0451,6º Promotor de Justiça de Piracicaba,Foro de Piracicaba,1ª Vara Criminal,2024/000543,Ação Penal - Procedimento Ordinário,Apropriação indébita,2024-05-13,False,2025-08-27,2025-09-01,,,,Público,https://esaj.tjsp.jus.br/cpopg/show.do?processo.codigo=CJ000UUPW0000&processo.numero=1503948-41.2024.8.26.0451
1503904-22.2024.8.26.0451,6º Promotor de Justiça de Piracicaba,Foro de Piracicaba,1ª Vara Criminal,2024/000531,Ação Penal - Procedimento Ordinário,Crimes de Trânsito,2024-05-10,False,2025-01-30,2025-03-11,,,,Público,https://esaj.tjsp.jus.br/cpopg/show.do?processo.codigo=CJ000UUFQ0000&processo.numero=1503904-22.2024.8.26.0451
1503864-40.2024.8.26.0451,6º Promotor de Justiça de Piracicaba,Foro de Piracicaba,1ª Vara Criminal,2026/000437,Inquérito Policial,Crimes de Trânsito,2026-04-08,False,2026-01-22,2026-04-10,,,,Público,https://esaj.tjsp.jus.br/cpopg/show.do?processo.codigo=CJ000UU7V0000&processo.numero=1503864-40.2024.8.26.0451
1503827-13.2024.8.26.0451,6º Promotor de Justiça de Piracicaba,Foro de Piracicaba,1ª Vara Criminal,2024/000510,Ação Penal - Procedimento Ordinário,Furto Qualificado,2024-05-07,False,2025-04-22,2025-04-23,,,,Público,https://esaj.tjsp.jus.br/cpopg/show.do?processo.codigo=CJ000UTWC0000&processo.numero=1503827-13.2024.8.26.0451
1503830-65.2024.8.26.0451,6º Promotor de Justiça de Piracicaba,Foro de Piracicaba,1ª Vara Criminal,2024/000512,Ação Penal - Procedimento Ordinário,Furto,2024-05-07,False,2025-04-02,2026-05-08,,,,Restrito,https://esaj.tjsp.jus.br/cpopg/show.do?processo.codigo=CJ000UTWN0000&processo.numero=1503830-65.2024.8.26.0451
1503761-33.2024.8.26.0451,6º Promotor de Justiça de Piracicaba,Foro de Piracicaba,1ª Vara Criminal,2024/000500,Ação Penal - Procedimento Ordinário,Furto,2024-05-02,False,2025-09-30,2025-10-01,,,,Público,https://esaj.tjsp.jus.br/cpopg/show.do?processo.codigo=CJ000UTED0000&processo.numero=1503761-33.2024.8.26.0451
1503765-70.2024.8.26.0451,18º Promotor de Justiça de Piracicaba,Foro de Piracicaba,4ª Vara Criminal,2024/000487,Ação Penal - Procedimento Ordinário,Crimes de Trânsito,2024-05-02,False,2025-04-03,2025-10-30,,,,Público,https://esaj.tjsp.jus.br/cpopg/show.do?processo.codigo=CJ000UTET0000&processo.numero=1503765-70.2024.8.26.0451
1500187-93.2024.8.26.0550,6º Promotor de Justiça de Piracicaba,Foro de Piracicaba,1ª Vara Criminal,2026/000071,Ação Penal - Procedimento Ordinário,Adulteração de Sinal Identificador de Veículo Automotor,2026-01-16,False,2024-08-22,2026-01-16,,,,Público,https://esaj.tjsp.jus.br/cpopg/show.do?processo.codigo=FA0000J470000&processo.numero=1500187-93.2024.8.26.0550
1503684-24.2024.8.26.0451,11º Promotor de Justiça de Piracicaba,Foro de Piracicaba,1ª Vara Criminal,2024/000477,Ação Penal - Procedimento Ordinário,Estelionato,2024-04-26,False,,2025-08-29,,,,Público,https://esaj.tjsp.jus.br/cpopg/show.do?processo.codigo=CJ000USSX0000&processo.numero=1503684-24.2024.8.26.0451
1503081-48.2024.8.26.0451,7º Promotor de Justiça de Piracicaba,Foro de Piracicaba,3ª Vara Criminal,2024/000468,Ação Penal - Procedimento Ordinário,Furto Qualificado,2024-04-22,False,2025-05-29,2025-06-02,,,,Público,https://esaj.tjsp.jus.br/cpopg/show.do?processo.codigo=CJ000URTF0000&processo.numero=1503081-48.2024.8.26.0451
1503096-17.2024.8.26.0451,4º Promotor de Justiça de Piracicaba,Foro de Piracicaba,3ª Vara Criminal,2024/000474,Ação Penal - Procedimento Sumário,Lesão Cometida em Razão da Condição de Mulher,2024-04-22,False,2025-04-11,2025-04-17,,,,Restrito,https://esaj.tjsp.jus.br/cpopg/show.do?processo.codigo=CJ000URW00000&processo.numero=1503096-17.2024.8.26.0451
1503008-76.2024.8.26.0451,11º Promotor de Justiça de Piracicaba,Foro de Piracicaba,1ª Vara Criminal,2024/000435,Ação Penal - Procedimento Ordinário,Estelionato,2024-04-17,False,2025-05-26,2025-11-26,,,,Público,https://esaj.tjsp.jus.br/cpopg/show.do?processo.codigo=CJ000UR9I0000&processo.numero=1503008-76.2024.8.26.0451
1502965-42.2024.8.26.0451,13º Promotor de Justiça de Piracicaba,Foro de Piracicaba,Vara do Juizado Especial Cível e Criminal,2024/001159,Ação Penal - Procedimento Sumaríssimo,Fato Atípico,2024-04-15,False,,2025-09-11,,,,Público,https://esaj.tjsp.jus.br/cpopg/show.do?processo.codigo=CJ000UQWI0000&processo.numero=1502965-42.2024.8.26.0451
1502972-34.2024.8.26.0451,18º Promotor de Justiça de Piracicaba,Foro de Piracicaba,4ª Vara Criminal,2024/000417,Ação Penal - Procedimento Ordinário,Contra a Mulher,2024-04-15,False,2025-11-11,2025-11-11,,,,Restrito,https://esaj.tjsp.jus.br/cpopg/show.do?processo.codigo=CJ000UQYG0000&processo.numero=1502972-34.2024.8.26.0451
1500694-04.2024.8.26.0599,12º Promotor de Justiça de Piracicaba,Foro de Piracicaba,1ª Vara Criminal,2024/000437,Ação Penal - Procedimento Ordinário,Crimes contra as Relações de Consumo,2024-04-17,False,2024-04-17,2025-02-14,2025-07-16,,,Público,https://esaj.tjsp.jus.br/cpopg/show.do?processo.codigo=GN0004DGN0000&processo.numero=1500694-04.2024.8.26.0599
1502928-15.2024.8.26.0451,13º Promotor de Justiça de Piracicaba,Foro de Piracicaba,Vara do Juizado Especial Cível e Criminal,2024/001133,Ação Penal - Procedimento Sumaríssimo,Crimes de Trânsito,2024-04-11,False,,2025-04-09,,,,Público,https://esaj.tjsp.jus.br/cpopg/show.do?processo.codigo=CJ000UQN20000&processo.numero=1502928-15.2024.8.26.0451
1502862-35.2024.8.26.0451,11º Promotor de Justiça de Piracicaba,Foro de Piracicaba,1ª Vara Criminal,2024/000404,Inquérito Policial,DIREITO PENAL-Crimes contra a liberdade pessoal-Perseguição,2024-04-09,False,2025-08-28,,,,,Restrito,https://esaj.tjsp.jus.br/cpopg/show.do?processo.codigo=CJ000UQ8Q0000&processo.numero=1502862-35.2024.8.26.0451
1502873-64.2024.8.26.0451,10º Promotor de Justiça de Piracicaba,Foro de Piracicaba,2ª Vara Criminal,2024/000345,Ação Penal - Procedimento Ordinário,Estelionato,2024-04-09,False,2025-02-17,2025-07-24,,,,Público,https://esaj.tjsp.jus.br/cpopg/show.do?processo.codigo=CJ000UQA90000&processo.numero=1502873-64.2024.8.26.0451
1502874-49.2024.8.26.0451,11º Promotor de Justiça de Piracicaba,Foro de Piracicaba,1ª Vara Criminal,2024/000406,Inquérito Policial,Estelionato,2024-04-09,False,2025-04-16,2026-05-22,,,,Público,https://esaj.tjsp.jus.br/cpopg/show.do?processo.codigo=CJ000UQAK0000&processo.numero=1502874-49.2024.8.26.0451
1502877-04.2024.8.26.0451,7º Promotor de Justiça de Piracicaba,Foro de Piracicaba,3ª Vara Criminal,2024/000418,Ação Penal - Procedimento Sumário,"Intolerância e/ou Injúria Racial, de Cor e/ou Etnia",2024-04-09,False,2024-11-29,2025-05-22,,,,Restrito,https://esaj.tjsp.jus.br/cpopg/show.do?processo.codigo=CJ000UQB90000&processo.numero=1502877-04.2024.8.26.0451
1502879-71.2024.8.26.0451,10º Promotor de Justiça de Piracicaba,Foro de Piracicaba,2ª Vara Criminal,2024/000346,Ação Penal - Procedimento Ordinário,Estelionato,2024-04-09,False,2025-04-07,2025-04-28,,,,Público,https://esaj.tjsp.jus.br/cpopg/show.do?processo.codigo=CJ000UQBT0000&processo.numero=1502879-71.2024.8.26.0451
1502880-56.2024.8.26.0451,14º Promotor de Justiça de Piracicaba,Foro de Piracicaba,1ª Vara Criminal,2024/000408,Inquérito Policial,Crimes Previstos no Estatuto do Idoso,2024-04-09,False,2025-05-23,2026-05-28,,,,Restrito,https://esaj.tjsp.jus.br/cpopg/show.do?processo.codigo=CJ000UQBU0000&processo.numero=1502880-56.2024.8.26.0451
1502806-02.2024.8.26.0451,18º Promotor de Justiça de Piracicaba,Foro de Piracicaba,4ª Vara Criminal,2024/000373,Ação Penal - Procedimento Ordinário,Estelionato,2024-04-04,False,2024-11-28,2026-05-05,,,,Público,https://esaj.tjsp.jus.br/cpopg/show.do?processo.codigo=CJ000UPSN0000&processo.numero=1502806-02.2024.8.26.0451
1502785-26.2024.8.26.0451,9º Promotor de Justiça de Piracicaba,Foro de Piracicaba,2ª Vara Criminal,2024/000322,Ação Penal - Procedimento Ordinário,Estelionato,2024-04-02,False,2025-07-18,2025-07-28,,,,Público,https://esaj.tjsp.jus.br/cpopg/show.do?processo.codigo=CJ000UPJG0000&processo.numero=1502785-26.2024.8.26.0451
1502696-03.2024.8.26.0451,9º Promotor de Justiça de Piracicaba,Foro de Piracicaba,2ª Vara Criminal,2024/000303,Ação Penal - Procedimento Ordinário,Estelionato,2024-03-25,False,2025-03-11,2025-06-18,2025-07-04,,,Restrito,https://esaj.tjsp.jus.br/cpopg/show.do?processo.codigo=CJ000UOKT0000&processo.numero=1502696-03.2024.8.26.0451
1502697-85.2024.8.26.0451,6º Promotor de Justiça de Piracicaba,Foro de Piracicaba,1ª Vara Criminal,2024/000360,Ação Penal - Procedimento Ordinário,Furto Qualificado,2024-03-25,False,2025-04-17,2025-04-22,,,,Público,https://esaj.tjsp.jus.br/cpopg/show.do?processo.codigo=CJ000UOL20000&processo.numero=1502697-85.2024.8.26.0451
1502707-32.2024.8.26.0451,7º Promotor de Justiça de Piracicaba,Foro de Piracicaba,3ª Vara Criminal,2024/000378,Ação Penal - Procedimento Ordinário,Furto,2024-03-25,False,2025-08-06,2025-08-18,,,,Público,https://esaj.tjsp.jus.br/cpopg/show.do?processo.codigo=CJ000UONR0000&processo.numero=1502707-32.2024.8.26.0451
1502658-88.2024.8.26.0451,4º Promotor de Justiça de Piracicaba,Foro de Piracicaba,3ª Vara Criminal,2024/000364,Ação Penal - Procedimento Sumário,Ameaça,2024-03-23,False,2025-04-29,2025-04-30,,,,Restrito,https://esaj.tjsp.jus.br/cpopg/show.do?processo.codigo=CJ000UOGF0000&processo.numero=1502658-88.2024.8.26.0451
1502670-05.2024.8.26.0451,18º Promotor de Justiça de Piracicaba,Foro de Piracicaba,4ª Vara Criminal,2024/000337,Ação Penal - Procedimento Ordinário,Leve,2024-03-23,False,2025-03-30,2025-03-31,,,,Restrito,https://esaj.tjsp.jus.br/cpopg/show.do?processo.codigo=CJ000UOGS0000&processo.numero=1502670-05.2024.8.26.0451
1502597-33.2024.8.26.0451,7º Promotor de Justiça de Piracicaba,Foro de Piracicaba,3ª Vara Criminal,2024/000348,Ação Penal - Procedimento Ordinário,Importunação Sexual,2024-03-22,False,2025-02-21,2025-02-26,,,,Restrito,https://esaj.tjsp.jus.br/cpopg/show.do?processo.codigo=CJ000UOA60000&processo.numero=1502597-33.2024.8.26.0451
1502557-51.2024.8.26.0451,10º Promotor de Justiça de Piracicaba,Foro de Piracicaba,2ª Vara Criminal,2024/000279,Ação Penal - Procedimento Ordinário,Furto Qualificado,2024-03-21,False,2024-06-26,2025-04-01,,,,Público,https://esaj.tjsp.jus.br/cpopg/show.do?processo.codigo=CJ000UO2X0000&processo.numero=1502557-51.2024.8.26.0451
1502564-43.2024.8.26.0451,6º Promotor de Justiça de Piracicaba,Foro de Piracicaba,1ª Vara Criminal,2024/000333,Ação Penal - Procedimento Sumário,Estupro de vulnerável,2024-03-21,False,2024-04-18,2025-03-14,2025-04-09,,,Restrito,https://esaj.tjsp.jus.br/cpopg/show.do?processo.codigo=CJ000UO4D0000&processo.numero=1502564-43.2024.8.26.0451
1502519-39.2024.8.26.0451,7º Promotor de Justiça de Piracicaba,Foro de Piracicaba,3ª Vara Criminal,2024/000325,Ação Penal - Procedimento Ordinário,Estupro de vulnerável,2024-03-20,False,2024-11-27,2025-09-22,,,,Restrito,https://esaj.tjsp.jus.br/cpopg/show.do?processo.codigo=CJ000UNVZ0000&processo.numero=1502519-39.2024.8.26.0451
1502538-45.2024.8.26.0451,6º Promotor de Justiça de Piracicaba,Foro de Piracicaba,1ª Vara Criminal,2024/000331,Ação Penal - Procedimento Ordinário,Estelionato,2024-03-20,False,2025-05-06,2025-05-07,,,,Público,https://esaj.tjsp.jus.br/cpopg/show.do?processo.codigo=CJ000UNXQ0000&processo.numero=1502538-45.2024.8.26.0451
1502465-73.2024.8.26.0451,11º Promotor de Justiça de Piracicaba,Foro de Piracicaba,1ª Vara Criminal,2024/000317,Ação Penal - Procedimento Ordinário,Estelionato,2024-03-15,False,2025-07-16,2025-07-29,,,,Restrito,https://esaj.tjsp.jus.br/cpopg/show.do?processo.codigo=CJ000UNJS0000&processo.numero=1502465-73.2024.8.26.0451
1502405-03.2024.8.26.0451,6º Promotor de Justiça de Piracicaba,Foro de Piracicaba,1ª Vara Criminal,2024/000299,Inquérito Policial,Estelionato,2024-03-13,False,2025-02-14,2026-05-18,,,,Público,https://esaj.tjsp.jus.br/cpopg/show.do?processo.codigo=CJ000UN6C0000&processo.numero=1502405-03.2024.8.26.0451
1502379-05.2024.8.26.0451,7º Promotor de Justiça de Piracicaba,Foro de Piracicaba,3ª Vara Criminal,2024/000296,Ação Penal - Procedimento Ordinário,Furto Qualificado,2024-03-12,False,2024-12-11,2025-04-01,2025-05-08,,,Público,https://esaj.tjsp.jus.br/cpopg/show.do?processo.codigo=CJ000UMZW0000&processo.numero=1502379-05.2024.8.26.0451
1502386-94.2024.8.26.0451,6º Promotor de Justiça de Piracicaba,Foro de Piracicaba,1ª Vara Criminal,2024/000291,Ação Penal - Procedimento Ordinário,Receptação,2024-03-12,False,2025-12-02,2025-12-03,,,,Público,https://esaj.tjsp.jus.br/cpopg/show.do?processo.codigo=CJ000UN0M0000&processo.numero=1502386-94.2024.8.26.0451
1502387-79.2024.8.26.0451,7º Promotor de Justiça de Piracicaba,Foro de Piracicaba,3ª Vara Criminal,2024/000297,Ação Penal - Procedimento Ordinário,Apropriação indébita,2024-03-12,False,2025-04-10,2025-04-14,,,,Público,https://esaj.tjsp.jus.br/cpopg/show.do?processo.codigo=CJ000UN0N0000&processo.numero=1502387-79.2024.8.26.0451
1502207-63.2024.8.26.0451,9º Promotor de Justiça de Piracicaba,Foro de Piracicaba,2ª Vara Criminal,2024/000233,Procedimento Especial da Lei Antitóxicos,Tráfico de Drogas e Condutas Afins,2024-03-06,False,2025-08-27,2025-08-28,2025-11-12,,,Público,https://esaj.tjsp.jus.br/cpopg/show.do?processo.codigo=CJ000UME00000&processo.numero=1502207-63.2024.8.26.0451
1501968-59.2024.8.26.0451,18º Promotor de Justiça de Piracicaba,Foro de Piracicaba,4ª Vara Criminal,2024/000219,Ação Penal - Procedimento Ordinário,Estelionato,2024-03-01,False,2025-02-21,2025-02-21,,,,Público,https://esaj.tjsp.jus.br/cpopg/show.do?processo.codigo=CJ000ULO00000&processo.numero=1501968-59.2024.8.26.0451
1501969-44.2024.8.26.0451,10º Promotor de Justiça de Piracicaba,Foro de Piracicaba,2ª Vara Criminal,2024/000207,Ação Penal - Procedimento Ordinário,Estelionato,2024-03-01,False,2024-11-14,2025-09-23,,,,Público,https://esaj.tjsp.jus.br/cpopg/show.do?processo.codigo=CJ000ULO10000&processo.numero=1501969-44.2024.8.26.0451
1501971-14.2024.8.26.0451,7º Promotor de Justiça de Piracicaba,Foro de Piracicaba,3ª Vara Criminal,2024/000257,Ação Penal - Procedimento Ordinário,Apropriação indébita,2024-03-01,False,2024-11-12,2025-04-29,,,,Público,https://esaj.tjsp.jus.br/cpopg/show.do?processo.codigo=CJ000ULO70000&processo.numero=1501971-14.2024.8.26.0451
1501912-26.2024.8.26.0451,7º Promotor de Justiça de Piracicaba,Foro de Piracicaba,3ª Vara Criminal,2024/000245,Ação Penal - Procedimento Ordinário,Estupro de vulnerável,2024-02-29,False,2025-04-29,2026-01-28,,,,Restrito,https://esaj.tjsp.jus.br/cpopg/show.do?processo.codigo=CJ000ULGR0000&processo.numero=1501912-26.2024.8.26.0451
1501948-68.2024.8.26.0451,6º Promotor de Justiça de Piracicaba,Foro de Piracicaba,1ª Vara Criminal,2024/000242,Ação Penal - Procedimento Ordinário,Furto Qualificado,2024-02-29,False,2025-03-05,2025-05-21,,,,Público,https://esaj.tjsp.jus.br/cpopg/show.do?processo.codigo=CJ000ULNE0000&processo.numero=1501948-68.2024.8.26.0451
1501834-32.2024.8.26.0451,6º Promotor de Justiça de Piracicaba,Foro de Piracicaba,1ª Vara Criminal,2024/000222,Ação Penal - Procedimento Sumário,Estupro de vulnerável,2024-02-27,False,2025-05-29,2025-06-02,2025-06-23,2026-03-25,2026-03-27,Restrito,https://esaj.tjsp.jus.br/cpopg/show.do?processo.codigo=CJ000UL5U0000&processo.numero=1501834-32.2024.8.26.0451
1501836-02.2024.8.26.0451,11º Promotor de Justiça de Piracicaba,Foro de Piracicaba,1ª Vara Criminal,2024/000224,Ação Penal - Procedimento Ordinário,Estupro de vulnerável,2024-02-27,False,2024-11-22,2026-03-09,,,,Restrito,https://esaj.tjsp.jus.br/cpopg/show.do?processo.codigo=CJ000UL680000&processo.numero=1501836-02.2024.8.26.0451
1501684-51.2024.8.26.0451,11º Promotor de Justiça de Piracicaba,Foro de Piracicaba,1ª Vara Criminal,2025/000785,Ação Penal - Procedimento Sumaríssimo,Ameaça,2025-06-25,False,,2025-06-18,,,,Público,https://esaj.tjsp.jus.br/cpopg/show.do?processo.codigo=CJ000UKGD0000&processo.numero=1501684-51.2024.8.26.0451
1501375-30.2024.8.26.0451,7º Promotor de Justiça de Piracicaba,Foro de Piracicaba,3ª Vara Criminal,2024/000185,Ação Penal - Procedimento Ordinário,Crimes de Trânsito,2024-02-09,False,2025-05-06,2025-06-17,,,,Restrito,https://esaj.tjsp.jus.br/cpopg/show.do?processo.codigo=CJ000UJKD0000&processo.numero=1501375-30.2024.8.26.0451
1501379-67.2024.8.26.0451,9º Promotor de Justiça de Piracicaba,Foro de Piracicaba,2ª Vara Criminal,2024/000142,Ação Penal - Procedimento Ordinário,Furto,2024-02-09,False,2024-07-24,2025-08-08,2025-08-29,,,Público,https://esaj.tjsp.jus.br/cpopg/show.do?processo.codigo=CJ000UJKX0000&processo.numero=1501379-67.2024.8.26.0451
1501185-67.2024.8.26.0451,11º Promotor de Justiça de Piracicaba,Foro de Piracicaba,1ª Vara Criminal,2024/000148,Ação Penal - Procedimento Ordinário,Fato Atípico,2024-02-06,False,2025-12-09,2025-12-10,,,,Público,https://esaj.tjsp.jus.br/cpopg/show.do?processo.codigo=CJ000UJ0V0000&processo.numero=1501185-67.2024.8.26.0451
1500950-03.2024.8.26.0451,10º Promotor de Justiça de Piracicaba,Foro de Piracicaba,2ª Vara Criminal,2024/000115,Ação Penal - Procedimento Ordinário,"Intolerância e/ou Injúria Racial, de Cor e/ou Etnia",2024-02-05,False,2024-12-06,2025-06-10,,,,Público,https://esaj.tjsp.jus.br/cpopg/show.do?processo.codigo=CJ000UIQR0000&processo.numero=1500950-03.2024.8.26.0451
1500586-31.2024.8.26.0451,18º Promotor de Justiça de Piracicaba,Foro de Piracicaba,4ª Vara Criminal,2024/000105,Ação Penal - Procedimento Ordinário,Estupro de vulnerável,2024-02-02,False,2024-06-11,2025-03-19,2025-07-24,2026-05-28,,Restrito,https://esaj.tjsp.jus.br/cpopg/show.do?processo.codigo=CJ000UIBL0000&processo.numero=1500586-31.2024.8.26.0451
1500195-20.2024.8.26.0599,18º Promotor de Justiça de Piracicaba,Foro de Piracicaba,4ª Vara Criminal,2024/000097,Ação Penal - Procedimento Ordinário,Furto Qualificado,2024-01-31,False,2024-02-05,2026-05-20,,,,Público,https://esaj.tjsp.jus.br/cpopg/show.do?processo.codigo=GN0004CY60000&processo.numero=1500195-20.2024.8.26.0599
1500474-62.2024.8.26.0451,6º Promotor de Justiça de Piracicaba,Foro de Piracicaba,1ª Vara Criminal,2024/000110,Ação Penal - Procedimento Sumário,Ameaça,2024-01-29,False,2025-10-29,2025-10-28,,,,Restrito,https://esaj.tjsp.jus.br/cpopg/show.do?processo.codigo=CJ000UHRK0000&processo.numero=1500474-62.2024.8.26.0451
1500487-61.2024.8.26.0451,6º Promotor de Justiça de Piracicaba,Foro de Piracicaba,1ª Vara Criminal,2024/000112,Ação Penal - Procedimento Ordinário,Veicular cenas de sexo explícito ou pornográfica envolvendo criança ou adolescente (Artigo 241-A),2024-01-29,False,2025-07-11,2025-07-15,,,,Restrito,https://esaj.tjsp.jus.br/cpopg/show.do?processo.codigo=CJ000UHRT0000&processo.numero=1500487-61.2024.8.26.0451
1500415-74.2024.8.26.0451,6º Promotor de Justiça de Piracicaba,Foro de Piracicaba,1ª Vara Criminal,2024/000092,Ação Penal - Procedimento Sumário,Leve,2024-01-24,False,2025-04-28,2025-04-29,,,,Restrito,https://esaj.tjsp.jus.br/cpopg/show.do?processo.codigo=CJ000UH9M0000&processo.numero=1500415-74.2024.8.26.0451
1500426-06.2024.8.26.0451,18º Promotor de Justiça de Piracicaba,Foro de Piracicaba,4ª Vara Criminal,2024/000075,Ação Penal - Procedimento Ordinário,Furto Qualificado,2024-01-24,False,2025-07-17,2025-07-21,,,,Público,https://esaj.tjsp.jus.br/cpopg/show.do?processo.codigo=CJ000UHB90000&processo.numero=1500426-06.2024.8.26.0451
1500384-54.2024.8.26.0451,11º Promotor de Justiça de Piracicaba,Foro de Piracicaba,1ª Vara Criminal,2024/000084,Inquérito Policial,Uso de documento falso,2024-01-22,False,2025-04-23,2025-06-05,,,,Público,https://esaj.tjsp.jus.br/cpopg/show.do?processo.codigo=CJ000UH000000&processo.numero=1500384-54.2024.8.26.0451
1500321-29.2024.8.26.0451,6º Promotor de Justiça de Piracicaba,Foro de Piracicaba,1ª Vara Criminal,2024/000063,Ação Penal - Procedimento Sumário,Leve,2024-01-16,False,2025-07-31,2025-08-01,,2026-04-17,2026-04-28,Restrito,https://esaj.tjsp.jus.br/cpopg/show.do?processo.codigo=CJ000UGEZ0000&processo.numero=1500321-29.2024.8.26.0451
1500003-46.2024.8.26.0451,18º Promotor de Justiça de Piracicaba,Foro de Piracicaba,4ª Vara Criminal,2024/000001,Ação Penal - Procedimento Ordinário,Receptação,2024-01-04,False,2025-05-06,2025-10-31,,,,Público,https://esaj.tjsp.jus.br/cpopg/show.do?processo.codigo=CJ000UFKK0000&processo.numero=1500003-46.2024.8.26.0451
1500007-83.2024.8.26.0451,6º Promotor de Justiça de Piracicaba,Foro de Piracicaba,1ª Vara Criminal,2024/000001,Ação Penal - Procedimento Ordinário,Estelionato,2024-01-04,False,2025-04-08,2025-04-09,,,,Público,https://esaj.tjsp.jus.br/cpopg/show.do?processo.codigo=CJ000UFL20000&processo.numero=1500007-83.2024.8.26.0451
1500012-08.2024.8.26.0451,6º Promotor de Justiça de Piracicaba,Foro de Piracicaba,1ª Vara Criminal,2024/000002,Ação Penal - Procedimento Ordinário,Crimes do Sistema Nacional de Armas,2024-01-04,False,2025-11-07,2025-11-11,,,,Público,https://esaj.tjsp.jus.br/cpopg/show.do?processo.codigo=CJ000UFLE0000&processo.numero=1500012-08.2024.8.26.0451
1502599-78.2023.8.26.0599,9º Promotor de Justiça de Piracicaba,Foro de Piracicaba,2ª Vara Criminal,2024/000011,Ação Penal - Procedimento Ordinário,Furto Qualificado,2024-01-08,False,2024-01-05,2025-09-29,,2024-10-07,2024-10-07,Público,https://esaj.tjsp.jus.br/cpopg/show.do?processo.codigo=GN0004CQE0000&processo.numero=1502599-78.2023.8.26.0599
1512768-83.2023.8.26.0451,10º Promotor de Justiça de Piracicaba,Foro de Piracicaba,2ª Vara Criminal,2023/001345,Ação Penal - Procedimento Ordinário,Estupro de vulnerável,2023-12-28,False,2024-10-16,2026-04-07,,,,Restrito,https://esaj.tjsp.jus.br/cpopg/show.do?processo.codigo=CJ000UF9U0000&processo.numero=1512768-83.2023.8.26.0451
1512778-30.2023.8.26.0451,7º Promotor de Justiça de Piracicaba,Foro de Piracicaba,3ª Vara Criminal,2023/001526,Ação Penal - Procedimento Sumário,Lesão Cometida em Razão da Condição de Mulher,2023-12-28,False,2025-04-29,2025-04-29,,,,Restrito,https://esaj.tjsp.jus.br/cpopg/show.do?processo.codigo=CJ000UFC50000&processo.numero=1512778-30.2023.8.26.0451
1512783-52.2023.8.26.0451,10º Promotor de Justiça de Piracicaba,Foro de Piracicaba,2ª Vara Criminal,2023/001346,Ação Penal - Procedimento Ordinário,Estupro de vulnerável,2023-12-28,False,2024-07-11,2025-08-21,,,,Restrito,https://esaj.tjsp.jus.br/cpopg/show.do?processo.codigo=CJ000UFCU0000&processo.numero=1512783-52.2023.8.26.0451
1512693-44.2023.8.26.0451,18º Promotor de Justiça de Piracicaba,Foro de Piracicaba,4ª Vara Criminal,2023/001477,Ação Penal - Procedimento Ordinário,Furto Qualificado,2023-12-27,False,2025-07-20,2026-05-21,,,,Restrito,https://esaj.tjsp.jus.br/cpopg/show.do?processo.codigo=CJ000UF8F0000&processo.numero=1512693-44.2023.8.26.0451
1502471-58.2023.8.26.0599,11º Promotor de Justiça de Piracicaba,Foro de Piracicaba,1ª Vara Criminal,2024/000007,Ação Penal - Procedimento Ordinário,Estelionato,2024-01-07,False,2023-12-28,2025-11-19,,,,Público,https://esaj.tjsp.jus.br/cpopg/show.do?processo.codigo=GN0004CLX0000&processo.numero=1502471-58.2023.8.26.0599
1519050-81.2023.8.26.0114,6º Promotor de Justiça de Piracicaba,Foro de Piracicaba,1ª Vara Criminal,2025/001451,Ação Penal - Procedimento Ordinário,Crimes Previstos no Estatuto da criança e do adolescente,2025-11-17,False,2025-11-11,2026-01-26,,,,Restrito,https://esaj.tjsp.jus.br/cpopg/show.do?processo.codigo=360013TR60000&processo.numero=1519050-81.2023.8.26.0114
1512466-54.2023.8.26.0451,11º Promotor de Justiça de Piracicaba,Foro de Piracicaba,1ª Vara Criminal,2023/001346,Ação Penal - Procedimento Ordinário,Estelionato,2023-12-20,False,2026-01-06,2026-03-27,,,,Público,https://esaj.tjsp.jus.br/cpopg/show.do?processo.codigo=CJ000UEVI0000&processo.numero=1512466-54.2023.8.26.0451
1512344-41.2023.8.26.0451,18º Promotor de Justiça de Piracicaba,Foro de Piracicaba,4ª Vara Criminal,2023/001463,Ação Penal - Procedimento Ordinário,Estupro,2023-12-18,False,2025-09-25,2025-10-23,,,,Restrito,https://esaj.tjsp.jus.br/cpopg/show.do?processo.codigo=CJ000UEHL0000&processo.numero=1512344-41.2023.8.26.0451
1512309-81.2023.8.26.0451,10º Promotor de Justiça de Piracicaba,Foro de Piracicaba,2ª Vara Criminal,2023/001329,Ação Penal - Procedimento Ordinário,Furto,2023-12-15,False,2025-03-06,2025-09-29,,,,Público,https://esaj.tjsp.jus.br/cpopg/show.do?processo.codigo=CJ000UECI0000&processo.numero=1512309-81.2023.8.26.0451
1512247-41.2023.8.26.0451,18º Promotor de Justiça de Piracicaba,Foro de Piracicaba,4ª Vara Criminal,2023/001447,Ação Penal - Procedimento Ordinário,Furto Qualificado,2023-12-13,False,2023-12-14,2025-09-16,,,,Público,https://esaj.tjsp.jus.br/cpopg/show.do?processo.codigo=CJ000UE0K0000&processo.numero=1512247-41.2023.8.26.0451
1512078-54.2023.8.26.0451,10º Promotor de Justiça de Piracicaba,Foro de Piracicaba,2ª Vara Criminal,2023/001305,Ação Penal - Procedimento Ordinário,Estupro de vulnerável,2023-12-07,False,2024-08-19,2025-09-30,,,,Restrito,https://esaj.tjsp.jus.br/cpopg/show.do?processo.codigo=CJ000UDGM0000&processo.numero=1512078-54.2023.8.26.0451
1512082-91.2023.8.26.0451,7º Promotor de Justiça de Piracicaba,Foro de Piracicaba,3ª Vara Criminal,2023/001476,Ação Penal - Procedimento Sumário,Lesão Cometida em Razão da Condição de Mulher,2023-12-07,False,2025-11-10,2025-11-12,,,,Restrito,https://esaj.tjsp.jus.br/cpopg/show.do?processo.codigo=CJ000UDH20000&processo.numero=1512082-91.2023.8.26.0451
1512087-16.2023.8.26.0451,6º Promotor de Justiça de Piracicaba,Foro de Piracicaba,1ª Vara Criminal,2023/001312,Ação Penal - Procedimento Ordinário,Estelionato,2023-12-07,False,2024-10-25,2025-06-02,,,,Restrito,https://esaj.tjsp.jus.br/cpopg/show.do?processo.codigo=CJ000UDHN0000&processo.numero=1512087-16.2023.8.26.0451
1512056-93.2023.8.26.0451,7º Promotor de Justiça de Piracicaba,Foro de Piracicaba,3ª Vara Criminal,2023/001465,Ação Penal - Procedimento Ordinário,Furto,2023-12-06,False,2024-04-25,2025-02-21,,,,Público,https://esaj.tjsp.jus.br/cpopg/show.do?processo.codigo=CJ000UDB40000&processo.numero=1512056-93.2023.8.26.0451
1502333-91.2023.8.26.0599,11º Promotor de Justiça de Piracicaba,Foro de Piracicaba,1ª Vara Criminal,2023/001297,Ação Penal - Procedimento Ordinário,Furto Qualificado,2023-12-04,False,2023-12-15,2025-09-05,,,,Público,https://esaj.tjsp.jus.br/cpopg/show.do?processo.codigo=GN0004CFB0000&processo.numero=1502333-91.2023.8.26.0599
1511955-56.2023.8.26.0451,10º Promotor de Justiça de Piracicaba,Foro de Piracicaba,2ª Vara Criminal,2023/001277,Ação Penal - Procedimento Ordinário,Estupro de vulnerável,2023-11-30,False,2025-07-28,2026-03-06,,,,Restrito,https://esaj.tjsp.jus.br/cpopg/show.do?processo.codigo=CJ000UCO60000&processo.numero=1511955-56.2023.8.26.0451
1511956-41.2023.8.26.0451,11º Promotor de Justiça de Piracicaba,Foro de Piracicaba,1ª Vara Criminal,2023/001284,Ação Penal - Procedimento Ordinário,Importunação Sexual,2023-11-30,False,2025-04-28,2025-04-29,2025-06-09,,,Restrito,https://esaj.tjsp.jus.br/cpopg/show.do?processo.codigo=CJ000UCOC0000&processo.numero=1511956-41.2023.8.26.0451
1511962-48.2023.8.26.0451,11º Promotor de Justiça de Piracicaba,Foro de Piracicaba,1ª Vara Criminal,2023/001287,Ação Penal - Procedimento Sumário,Leve,2023-11-30,False,2025-07-28,2025-07-28,,,,Restrito,https://esaj.tjsp.jus.br/cpopg/show.do?processo.codigo=CJ000UCOQ0000&processo.numero=1511962-48.2023.8.26.0451
1511146-66.2023.8.26.0451,13º Promotor de Justiça de Piracicaba,Foro de Piracicaba,Vara do Juizado Especial Cível e Criminal,2023/004296,Ação Penal - Procedimento Sumaríssimo,Contravenções Penais,2023-11-23,False,,2025-05-16,,,,Público,https://esaj.tjsp.jus.br/cpopg/show.do?processo.codigo=CJ000UBEX0000&processo.numero=1511146-66.2023.8.26.0451
1511147-51.2023.8.26.0451,13º Promotor de Justiça de Piracicaba,Foro de Piracicaba,Vara do Juizado Especial Cível e Criminal,2023/004298,Ação Penal - Procedimento Sumaríssimo,Contravenções Penais,2023-11-23,False,2025-10-29,2025-11-06,,2026-01-30,2026-02-09,Público,https://esaj.tjsp.jus.br/cpopg/show.do?processo.codigo=CJ000UBEY0000&processo.numero=1511147-51.2023.8.26.0451
1511010-69.2023.8.26.0451,4º Promotor de Justiça de Piracicaba,Foro de Piracicaba,3ª Vara Criminal,2023/001391,Ação Penal - Procedimento Ordinário,Furto Qualificado,2023-11-14,False,2025-02-25,2025-05-19,,,,Público,https://esaj.tjsp.jus.br/cpopg/show.do?processo.codigo=CJ000UAMR0000&processo.numero=1511010-69.2023.8.26.0451
1510496-19.2023.8.26.0451,6º Promotor de Justiça de Piracicaba,Foro de Piracicaba,1ª Vara Criminal,2023/001181,Ação Penal - Procedimento Ordinário,Adulteração de Sinal Identificador de Veículo Automotor,2023-10-27,False,2025-04-29,2025-06-04,,,,Público,https://esaj.tjsp.jus.br/cpopg/show.do?processo.codigo=CJ000U8UQ0000&processo.numero=1510496-19.2023.8.26.0451
1510442-53.2023.8.26.0451,10º Promotor de Justiça de Piracicaba,Foro de Piracicaba,2ª Vara Criminal,2023/001157,Ação Penal - Procedimento Ordinário,Estupro de vulnerável,2023-10-25,False,2024-07-23,2026-04-08,,,,Restrito,https://esaj.tjsp.jus.br/cpopg/show.do?processo.codigo=CJ000U8G70000&processo.numero=1510442-53.2023.8.26.0451
1510404-41.2023.8.26.0451,18º Promotor de Justiça de Piracicaba,Foro de Piracicaba,4ª Vara Criminal,2023/001283,Ação Penal - Procedimento Sumário,Crimes de Trânsito,2023-10-23,False,2024-03-11,2025-09-15,,,,Público,https://esaj.tjsp.jus.br/cpopg/show.do?processo.codigo=CJ000U88S0000&processo.numero=1510404-41.2023.8.26.0451
1510377-58.2023.8.26.0451,13º Promotor de Justiça de Piracicaba,Foro de Piracicaba,Vara do Juizado Especial Cível e Criminal,2023/003812,Termo Circunstanciado,Crimes de Trânsito,2023-10-20,False,,2025-04-30,,,,Público,https://esaj.tjsp.jus.br/cpopg/show.do?processo.codigo=CJ000U82X0000&processo.numero=1510377-58.2023.8.26.0451
1510319-55.2023.8.26.0451,7º Promotor de Justiça de Piracicaba,Foro de Piracicaba,3ª Vara Criminal,2023/001279,Ação Penal - Procedimento Ordinário,Estelionato,2023-10-18,False,2025-07-23,2025-10-24,,,,Público,https://esaj.tjsp.jus.br/cpopg/show.do?processo.codigo=CJ000U7UN0000&processo.numero=1510319-55.2023.8.26.0451
1502045-46.2023.8.26.0599,10º Promotor de Justiça de Piracicaba,Foro de Piracicaba,2ª Vara Criminal,2023/001126,Ação Penal - Procedimento Sumário,Ameaça,2023-10-17,False,2023-10-19,2026-02-23,,,,Restrito,https://esaj.tjsp.jus.br/cpopg/show.do?processo.codigo=GN0004C4D0000&processo.numero=1502045-46.2023.8.26.0599
1510294-42.2023.8.26.0451,13º Promotor de Justiça de Piracicaba,Foro de Piracicaba,Vara do Juizado Especial Cível e Criminal,2023/003719,Ação Penal - Procedimento Sumaríssimo,Posse de Drogas para Consumo Pessoal,2023-10-16,False,2025-05-13,2025-07-11,,,,Público,https://esaj.tjsp.jus.br/cpopg/show.do?processo.codigo=CJ000U7KX0000&processo.numero=1510294-42.2023.8.26.0451
1510281-43.2023.8.26.0451,13º Promotor de Justiça de Piracicaba,Foro de Piracicaba,Vara do Juizado Especial Cível e Criminal,2024/003185,Ação Penal - Procedimento Sumaríssimo,Posse de Drogas para Consumo Pessoal,2024-09-16,False,2024-08-16,2025-04-10,,2026-01-24,2026-01-26,Público,https://esaj.tjsp.jus.br/cpopg/show.do?processo.codigo=CJ000U7CI0000&processo.numero=1510281-43.2023.8.26.0451
1509961-90.2023.8.26.0451,18º Promotor de Justiça de Piracicaba,Foro de Piracicaba,4ª Vara Criminal,2023/001223,Ação Penal - Procedimento Ordinário,Furto,2023-10-04,False,2025-08-18,2025-08-28,,,,Público,https://esaj.tjsp.jus.br/cpopg/show.do?processo.codigo=CJ000U6H10000&processo.numero=1509961-90.2023.8.26.0451
1509778-22.2023.8.26.0451,7º Promotor de Justiça de Piracicaba,Foro de Piracicaba,3ª Vara Criminal,2023/001199,Ação Penal - Procedimento Ordinário,Ameaça,2023-09-28,False,2025-03-27,2025-12-15,,,,Restrito,https://esaj.tjsp.jus.br/cpopg/show.do?processo.codigo=CJ000U5T00000&processo.numero=1509778-22.2023.8.26.0451
1509743-62.2023.8.26.0451,4º Promotor de Justiça de Piracicaba,Foro de Piracicaba,3ª Vara Criminal,2023/001182,Ação Penal - Procedimento Sumário,Crime de Descumprimento de Medida Protetiva  de Urgência,2023-09-27,False,2025-02-24,2025-02-25,,,,Restrito,https://esaj.tjsp.jus.br/cpopg/show.do?processo.codigo=CJ000U5MA0000&processo.numero=1509743-62.2023.8.26.0451
1509770-45.2023.8.26.0451,11º Promotor de Justiça de Piracicaba,Foro de Piracicaba,1ª Vara Criminal,2023/001086,Ação Penal - Procedimento Ordinário,Tráfico de Drogas e Condutas Afins,2023-09-27,False,2025-03-27,2025-03-28,2025-04-30,,,Público,https://esaj.tjsp.jus.br/cpopg/show.do?processo.codigo=CJ000U5R50000&processo.numero=1509770-45.2023.8.26.0451
1509576-45.2023.8.26.0451,11º Promotor de Justiça de Piracicaba,Foro de Piracicaba,1ª Vara Criminal,2023/001068,Ação Penal - Procedimento Sumário,Leve,2023-09-21,False,2025-04-25,2025-04-28,,,,Restrito,https://esaj.tjsp.jus.br/cpopg/show.do?processo.codigo=CJ000U4YF0000&processo.numero=1509576-45.2023.8.26.0451
1509586-89.2023.8.26.0451,6º Promotor de Justiça de Piracicaba,Foro de Piracicaba,1ª Vara Criminal,2023/001071,Ação Penal - Procedimento Ordinário,Receptação,2023-09-21,False,2025-11-26,2026-01-09,,,,Público,https://esaj.tjsp.jus.br/cpopg/show.do?processo.codigo=CJ000U4ZA0000&processo.numero=1509586-89.2023.8.26.0451
1509528-86.2023.8.26.0451,6º Promotor de Justiça de Piracicaba,Foro de Piracicaba,1ª Vara Criminal,2023/001061,Ação Penal - Procedimento Ordinário,Receptação,2023-09-20,False,2025-08-06,2025-08-07,,,,Público,https://esaj.tjsp.jus.br/cpopg/show.do?processo.codigo=CJ000U4QZ0000&processo.numero=1509528-86.2023.8.26.0451
1509532-26.2023.8.26.0451,6º Promotor de Justiça de Piracicaba,Foro de Piracicaba,1ª Vara Criminal,2023/001063,Ação Penal - Procedimento Ordinário,Roubo,2023-09-20,False,2025-07-14,2025-07-15,,,,Público,https://esaj.tjsp.jus.br/cpopg/show.do?processo.codigo=CJ000U4RR0000&processo.numero=1509532-26.2023.8.26.0451
1501814-19.2023.8.26.0599,9º Promotor de Justiça de Piracicaba,Foro de Piracicaba,2ª Vara Criminal,2023/001004,Ação Penal - Procedimento Ordinário,Furto Qualificado,2023-09-11,False,2023-09-14,2025-08-08,,,,Público,https://esaj.tjsp.jus.br/cpopg/show.do?processo.codigo=GN0004BVT0000&processo.numero=1501814-19.2023.8.26.0599
1509051-63.2023.8.26.0451,10º Promotor de Justiça de Piracicaba,Foro de Piracicaba,2ª Vara Criminal,2023/000995,Ação Penal - Procedimento Ordinário,Falsificação do selo ou sinal público,2023-09-06,False,2024-06-28,2025-07-22,2025-08-08,,,Público,https://esaj.tjsp.jus.br/cpopg/show.do?processo.codigo=CJ000U3540000&processo.numero=1509051-63.2023.8.26.0451
1508796-08.2023.8.26.0451,4º Promotor de Justiça de Piracicaba,Foro de Piracicaba,3ª Vara Criminal,2025/001231,Ação Penal - Procedimento Ordinário,Estelionato,2025-09-05,False,2025-08-27,2025-09-16,,,,Público,https://esaj.tjsp.jus.br/cpopg/show.do?processo.codigo=CJ000U1YP0000&processo.numero=1508796-08.2023.8.26.0451
1508804-82.2023.8.26.0451,7º Promotor de Justiça de Piracicaba,Foro de Piracicaba,3ª Vara Criminal,2023/001059,Ação Penal - Procedimento Ordinário,Estelionato,2023-08-28,False,2025-08-28,2025-09-02,,,,Público,https://esaj.tjsp.jus.br/cpopg/show.do?processo.codigo=CJ000U1ZM0000&processo.numero=1508804-82.2023.8.26.0451
1508686-09.2023.8.26.0451,9º Promotor de Justiça de Piracicaba,Foro de Piracicaba,2ª Vara Criminal,2023/000943,Ação Penal - Procedimento Ordinário,Furto Qualificado,2023-08-24,False,2025-10-29,2026-04-06,,,,Público,https://esaj.tjsp.jus.br/cpopg/show.do?processo.codigo=CJ000U1KV0000&processo.numero=1508686-09.2023.8.26.0451
1508612-52.2023.8.26.0451,11º Promotor de Justiça de Piracicaba,Foro de Piracicaba,1ª Vara Criminal,2023/000938,Ação Penal - Procedimento Ordinário,Importunação Sexual,2023-08-22,False,2024-05-21,2025-05-13,,,,Restrito,https://esaj.tjsp.jus.br/cpopg/show.do?processo.codigo=CJ000U19O0000&processo.numero=1508612-52.2023.8.26.0451
1508640-20.2023.8.26.0451,11º Promotor de Justiça de Piracicaba,Foro de Piracicaba,1ª Vara Criminal,2023/000946,Ação Penal - Procedimento Ordinário,Estupro de vulnerável,2023-08-22,False,2025-03-27,2025-03-29,,,,Restrito,https://esaj.tjsp.jus.br/cpopg/show.do?processo.codigo=CJ000U1CJ0000&processo.numero=1508640-20.2023.8.26.0451
1508480-92.2023.8.26.0451,9º Promotor de Justiça de Piracicaba,Foro de Piracicaba,2ª Vara Criminal,2023/000992,Ação Penal - Procedimento Ordinário,Contra a Mulher,2023-09-05,False,,2026-03-24,,,,Restrito,https://esaj.tjsp.jus.br/cpopg/show.do?processo.codigo=CJ000U0IH0000&processo.numero=1508480-92.2023.8.26.0451
1508486-02.2023.8.26.0451,4º Promotor de Justiça de Piracicaba,Foro de Piracicaba,3ª Vara Criminal,2023/000993,Ação Penal - Procedimento Sumário,Lesão Cometida em Razão da Condição de Mulher,2023-08-15,False,2025-03-27,2025-04-08,,,,Restrito,https://esaj.tjsp.jus.br/cpopg/show.do?processo.codigo=CJ000U0IR0000&processo.numero=1508486-02.2023.8.26.0451
1508292-02.2023.8.26.0451,18º Promotor de Justiça de Piracicaba,Foro de Piracicaba,4ª Vara Criminal,2023/001021,Ação Penal - Procedimento Ordinário,Apropriação indébita,2023-08-11,False,2025-04-25,2025-11-28,,,,Público,https://esaj.tjsp.jus.br/cpopg/show.do?processo.codigo=CJ000U06K0000&processo.numero=1508292-02.2023.8.26.0451
1501630-63.2023.8.26.0599,4º Promotor de Justiça de Piracicaba,Foro de Piracicaba,3ª Vara Criminal,2023/000984,Ação Penal - Procedimento Ordinário,Falsificação de documento público,2023-08-11,False,2023-08-21,2025-02-25,,,,Público,https://esaj.tjsp.jus.br/cpopg/show.do?processo.codigo=GN0004BO90000&processo.numero=1501630-63.2023.8.26.0599
1507479-72.2023.8.26.0451,18º Promotor de Justiça de Piracicaba,Foro de Piracicaba,4ª Vara Criminal,2023/001013,Ação Penal - Procedimento Ordinário,Uso de documento falso,2023-08-08,False,2025-03-28,2025-10-14,,,,Público,https://esaj.tjsp.jus.br/cpopg/show.do?processo.codigo=CJ000TZ6W0000&processo.numero=1507479-72.2023.8.26.0451
1501572-60.2023.8.26.0599,7º Promotor de Justiça de Piracicaba,Foro de Piracicaba,3ª Vara Criminal,2023/000955,Ação Penal - Procedimento Ordinário,Uso de documento falso,2023-08-03,False,2023-08-30,2026-04-14,,,,Público,https://esaj.tjsp.jus.br/cpopg/show.do?processo.codigo=GN0004BM30000&processo.numero=1501572-60.2023.8.26.0599
1501569-08.2023.8.26.0599,6º Promotor de Justiça de Piracicaba,Foro de Piracicaba,1ª Vara Criminal,2023/000870,Ação Penal - Procedimento Ordinário,Adulteração de Sinal Identificador de Veículo Automotor,2023-08-03,False,2023-08-14,2025-02-24,,,,Público,https://esaj.tjsp.jus.br/cpopg/show.do?processo.codigo=GN0004BM00000&processo.numero=1501569-08.2023.8.26.0599
1507218-10.2023.8.26.0451,4º Promotor de Justiça de Piracicaba,Foro de Piracicaba,3ª Vara Criminal,2023/000943,Ação Penal - Procedimento Ordinário,Estupro de vulnerável,2023-07-31,False,2023-12-25,2025-02-21,2025-06-16,,,Restrito,https://esaj.tjsp.jus.br/cpopg/show.do?processo.codigo=CJ000TYDW0000&processo.numero=1507218-10.2023.8.26.0451
1506832-77.2023.8.26.0451,11º Promotor de Justiça de Piracicaba,Foro de Piracicaba,1ª Vara Criminal,2023/000825,Ação Penal - Procedimento Ordinário,Receptação,2023-07-23,False,2025-07-20,2025-08-28,,,,Público,https://esaj.tjsp.jus.br/cpopg/show.do?processo.codigo=CJ000TXFZ0000&processo.numero=1506832-77.2023.8.26.0451
1506841-39.2023.8.26.0451,6º Promotor de Justiça de Piracicaba,Foro de Piracicaba,1ª Vara Criminal,2023/000831,Ação Penal - Procedimento Ordinário,Crimes de Trânsito,2023-07-23,False,2025-07-20,2025-07-21,,,,Público,https://esaj.tjsp.jus.br/cpopg/show.do?processo.codigo=CJ000TXGA0000&processo.numero=1506841-39.2023.8.26.0451
1506803-27.2023.8.26.0451,10º Promotor de Justiça de Piracicaba,Foro de Piracicaba,2ª Vara Criminal,2023/000819,Ação Penal - Procedimento Ordinário,Importunação Sexual,2023-07-21,False,2025-11-03,2025-11-03,,,,Restrito,https://esaj.tjsp.jus.br/cpopg/show.do?processo.codigo=CJ000TXCJ0000&processo.numero=1506803-27.2023.8.26.0451
1506829-25.2023.8.26.0451,11º Promotor de Justiça de Piracicaba,Foro de Piracicaba,1ª Vara Criminal,2023/000914,Ação Penal - Procedimento Sumário,Leve,2023-08-17,False,2025-04-29,2025-04-30,,,,Restrito,https://esaj.tjsp.jus.br/cpopg/show.do?processo.codigo=CJ000TXEF0000&processo.numero=1506829-25.2023.8.26.0451
1506722-78.2023.8.26.0451,9º Promotor de Justiça de Piracicaba,Foro de Piracicaba,2ª Vara Criminal,2023/000803,Ação Penal - Procedimento Ordinário,Receptação,2023-07-14,False,2024-11-04,2025-11-12,,,,Público,https://esaj.tjsp.jus.br/cpopg/show.do?processo.codigo=CJ000TWNO0000&processo.numero=1506722-78.2023.8.26.0451
1506495-88.2023.8.26.0451,4º Promotor de Justiça de Piracicaba,Foro de Piracicaba,3ª Vara Criminal,2023/000843,Inquérito Policial,Crimes de Trânsito,2023-07-07,False,2025-08-14,2025-08-27,,,,Público,https://esaj.tjsp.jus.br/cpopg/show.do?processo.codigo=CJ000TW0P0000&processo.numero=1506495-88.2023.8.26.0451
1506498-43.2023.8.26.0451,4º Promotor de Justiça de Piracicaba,Foro de Piracicaba,3ª Vara Criminal,2023/000844,Ação Penal - Procedimento Ordinário,Furto Qualificado,2023-07-07,False,2025-05-13,2025-09-01,2025-10-10,,,Público,https://esaj.tjsp.jus.br/cpopg/show.do?processo.codigo=CJ000TW0X0000&processo.numero=1506498-43.2023.8.26.0451
1506313-05.2023.8.26.0451,7º Promotor de Justiça de Piracicaba,Foro de Piracicaba,3ª Vara Criminal,2023/000815,Ação Penal - Procedimento Ordinário,Grave,2023-06-30,False,2025-02-04,2025-05-22,,,,Restrito,https://esaj.tjsp.jus.br/cpopg/show.do?processo.codigo=CJ000TV7D0000&processo.numero=1506313-05.2023.8.26.0451
1506333-93.2023.8.26.0451,10º Promotor de Justiça de Piracicaba,Foro de Piracicaba,2ª Vara Criminal,2023/000756,Ação Penal - Procedimento Ordinário,Estelionato,2023-06-30,False,2024-03-21,2025-09-23,,,,Público,https://esaj.tjsp.jus.br/cpopg/show.do?processo.codigo=CJ000TVA10000&processo.numero=1506333-93.2023.8.26.0451
1505965-84.2023.8.26.0451,6º Promotor de Justiça de Piracicaba,Foro de Piracicaba,1ª Vara Criminal,2023/000702,Ação Penal - Procedimento Ordinário,Injúria,2023-06-22,False,2025-11-07,2025-11-11,,,,Público,https://esaj.tjsp.jus.br/cpopg/show.do?processo.codigo=CJ000TU7G0000&processo.numero=1505965-84.2023.8.26.0451
1505850-63.2023.8.26.0451,7º Promotor de Justiça de Piracicaba,Foro de Piracicaba,3ª Vara Criminal,2023/000745,Ação Penal - Procedimento Ordinário,Furto,2023-06-20,False,2025-03-21,2025-04-04,,,,Público,https://esaj.tjsp.jus.br/cpopg/show.do?processo.codigo=CJ000TTP80000&processo.numero=1505850-63.2023.8.26.0451
1505378-62.2023.8.26.0451,4º Promotor de Justiça de Piracicaba,Foro de Piracicaba,3ª Vara Criminal,2023/000732,Ação Penal - Procedimento Ordinário,Uso de documento falso,2023-06-19,False,,2025-11-13,,,,Público,https://esaj.tjsp.jus.br/cpopg/show.do?processo.codigo=CJ000TRSY0000&processo.numero=1505378-62.2023.8.26.0451
1504557-58.2023.8.26.0451,6º Promotor de Justiça de Piracicaba,Foro de Piracicaba,1ª Vara Criminal,2023/000573,Ação Penal - Procedimento Ordinário,Estelionato,2023-05-16,False,2024-05-09,2025-06-17,,,,Restrito,https://esaj.tjsp.jus.br/cpopg/show.do?processo.codigo=CJ000TPT90000&processo.numero=1504557-58.2023.8.26.0451
1504568-87.2023.8.26.0451,11º Promotor de Justiça de Piracicaba,Foro de Piracicaba,1ª Vara Criminal,2023/000575,Ação Penal - Procedimento Ordinário,Receptação,2023-05-16,False,2025-02-27,2025-02-28,,2026-04-24,2026-04-28,Público,https://esaj.tjsp.jus.br/cpopg/show.do?processo.codigo=CJ000TPVL0000&processo.numero=1504568-87.2023.8.26.0451
1504486-56.2023.8.26.0451,18º Promotor de Justiça de Piracicaba,Foro de Piracicaba,4ª Vara Criminal,2023/000673,Ação Penal - Procedimento Sumário,Crimes de Trânsito,2023-05-12,False,2023-11-24,2026-03-26,,,,Público,https://esaj.tjsp.jus.br/cpopg/show.do?processo.codigo=CJ000TPK10000&processo.numero=1504486-56.2023.8.26.0451
1504459-73.2023.8.26.0451,10º Promotor de Justiça de Piracicaba,Foro de Piracicaba,2ª Vara Criminal,2023/000569,Ação Penal - Procedimento Ordinário,Receptação,2023-05-11,False,2025-10-09,2025-10-14,,,,Público,https://esaj.tjsp.jus.br/cpopg/show.do?processo.codigo=CJ000TPF60000&processo.numero=1504459-73.2023.8.26.0451
1503779-88.2023.8.26.0451,9º Promotor de Justiça de Piracicaba,Foro de Piracicaba,2ª Vara Criminal,2023/000512,Ação Penal - Procedimento Ordinário,Maus Tratos,2023-04-27,False,2026-04-12,2026-04-29,,,,Restrito,https://esaj.tjsp.jus.br/cpopg/show.do?processo.codigo=CJ000TNOD0000&processo.numero=1503779-88.2023.8.26.0451
1503663-82.2023.8.26.0451,6º Promotor de Justiça de Piracicaba,Foro de Piracicaba,1ª Vara Criminal,2023/000470,Ação Penal - Procedimento Ordinário,"Sonegar ou inutilizar documento, acarretando pagamento indevido de tributo ou contribuição (Art. 3º, inciso I, 2ª parte, Lei 8137/90)",2023-04-24,False,2023-11-21,2025-04-16,,,,Público,https://esaj.tjsp.jus.br/cpopg/show.do?processo.codigo=CJ000TN7X0000&processo.numero=1503663-82.2023.8.26.0451
1503643-91.2023.8.26.0451,18º Promotor de Justiça de Piracicaba,Foro de Piracicaba,4ª Vara Criminal,2023/000565,Ação Penal - Procedimento Ordinário,Estelionato,2023-04-21,False,2025-05-13,2025-05-16,,,,Público,https://esaj.tjsp.jus.br/cpopg/show.do?processo.codigo=CJ000TN570000&processo.numero=1503643-91.2023.8.26.0451
1503526-03.2023.8.26.0451,4º Promotor de Justiça de Piracicaba,Foro de Piracicaba,3ª Vara Criminal,2023/000472,Ação Penal - Procedimento Ordinário,Estelionato,2023-04-14,False,2025-04-04,2025-08-21,,,,Público,https://esaj.tjsp.jus.br/cpopg/show.do?processo.codigo=CJ000TMFE0000&processo.numero=1503526-03.2023.8.26.0451
1503494-95.2023.8.26.0451,11º Promotor de Justiça de Piracicaba,Foro de Piracicaba,1ª Vara Criminal,2023/000438,Ação Penal - Procedimento Ordinário,Receptação,2023-04-13,False,2025-03-27,2025-03-27,,,,Público,https://esaj.tjsp.jus.br/cpopg/show.do?processo.codigo=CJ000TMCO0000&processo.numero=1503494-95.2023.8.26.0451
1503071-38.2023.8.26.0451,7º Promotor de Justiça de Piracicaba,Foro de Piracicaba,3ª Vara Criminal,2023/000426,Ação Penal - Procedimento Ordinário,Furto Qualificado,2023-04-05,False,2024-11-07,2025-02-12,,,,Público,https://esaj.tjsp.jus.br/cpopg/show.do?processo.codigo=CJ000TLEV0000&processo.numero=1503071-38.2023.8.26.0451
1502953-62.2023.8.26.0451,6º Promotor de Justiça de Piracicaba,Foro de Piracicaba,1ª Vara Criminal,2023/000382,Ação Penal - Procedimento Ordinário,Furto Qualificado,2023-03-29,False,2025-08-14,2025-08-18,,,,Público,https://esaj.tjsp.jus.br/cpopg/show.do?processo.codigo=CJ000TKMF0000&processo.numero=1502953-62.2023.8.26.0451
1503214-52.2022.8.26.0066,10º Promotor de Justiça de Piracicaba,Foro de Piracicaba,2ª Vara Criminal,2023/000889,Inquérito Policial,Estelionato,2023-08-12,False,2025-08-20,2026-05-13,,,,Público,https://esaj.tjsp.jus.br/cpopg/show.do?processo.codigo=1U0009GQ10000&processo.numero=1503214-52.2022.8.26.0066
1586310-73.2022.8.26.0224,18º Promotor de Justiça de Piracicaba,Foro de Piracicaba,4ª Vara Criminal,2023/000421,Ação Penal - Procedimento Ordinário,Apropriação indébita,2023-03-26,False,2025-02-24,2025-04-15,,2026-04-17,2026-04-29,Público,https://esaj.tjsp.jus.br/cpopg/show.do?processo.codigo=68001CNFA0000&processo.numero=1586310-73.2022.8.26.0224
1502815-95.2023.8.26.0451,11º Promotor de Justiça de Piracicaba,Foro de Piracicaba,1ª Vara Criminal,2023/000354,Ação Penal - Procedimento Ordinário,Furto Qualificado,2023-03-23,False,2025-03-06,2025-03-27,,2025-06-03,2025-06-16,Público,https://esaj.tjsp.jus.br/cpopg/show.do?processo.codigo=CJ000TJXE0000&processo.numero=1502815-95.2023.8.26.0451
1502697-22.2023.8.26.0451,11º Promotor de Justiça de Piracicaba,Foro de Piracicaba,1ª Vara Criminal,2023/000336,Ação Penal - Procedimento Ordinário,Estelionato,2023-03-17,False,2024-07-16,2026-04-08,,,,Restrito,https://esaj.tjsp.jus.br/cpopg/show.do?processo.codigo=CJ000TJB00000&processo.numero=1502697-22.2023.8.26.0451
1502496-30.2023.8.26.0451,6º Promotor de Justiça de Piracicaba,Foro de Piracicaba,1ª Vara Criminal,2023/000292,Ação Penal - Procedimento Ordinário,Roubo,2023-03-09,False,2023-05-04,2025-05-29,,,,Restrito,https://esaj.tjsp.jus.br/cpopg/show.do?processo.codigo=CJ000TIDT0000&processo.numero=1502496-30.2023.8.26.0451
1502430-50.2023.8.26.0451,10º Promotor de Justiça de Piracicaba,Foro de Piracicaba,2ª Vara Criminal,2023/000289,Ação Penal - Procedimento Ordinário,Estupro de vulnerável,2023-03-08,False,2024-08-26,2025-09-25,2025-11-24,,,Restrito,https://esaj.tjsp.jus.br/cpopg/show.do?processo.codigo=CJ000TI4E0000&processo.numero=1502430-50.2023.8.26.0451
1500509-97.2023.8.26.0599,11º Promotor de Justiça de Piracicaba,Foro de Piracicaba,1ª Vara Criminal,2023/000255,Ação Penal - Procedimento Ordinário,Receptação,2023-02-28,False,2024-02-29,2025-08-28,,,,Restrito,https://esaj.tjsp.jus.br/cpopg/show.do?processo.codigo=GN0004A5G0000&processo.numero=1500509-97.2023.8.26.0599
1501157-36.2023.8.26.0451,7º Promotor de Justiça de Piracicaba,Foro de Piracicaba,3ª Vara Criminal,2023/000259,Ação Penal - Procedimento Ordinário,Furto Qualificado,2023-02-24,False,2024-12-23,2025-03-25,,,,Público,https://esaj.tjsp.jus.br/cpopg/show.do?processo.codigo=CJ000TFOX0000&processo.numero=1501157-36.2023.8.26.0451
1500978-05.2023.8.26.0451,10º Promotor de Justiça de Piracicaba,Foro de Piracicaba,2ª Vara Criminal,2023/000369,Ação Penal - Procedimento Ordinário,Crimes de Trânsito,2023-03-24,False,,2025-08-15,2025-09-29,,,Público,https://esaj.tjsp.jus.br/cpopg/show.do?processo.codigo=CJ000TFAQ0000&processo.numero=1500978-05.2023.8.26.0451
1501114-02.2023.8.26.0451,11º Promotor de Justiça de Piracicaba,Foro de Piracicaba,1ª Vara Criminal,2023/000224,Ação Penal - Procedimento Ordinário,Estelionato,2023-02-23,False,2024-05-20,2025-02-19,2025-02-27,,,Público,https://esaj.tjsp.jus.br/cpopg/show.do?processo.codigo=CJ000TFFL0000&processo.numero=1501114-02.2023.8.26.0451
1501117-54.2023.8.26.0451,7º Promotor de Justiça de Piracicaba,Foro de Piracicaba,3ª Vara Criminal,2023/000249,Ação Penal - Procedimento Ordinário,Furto,2023-02-23,False,2025-03-26,2025-08-06,,,,Público,https://esaj.tjsp.jus.br/cpopg/show.do?processo.codigo=CJ000TFGC0000&processo.numero=1501117-54.2023.8.26.0451
1501130-53.2023.8.26.0451,18º Promotor de Justiça de Piracicaba,Foro de Piracicaba,4ª Vara Criminal,2023/000293,Ação Penal - Procedimento Ordinário,Contra a Mulher,2023-02-23,False,2024-03-10,2026-03-02,,,,Restrito,https://esaj.tjsp.jus.br/cpopg/show.do?processo.codigo=CJ000TFHB0000&processo.numero=1501130-53.2023.8.26.0451
1500838-68.2023.8.26.0451,6º Promotor de Justiça de Piracicaba,Foro de Piracicaba,1ª Vara Criminal,2023/000210,Ação Penal - Procedimento Sumário,Falsidade ideológica,2023-02-20,False,2025-07-31,2025-09-23,,,,Público,https://esaj.tjsp.jus.br/cpopg/show.do?processo.codigo=CJ000TETG0000&processo.numero=1500838-68.2023.8.26.0451
1500681-95.2023.8.26.0451,9º Promotor de Justiça de Piracicaba,Foro de Piracicaba,2ª Vara Criminal,2023/000203,Inquérito Policial,Furto Qualificado,2023-02-14,False,,2026-05-25,,,,Público,https://esaj.tjsp.jus.br/cpopg/show.do?processo.codigo=CJ000TDXQ0000&processo.numero=1500681-95.2023.8.26.0451
1500539-91.2023.8.26.0451,13º Promotor de Justiça de Piracicaba,Foro de Piracicaba,Vara do Juizado Especial Cível e Criminal,2023/000298,Ação Penal - Procedimento Sumaríssimo,Contravenções Penais,2023-02-07,False,,2025-07-15,,,,Público,https://esaj.tjsp.jus.br/cpopg/show.do?processo.codigo=CJ000TCT10000&processo.numero=1500539-91.2023.8.26.0451
1500544-16.2023.8.26.0451,11º Promotor de Justiça de Piracicaba,Foro de Piracicaba,1ª Vara Criminal,2023/000144,Ação Penal - Procedimento Ordinário,Apropriação indébita,2023-02-07,False,2026-03-19,2026-03-20,,,,Público,https://esaj.tjsp.jus.br/cpopg/show.do?processo.codigo=CJ000TCU10000&processo.numero=1500544-16.2023.8.26.0451
1500521-70.2023.8.26.0451,4º Promotor de Justiça de Piracicaba,Foro de Piracicaba,3ª Vara Criminal,2023/000164,Ação Penal - Procedimento Ordinário,Apropriação indébita,2023-02-06,False,2024-04-15,2025-09-23,,,,Público,https://esaj.tjsp.jus.br/cpopg/show.do?processo.codigo=CJ000TCKX0000&processo.numero=1500521-70.2023.8.26.0451
1500526-92.2023.8.26.0451,9º Promotor de Justiça de Piracicaba,Foro de Piracicaba,2ª Vara Criminal,2023/000167,Ação Penal - Procedimento Ordinário,Furto,2023-02-06,False,2025-03-05,2025-09-16,,,,Público,https://esaj.tjsp.jus.br/cpopg/show.do?processo.codigo=CJ000TCME0000&processo.numero=1500526-92.2023.8.26.0451
1500265-71.2023.8.26.0599,1º Promotor de Justiça Auxiliar de Piracicaba,Foro de Piracicaba,4ª Vara Criminal,2023/000173,Ação Penal - Procedimento Ordinário,Crimes contra a Ordem Econômica,2023-02-03,False,2023-02-16,2025-06-27,,,,Público,https://esaj.tjsp.jus.br/cpopg/show.do?processo.codigo=GN00047620000&processo.numero=1500265-71.2023.8.26.0599
1500473-14.2023.8.26.0451,11º Promotor de Justiça de Piracicaba,Foro de Piracicaba,1ª Vara Criminal,2023/000124,Ação Penal - Procedimento Ordinário,Estelionato,2023-02-02,False,2025-02-14,2025-04-08,,,,Restrito,https://esaj.tjsp.jus.br/cpopg/show.do?processo.codigo=CJ000TC150000&processo.numero=1500473-14.2023.8.26.0451
1500484-43.2023.8.26.0451,11º Promotor de Justiça de Piracicaba,Foro de Piracicaba,1ª Vara Criminal,2023/000125,Ação Penal - Procedimento Ordinário,Estelionato,2023-02-02,False,2024-07-16,2025-05-06,2026-02-25,,,Restrito,https://esaj.tjsp.jus.br/cpopg/show.do?processo.codigo=CJ000TC2H0000&processo.numero=1500484-43.2023.8.26.0451
1500428-10.2023.8.26.0451,6º Promotor de Justiça de Piracicaba,Foro de Piracicaba,1ª Vara Criminal,2023/000111,Ação Penal - Procedimento Ordinário,Estelionato,2023-01-31,False,2025-03-24,2025-03-25,,,,Público,https://esaj.tjsp.jus.br/cpopg/show.do?processo.codigo=CJ000TBNV0000&processo.numero=1500428-10.2023.8.26.0451
1500429-92.2023.8.26.0451,18º Promotor de Justiça de Piracicaba,Foro de Piracicaba,4ª Vara Criminal,2023/000151,Ação Penal - Procedimento Ordinário,Adulteração de Sinal Identificador de Veículo Automotor,2023-01-31,False,2024-08-07,2025-02-27,,,,Público,https://esaj.tjsp.jus.br/cpopg/show.do?processo.codigo=CJ000TBO20000&processo.numero=1500429-92.2023.8.26.0451
1500234-10.2023.8.26.0451,11º Promotor de Justiça de Piracicaba,Foro de Piracicaba,1ª Vara Criminal,2023/000065,Ação Penal - Procedimento Ordinário,Ameaça,2023-01-17,False,2023-02-16,2025-08-12,,,,Restrito,https://esaj.tjsp.jus.br/cpopg/show.do?processo.codigo=CJ000T9MV0000&processo.numero=1500234-10.2023.8.26.0451
1500018-49.2023.8.26.0451,7º Promotor de Justiça de Piracicaba,Foro de Piracicaba,3ª Vara Criminal,2023/000005,Ação Penal - Procedimento Ordinário,Estelionato,2023-01-02,False,2023-06-23,2025-09-09,,,,Público,https://esaj.tjsp.jus.br/cpopg/show.do?processo.codigo=CJ000T7OI0000&processo.numero=1500018-49.2023.8.26.0451
1500021-04.2023.8.26.0451,9º Promotor de Justiça de Piracicaba,Foro de Piracicaba,2ª Vara Criminal,2023/000004,Ação Penal - Procedimento Ordinário,Receptação,2023-01-02,False,2025-04-30,2025-05-05,2025-06-18,,,Público,https://esaj.tjsp.jus.br/cpopg/show.do?processo.codigo=CJ000T7OM0000&processo.numero=1500021-04.2023.8.26.0451
1547130-48.2022.8.26.0451,6º Promotor de Justiça de Piracicaba,Foro de Piracicaba,1ª Vara Criminal,2022/001450,Ação Penal - Procedimento Ordinário,Receptação,2022-12-30,False,2025-03-26,2025-03-28,,,,Público,https://esaj.tjsp.jus.br/cpopg/show.do?processo.codigo=CJ000T7D10000&processo.numero=1547130-48.2022.8.26.0451
1547132-18.2022.8.26.0451,10º Promotor de Justiça de Piracicaba,Foro de Piracicaba,2ª Vara Criminal,2022/001428,Ação Penal - Procedimento Ordinário,Furto Qualificado,2022-12-30,False,2025-03-25,2025-04-08,,,,Público,https://esaj.tjsp.jus.br/cpopg/show.do?processo.codigo=CJ000T7D40000&processo.numero=1547132-18.2022.8.26.0451
1537664-30.2022.8.26.0451,6º Promotor de Justiça de Piracicaba,Foro de Piracicaba,1ª Vara Criminal,2022/001429,Ação Penal - Procedimento Ordinário,Receptação,2022-12-15,False,2025-04-17,2025-04-22,,,,Público,https://esaj.tjsp.jus.br/cpopg/show.do?processo.codigo=CJ000SYB70000&processo.numero=1537664-30.2022.8.26.0451
1537053-77.2022.8.26.0451,18º Promotor de Justiça de Piracicaba,Foro de Piracicaba,4ª Vara Criminal,2022/001583,Ação Penal - Procedimento Ordinário,Estelionato,2022-12-14,False,2024-03-05,2026-02-02,,,,Público,https://esaj.tjsp.jus.br/cpopg/show.do?processo.codigo=CJ000SXLE0000&processo.numero=1537053-77.2022.8.26.0451
1532261-80.2022.8.26.0451,10º Promotor de Justiça de Piracicaba,Foro de Piracicaba,2ª Vara Criminal,2022/001337,Ação Penal - Procedimento Ordinário,Estelionato,2022-11-23,False,2023-11-30,2026-01-29,,,,Público,https://esaj.tjsp.jus.br/cpopg/show.do?processo.codigo=CJ000SR530000&processo.numero=1532261-80.2022.8.26.0451
1524756-38.2022.8.26.0451,1º Promotor de Justiça Auxiliar de Piracicaba,Foro de Piracicaba,4ª Vara Criminal,2022/001481,Ação Penal - Procedimento Sumário,Crimes de Trânsito,2022-11-16,False,2024-08-01,2025-03-12,,,,Público,https://esaj.tjsp.jus.br/cpopg/show.do?processo.codigo=CJ000SK980000&processo.numero=1524756-38.2022.8.26.0451
1523724-95.2022.8.26.0451,6º Promotor de Justiça de Piracicaba,Foro de Piracicaba,1ª Vara Criminal,2022/001293,Ação Penal - Procedimento Ordinário,Estelionato,2022-11-04,False,2023-12-29,2025-03-07,,,,Público,https://esaj.tjsp.jus.br/cpopg/show.do?processo.codigo=CJ000SI5L0000&processo.numero=1523724-95.2022.8.26.0451
1508533-10.2022.8.26.0451,10º Promotor de Justiça de Piracicaba,Foro de Piracicaba,2ª Vara Criminal,2022/001197,Ação Penal - Procedimento Ordinário,Estelionato,2022-10-11,False,2024-01-08,2025-12-02,,,,Restrito,https://esaj.tjsp.jus.br/cpopg/show.do?processo.codigo=CJ000S3510000&processo.numero=1508533-10.2022.8.26.0451
1508534-92.2022.8.26.0451,6º Promotor de Justiça de Piracicaba,Foro de Piracicaba,1ª Vara Criminal,2022/001200,Ação Penal - Procedimento Ordinário,Roubo,2022-10-11,False,2025-06-03,2025-06-04,,,,Público,https://esaj.tjsp.jus.br/cpopg/show.do?processo.codigo=CJ000S3560000&processo.numero=1508534-92.2022.8.26.0451
1501467-20.2022.8.26.0599,11º Promotor de Justiça de Piracicaba,Foro de Piracicaba,1ª Vara Criminal,2022/001144,Ação Penal - Procedimento Ordinário,Crimes contra a Ordem Tributária,2022-09-27,False,2023-03-29,2025-03-27,,,,Restrito,https://esaj.tjsp.jus.br/cpopg/show.do?processo.codigo=GN0003R580000&processo.numero=1501467-20.2022.8.26.0599
1504137-87.2022.8.26.0451,9º Promotor de Justiça de Piracicaba,Foro de Piracicaba,2ª Vara Criminal,2022/001133,Ação Penal - Procedimento Ordinário,Furto Qualificado,2022-09-26,False,2023-11-29,2026-03-02,,,,Público,https://esaj.tjsp.jus.br/cpopg/show.do?processo.codigo=CJ000RXH20000&processo.numero=1504137-87.2022.8.26.0451
1503171-27.2022.8.26.0451,13º Promotor de Justiça de Piracicaba,Foro de Piracicaba,Vara do Juizado Especial Cível e Criminal,2025/001039,Ação Penal - Procedimento Sumaríssimo,Receptação,2025-04-02,False,2025-02-06,2025-04-14,,,,Público,https://esaj.tjsp.jus.br/cpopg/show.do?processo.codigo=CJ000RTOH0000&processo.numero=1503171-27.2022.8.26.0451
1503063-95.2022.8.26.0451,4º Promotor de Justiça de Piracicaba,Foro de Piracicaba,3ª Vara Criminal,2026/000313,Inquérito Policial,Estelionato,2026-03-19,False,2024-06-17,,,,,Público,https://esaj.tjsp.jus.br/cpopg/show.do?processo.codigo=CJ000RRWZ0000&processo.numero=1503063-95.2022.8.26.0451
1503056-06.2022.8.26.0451,11º Promotor de Justiça de Piracicaba,Foro de Piracicaba,1ª Vara Criminal,2022/001014,Ação Penal - Procedimento Ordinário,Furto,2022-08-24,False,2026-03-03,2026-03-05,,,,Público,https://esaj.tjsp.jus.br/cpopg/show.do?processo.codigo=CJ000RRTI0000&processo.numero=1503056-06.2022.8.26.0451
1502917-54.2022.8.26.0451,10º Promotor de Justiça de Piracicaba,Foro de Piracicaba,2ª Vara Criminal,2022/000965,Ação Penal - Procedimento Sumário,Crimes de Trânsito,2022-08-17,False,2023-10-23,2025-10-16,,,,Público,https://esaj.tjsp.jus.br/cpopg/show.do?processo.codigo=CJ000RQNX0000&processo.numero=1502917-54.2022.8.26.0451
1502754-74.2022.8.26.0451,6º Promotor de Justiça de Piracicaba,Foro de Piracicaba,1ª Vara Criminal,2022/000941,Ação Penal - Procedimento Ordinário,Roubo,2022-08-10,False,2025-04-23,2025-04-24,,,,Público,https://esaj.tjsp.jus.br/cpopg/show.do?processo.codigo=CJ000RPCX0000&processo.numero=1502754-74.2022.8.26.0451
1502363-22.2022.8.26.0451,11º Promotor de Justiça de Piracicaba,Foro de Piracicaba,1ª Vara Criminal,2022/000807,Ação Penal - Procedimento Ordinário,Furto,2022-07-13,False,2023-02-24,2025-04-16,,,,Público,https://esaj.tjsp.jus.br/cpopg/show.do?processo.codigo=CJ000RKRY0000&processo.numero=1502363-22.2022.8.26.0451
1502380-58.2022.8.26.0451,7º Promotor de Justiça de Piracicaba,Foro de Piracicaba,3ª Vara Criminal,2022/000765,Ação Penal - Procedimento Ordinário,Falsificação do selo ou sinal público,2022-07-13,False,2023-08-03,2025-11-24,,,,Público,https://esaj.tjsp.jus.br/cpopg/show.do?processo.codigo=CJ000RKW00000&processo.numero=1502380-58.2022.8.26.0451
1502386-65.2022.8.26.0451,11º Promotor de Justiça de Piracicaba,Foro de Piracicaba,1ª Vara Criminal,2022/000815,Ação Penal - Procedimento Ordinário,Estelionato,2022-07-13,False,2023-08-03,2026-02-20,,,,Restrito,https://esaj.tjsp.jus.br/cpopg/show.do?processo.codigo=CJ000RKWL0000&processo.numero=1502386-65.2022.8.26.0451
1502360-67.2022.8.26.0451,4º Promotor de Justiça de Piracicaba,Foro de Piracicaba,3ª Vara Criminal,2022/000760,Ação Penal - Procedimento Ordinário,Furto Qualificado,2022-07-12,False,2023-10-24,2025-11-19,,,,Público,https://esaj.tjsp.jus.br/cpopg/show.do?processo.codigo=CJ000RKRD0000&processo.numero=1502360-67.2022.8.26.0451
1505046-71.2021.8.26.0223,11º Promotor de Justiça de Piracicaba,Foro de Piracicaba,1ª Vara Criminal,2025/000536,Ação Penal - Procedimento Ordinário,Estelionato,2025-05-09,False,2022-05-25,2025-06-25,,,,Restrito,https://esaj.tjsp.jus.br/cpopg/show.do?processo.codigo=67000BQ6I0000&processo.numero=1505046-71.2021.8.26.0223
1502239-39.2022.8.26.0451,4º Promotor de Justiça de Piracicaba,Foro de Piracicaba,3ª Vara Criminal,2022/000722,Ação Penal - Procedimento Ordinário,Estelionato,2022-07-05,False,2025-06-26,2025-07-03,,,,Público,https://esaj.tjsp.jus.br/cpopg/show.do?processo.codigo=CJ000RJI40000&processo.numero=1502239-39.2022.8.26.0451
1502224-70.2022.8.26.0451,6º Promotor de Justiça de Piracicaba,Foro de Piracicaba,1ª Vara Criminal,2022/000760,Ação Penal - Procedimento Ordinário,"Sonegar ou inutilizar documento, acarretando pagamento indevido de tributo ou contribuição (Art. 3º, inciso I, 2ª parte, Lei 8137/90)",2022-07-04,False,2026-01-09,2026-01-13,2026-04-06,,,Público,https://esaj.tjsp.jus.br/cpopg/show.do?processo.codigo=CJ000RJD40000&processo.numero=1502224-70.2022.8.26.0451
1502020-26.2022.8.26.0451,4º Promotor de Justiça de Piracicaba,Foro de Piracicaba,3ª Vara Criminal,2022/000654,Ação Penal - Procedimento Ordinário,Estupro de vulnerável,2022-06-22,False,2024-01-14,2025-02-18,,,,Restrito,https://esaj.tjsp.jus.br/cpopg/show.do?processo.codigo=CJ000RHB80000&processo.numero=1502020-26.2022.8.26.0451
1501702-43.2022.8.26.0451,4º Promotor de Justiça de Piracicaba,Foro de Piracicaba,3ª Vara Criminal,2025/000743,Ação Penal - Procedimento Sumaríssimo,Desobediência,2025-06-09,False,,2025-06-12,,2025-03-25,2025-03-26,Público,https://esaj.tjsp.jus.br/cpopg/show.do?processo.codigo=CJ000RBDW0000&processo.numero=1501702-43.2022.8.26.0451
1501348-18.2022.8.26.0451,11º Promotor de Justiça de Piracicaba,Foro de Piracicaba,1ª Vara Criminal,2022/000506,Ação Penal - Procedimento Ordinário,"Sonegar ou inutilizar documento, acarretando pagamento indevido de tributo ou contribuição (Art. 3º, inciso I, 2ª parte, Lei 8137/90)",2022-05-02,False,2025-03-24,2025-05-23,,,,Público,https://esaj.tjsp.jus.br/cpopg/show.do?processo.codigo=CJ000R8FS0000&processo.numero=1501348-18.2022.8.26.0451
1501127-35.2022.8.26.0451,7º Promotor de Justiça de Piracicaba,Foro de Piracicaba,3ª Vara Criminal,2022/000397,Ação Penal - Procedimento Ordinário,Falsificação de documento público,2022-04-13,False,2024-01-08,2025-10-16,2025-12-08,,,Público,https://esaj.tjsp.jus.br/cpopg/show.do?processo.codigo=CJ000R5UZ0000&processo.numero=1501127-35.2022.8.26.0451
1500953-26.2022.8.26.0451,7º Promotor de Justiça de Piracicaba,Foro de Piracicaba,3ª Vara Criminal,2022/000326,Ação Penal - Procedimento Ordinário,Furto,2022-03-28,False,2025-01-29,2025-10-30,,,,Público,https://esaj.tjsp.jus.br/cpopg/show.do?processo.codigo=CJ000R32K0000&processo.numero=1500953-26.2022.8.26.0451
1500798-23.2022.8.26.0451,4º Promotor de Justiça de Piracicaba,Foro de Piracicaba,3ª Vara Criminal,2022/000292,Ação Penal - Procedimento Ordinário,Uso de documento falso,2022-03-18,False,2023-03-28,2025-08-15,,,,Público,https://esaj.tjsp.jus.br/cpopg/show.do?processo.codigo=CJ000R1GE0000&processo.numero=1500798-23.2022.8.26.0451
1500605-08.2022.8.26.0451,10º Promotor de Justiça de Piracicaba,Foro de Piracicaba,2ª Vara Criminal,2022/000279,Ação Penal - Procedimento Ordinário,Estelionato,2022-03-04,False,2024-04-02,2025-10-16,,,,Público,https://esaj.tjsp.jus.br/cpopg/show.do?processo.codigo=CJ000QZ820000&processo.numero=1500605-08.2022.8.26.0451
1500303-20.2022.8.26.0599,10º Promotor de Justiça de Piracicaba,Foro de Piracicaba,2ª Vara Criminal,2022/000267,Ação Penal - Procedimento Ordinário,Abandono de incapaz,2022-03-02,False,2022-03-16,2025-08-15,,,,Restrito,https://esaj.tjsp.jus.br/cpopg/show.do?processo.codigo=GN0002ZTS0000&processo.numero=1500303-20.2022.8.26.0599
1500536-73.2022.8.26.0451,7º Promotor de Justiça de Piracicaba,Foro de Piracicaba,3ª Vara Criminal,2022/000228,Ação Penal - Procedimento Ordinário,Estelionato,2022-02-24,False,2024-09-03,2026-03-17,,,,Público,https://esaj.tjsp.jus.br/cpopg/show.do?processo.codigo=CJ000QY780000&processo.numero=1500536-73.2022.8.26.0451
1500522-89.2022.8.26.0451,6º Promotor de Justiça de Piracicaba,Foro de Piracicaba,1ª Vara Criminal,2022/000232,Inquérito Policial,Estelionato,2022-02-22,False,2022-09-22,2026-05-22,,,,Público,https://esaj.tjsp.jus.br/cpopg/show.do?processo.codigo=CJ000QXWZ0000&processo.numero=1500522-89.2022.8.26.0451
1500045-66.2022.8.26.0451,18º Promotor de Justiça de Piracicaba,Foro de Piracicaba,4ª Vara Criminal,2022/000003,Ação Penal - Procedimento Ordinário,Apropriação indébita,2022-01-06,False,2022-10-10,2026-05-05,2026-05-18,,,Público,https://esaj.tjsp.jus.br/cpopg/show.do?processo.codigo=CJ000QQBL0000&processo.numero=1500045-66.2022.8.26.0451
1503810-79.2021.8.26.0451,10º Promotor de Justiça de Piracicaba,Foro de Piracicaba,2ª Vara Criminal,2021/001219,Ação Penal - Procedimento Ordinário,Estelionato,2021-12-06,False,2024-11-28,2025-11-13,,,,Público,https://esaj.tjsp.jus.br/cpopg/show.do?processo.codigo=CJ000QIOF0000&processo.numero=1503810-79.2021.8.26.0451
0021196-17.2016.8.26.0050,7º Promotor de Justiça de Piracicaba,Foro de Piracicaba,3ª Vara Criminal,2021/001279,Ação Penal - Procedimento Ordinário,Estelionato,2021-12-03,False,,2026-05-06,,,,Restrito,https://esaj.tjsp.jus.br/cpopg/show.do?processo.codigo=1E001UNJQ0000&processo.numero=0021196-17.2016.8.26.0050
1502993-15.2021.8.26.0451,18º Promotor de Justiça de Piracicaba,Foro de Piracicaba,4ª Vara Criminal,2021/000967,Ação Penal - Procedimento Ordinário,Receptação,2021-08-24,False,2025-01-08,2025-02-27,,,,Público,https://esaj.tjsp.jus.br/cpopg/show.do?processo.codigo=CJ000Q2A60000&processo.numero=1502993-15.2021.8.26.0451
1520534-37.2020.8.26.0050,10º Promotor de Justiça de Piracicaba,Foro de Piracicaba,2ª Vara Criminal,2021/000859,Inquérito Policial,Estelionato,2021-08-19,False,2025-05-10,2025-12-12,,,,Público,https://esaj.tjsp.jus.br/cpopg/show.do?processo.codigo=1E00254R70000&processo.numero=1520534-37.2020.8.26.0050
1502821-73.2021.8.26.0451,9º Promotor de Justiça de Piracicaba,Foro de Piracicaba,2ª Vara Criminal,2021/000814,Ação Penal - Procedimento Ordinário,Estelionato,2021-08-04,False,2022-09-30,2025-04-10,,2026-03-25,2026-03-30,Público,https://esaj.tjsp.jus.br/cpopg/show.do?processo.codigo=CJ000PZ8Y0000&processo.numero=1502821-73.2021.8.26.0451
1502802-67.2021.8.26.0451,7º Promotor de Justiça de Piracicaba,Foro de Piracicaba,3ª Vara Criminal,2021/000837,Ação Penal - Procedimento Ordinário,Estelionato,2021-07-30,False,2022-03-11,2026-03-12,,,,Público,https://esaj.tjsp.jus.br/cpopg/show.do?processo.codigo=CJ000PYIB0000&processo.numero=1502802-67.2021.8.26.0451
1502684-91.2021.8.26.0451,7º Promotor de Justiça de Piracicaba,Foro de Piracicaba,3ª Vara Criminal,2021/000797,Ação Penal - Procedimento Ordinário,Furto Qualificado,2021-07-21,False,2024-02-26,2025-03-19,,,,Público,https://esaj.tjsp.jus.br/cpopg/show.do?processo.codigo=CJ000PWZQ0000&processo.numero=1502684-91.2021.8.26.0451
1502654-56.2021.8.26.0451,7º Promotor de Justiça de Piracicaba,Foro de Piracicaba,3ª Vara Criminal,2021/000779,Ação Penal - Procedimento Ordinário,Receptação,2021-07-16,False,2022-05-11,2025-11-10,,,,Público,https://esaj.tjsp.jus.br/cpopg/show.do?processo.codigo=CJ000PW5D0000&processo.numero=1502654-56.2021.8.26.0451
1502615-59.2021.8.26.0451,6º Promotor de Justiça de Piracicaba,Foro de Piracicaba,1ª Vara Criminal,2021/000750,Inquérito Policial,Apropriação indébita,2021-07-13,False,2025-06-12,,,,,Público,https://esaj.tjsp.jus.br/cpopg/show.do?processo.codigo=CJ000PVLQ0000&processo.numero=1502615-59.2021.8.26.0451
1501038-87.2021.8.26.0599,6º Promotor de Justiça de Piracicaba,Foro de Piracicaba,1ª Vara Criminal,2021/000720,Ação Penal - Procedimento Ordinário,Crimes de Trânsito,2021-07-05,False,2021-07-15,2026-03-11,,,,Público,https://esaj.tjsp.jus.br/cpopg/show.do?processo.codigo=GN00024LR0000&processo.numero=1501038-87.2021.8.26.0599
1500820-59.2021.8.26.0599,7º Promotor de Justiça de Piracicaba,Foro de Piracicaba,3ª Vara Criminal,2021/000566,Ação Penal - Procedimento Ordinário,Crimes de Trânsito,2021-05-23,False,2021-06-01,2025-08-08,,,,Público,https://esaj.tjsp.jus.br/cpopg/show.do?processo.codigo=GN0001YYK0000&processo.numero=1500820-59.2021.8.26.0599
1500781-62.2021.8.26.0599,7º Promotor de Justiça de Piracicaba,Foro de Piracicaba,3ª Vara Criminal,2021/000535,Ação Penal - Procedimento Ordinário,Furto Qualificado,2021-05-13,False,2021-06-09,2025-07-04,,,,Público,https://esaj.tjsp.jus.br/cpopg/show.do?processo.codigo=GN0001XMQ0000&processo.numero=1500781-62.2021.8.26.0599
1501880-26.2021.8.26.0451,11º Promotor de Justiça de Piracicaba,Foro de Piracicaba,1ª Vara Criminal,2021/000515,Ação Penal - Procedimento Ordinário,Furto,2021-05-10,False,2024-10-22,2025-11-13,,,,Público,https://esaj.tjsp.jus.br/cpopg/show.do?processo.codigo=CJ000PLCQ0000&processo.numero=1501880-26.2021.8.26.0451
1501745-14.2021.8.26.0451,7º Promotor de Justiça de Piracicaba,Foro de Piracicaba,3ª Vara Criminal,2021/000489,Ação Penal - Procedimento Ordinário,Furto Qualificado,2021-04-28,False,2025-11-05,2025-11-06,,,,Público,https://esaj.tjsp.jus.br/cpopg/show.do?processo.codigo=CJ000PJNH0000&processo.numero=1501745-14.2021.8.26.0451
1501127-69.2021.8.26.0451,6º Promotor de Justiça de Piracicaba,Foro de Piracicaba,1ª Vara Criminal,2021/000221,Ação Penal - Procedimento Ordinário,Furto,2021-02-25,False,2025-08-28,2025-08-29,,,,Público,https://esaj.tjsp.jus.br/cpopg/show.do?processo.codigo=CJ000P9Z10000&processo.numero=1501127-69.2021.8.26.0451
1500294-92.2021.8.26.0599,18º Promotor de Justiça de Piracicaba,Foro de Piracicaba,4ª Vara Criminal,2021/000203,Ação Penal - Procedimento Ordinário,Crimes do Sistema Nacional de Armas,2021-02-19,False,2021-03-13,2026-01-16,,,,Público,https://esaj.tjsp.jus.br/cpopg/show.do?processo.codigo=GN0001N3J0000&processo.numero=1500294-92.2021.8.26.0599
1500790-80.2021.8.26.0451,6º Promotor de Justiça de Piracicaba,Foro de Piracicaba,1ª Vara Criminal,2021/000110,Ação Penal - Procedimento Ordinário,Furto Qualificado,2021-01-29,False,2025-08-27,2025-10-08,,,,Público,https://esaj.tjsp.jus.br/cpopg/show.do?processo.codigo=CJ000P5750000&processo.numero=1500790-80.2021.8.26.0451
1501498-11.2020.8.26.0599,11º Promotor de Justiça de Piracicaba,Foro de Piracicaba,1ª Vara Criminal,2020/001334,Ação Penal - Procedimento Ordinário,Crimes de Trânsito,2020-11-26,False,2020-12-14,2025-05-16,,,,Público,https://esaj.tjsp.jus.br/cpopg/show.do?processo.codigo=GN0001B190000&processo.numero=1501498-11.2020.8.26.0599
1546062-34.2020.8.26.0451,9º Promotor de Justiça de Piracicaba,Foro de Piracicaba,2ª Vara Criminal,2020/001314,Ação Penal - Procedimento Ordinário,Crimes contra a Ordem Tributária,2020-11-24,False,2025-03-17,2025-03-21,,,,Público,https://esaj.tjsp.jus.br/cpopg/show.do?processo.codigo=CJ000OTQR0000&processo.numero=1546062-34.2020.8.26.0451
1545902-09.2020.8.26.0451,7º Promotor de Justiça de Piracicaba,Foro de Piracicaba,3ª Vara Criminal,2020/001315,Ação Penal - Procedimento Ordinário,Estelionato,2020-11-17,False,2023-05-24,2026-02-13,,,,Público,https://esaj.tjsp.jus.br/cpopg/show.do?processo.codigo=CJ000OSHD0000&processo.numero=1545902-09.2020.8.26.0451
1545912-53.2020.8.26.0451,4º Promotor de Justiça de Piracicaba,Foro de Piracicaba,3ª Vara Criminal,2020/001320,Ação Penal - Procedimento Ordinário,Uso de documento falso,2020-11-17,False,2025-02-05,2025-02-14,2025-05-02,,,Público,https://esaj.tjsp.jus.br/cpopg/show.do?processo.codigo=CJ000OSIL0000&processo.numero=1545912-53.2020.8.26.0451
1545401-55.2020.8.26.0451,6º Promotor de Justiça de Piracicaba,Foro de Piracicaba,1ª Vara Criminal,2020/001241,Inquérito Policial,"Sonegar ou inutilizar documento, acarretando pagamento indevido de tributo ou contribuição (Art. 3º, inciso I, 2ª parte, Lei 8137/90)",2020-11-05,False,2025-09-26,2026-05-05,,,,Público,https://esaj.tjsp.jus.br/cpopg/show.do?processo.codigo=CJ000OQ670000&processo.numero=1545401-55.2020.8.26.0451
1504592-28.2020.8.26.0126,11º Promotor de Justiça de Piracicaba,Foro de Piracicaba,1ª Vara Criminal,2024/000715,Ação Penal - Procedimento Ordinário,Estelionato,2024-06-28,False,2024-06-07,2025-04-25,,,,Restrito,https://esaj.tjsp.jus.br/cpopg/show.do?processo.codigo=3I00047GW0000&processo.numero=1504592-28.2020.8.26.0126
1544382-14.2020.8.26.0451,7º Promotor de Justiça de Piracicaba,Foro de Piracicaba,3ª Vara Criminal,2020/001129,Ação Penal - Procedimento Ordinário,Roubo Majorado,2020-10-01,False,2022-10-13,2025-02-19,,,,Público,https://esaj.tjsp.jus.br/cpopg/show.do?processo.codigo=CJ000OJZS0000&processo.numero=1544382-14.2020.8.26.0451
1543468-47.2020.8.26.0451,7º Promotor de Justiça de Piracicaba,Foro de Piracicaba,3ª Vara Criminal,2020/001045,Ação Penal - Procedimento Ordinário,Crimes de Trânsito,2020-09-11,False,2021-01-07,2025-02-13,,,,Público,https://esaj.tjsp.jus.br/cpopg/show.do?processo.codigo=CJ000OFW90000&processo.numero=1543468-47.2020.8.26.0451
1542450-88.2020.8.26.0451,18º Promotor de Justiça de Piracicaba,Foro de Piracicaba,4ª Vara Criminal,2020/001029,Ação Penal - Procedimento Ordinário,Furto,2020-08-05,False,2020-10-02,2025-10-20,2025-10-29,,,Público,https://esaj.tjsp.jus.br/cpopg/show.do?processo.codigo=CJ000O8RO0000&processo.numero=1542450-88.2020.8.26.0451
1542413-61.2020.8.26.0451,6º Promotor de Justiça de Piracicaba,Foro de Piracicaba,1ª Vara Criminal,2020/000922,Ação Penal - Procedimento Ordinário,Extorsão,2020-07-30,False,2022-07-11,2025-07-17,,,,Restrito,https://esaj.tjsp.jus.br/cpopg/show.do?processo.codigo=CJ000O84B0000&processo.numero=1542413-61.2020.8.26.0451
1542154-66.2020.8.26.0451,11º Promotor de Justiça de Piracicaba,Foro de Piracicaba,1ª Vara Criminal,2020/000878,Ação Penal - Procedimento Ordinário,Estelionato,2020-07-16,False,2023-01-05,2025-10-09,,,,Restrito,https://esaj.tjsp.jus.br/cpopg/show.do?processo.codigo=CJ000O6C90000&processo.numero=1542154-66.2020.8.26.0451
0006209-92.2020.8.26.0451,7º Promotor de Justiça de Piracicaba,Foro de Piracicaba,3ª Vara Criminal,2020/000867,Ação Penal - Procedimento Ordinário,Crimes do Sistema Nacional de Armas,2020-07-13,False,,2025-12-03,,,,Público,https://esaj.tjsp.jus.br/cpopg/show.do?processo.codigo=CJ000O5KS0000&processo.numero=0006209-92.2020.8.26.0451
1541211-49.2020.8.26.0451,7º Promotor de Justiça de Piracicaba,Foro de Piracicaba,3ª Vara Criminal,2020/000826,Ação Penal - Procedimento Ordinário,Crimes contra a Ordem Tributária,2020-07-02,False,2023-01-05,2025-09-12,2025-11-14,,,Público,https://esaj.tjsp.jus.br/cpopg/show.do?processo.codigo=CJ000O3XG0000&processo.numero=1541211-49.2020.8.26.0451
1532574-12.2020.8.26.0451,6º Promotor de Justiça de Piracicaba,Foro de Piracicaba,1ª Vara Criminal,2020/000781,Ação Penal - Procedimento Ordinário,Crimes de Trânsito,2020-06-15,False,2020-12-09,2025-05-19,,,,Público,https://esaj.tjsp.jus.br/cpopg/show.do?processo.codigo=CJ000NUUJ0000&processo.numero=1532574-12.2020.8.26.0451
1532562-95.2020.8.26.0451,4º Promotor de Justiça de Piracicaba,Foro de Piracicaba,3ª Vara Criminal,2020/000773,Ação Penal - Procedimento Ordinário,DIREITO PENAL-Crimes contra a Paz Pública-Dano Qualificado contra a Administração Pública,2020-06-12,False,2020-09-16,2025-04-08,,,,Público,https://esaj.tjsp.jus.br/cpopg/show.do?processo.codigo=CJ000NUK80000&processo.numero=1532562-95.2020.8.26.0451
1530173-40.2020.8.26.0451,6º Promotor de Justiça de Piracicaba,Foro de Piracicaba,1ª Vara Criminal,2020/000752,Ação Penal - Procedimento Ordinário,Furto Qualificado,2020-06-05,False,2025-03-25,2025-04-15,2025-10-01,,,Público,https://esaj.tjsp.jus.br/cpopg/show.do?processo.codigo=CJ000NQE10000&processo.numero=1530173-40.2020.8.26.0451
1500466-68.2020.8.26.0599,7º Promotor de Justiça de Piracicaba,Foro de Piracicaba,3ª Vara Criminal,2020/000539,Ação Penal - Procedimento Ordinário,Receptação,2020-04-15,False,2020-04-29,2025-12-04,,,,Público,https://esaj.tjsp.jus.br/cpopg/show.do?processo.codigo=GN0000JKL0000&processo.numero=1500466-68.2020.8.26.0599
1509785-19.2020.8.26.0451,7º Promotor de Justiça de Piracicaba,Foro de Piracicaba,3ª Vara Criminal,2020/000488,Procedimento Especial da Lei Antitóxicos,Tráfico de Drogas e Condutas Afins,2020-04-02,False,2023-03-27,2025-06-06,2026-02-10,,,Público,https://esaj.tjsp.jus.br/cpopg/show.do?processo.codigo=CJ000N4GP0000&processo.numero=1509785-19.2020.8.26.0451
1509699-48.2020.8.26.0451,6º Promotor de Justiça de Piracicaba,Foro de Piracicaba,1ª Vara Criminal,2020/000473,Procedimento Especial da Lei Antitóxicos,Tráfico de Drogas e Condutas Afins,2020-03-30,False,2025-09-26,2025-09-26,2025-10-13,,,Público,https://esaj.tjsp.jus.br/cpopg/show.do?processo.codigo=CJ000N3W50000&processo.numero=1509699-48.2020.8.26.0451
1509683-94.2020.8.26.0451,9º Promotor de Justiça de Piracicaba,Foro de Piracicaba,2ª Vara Criminal,2020/000460,Ação Penal - Procedimento Ordinário,Certidão ou atestado ideologicamente falso,2020-03-27,False,2020-04-23,2025-09-29,,,,Público,https://esaj.tjsp.jus.br/cpopg/show.do?processo.codigo=CJ000N3LZ0000&processo.numero=1509683-94.2020.8.26.0451
1500042-82.2020.8.26.0451,7º Promotor de Justiça de Piracicaba,Foro de Piracicaba,3ª Vara Criminal,2020/000015,Ação Penal - Procedimento Sumário,Dano Qualificado,2020-01-06,False,2020-04-25,2026-01-16,,,,Público,https://esaj.tjsp.jus.br/cpopg/show.do?processo.codigo=CJ000MJVY0000&processo.numero=1500042-82.2020.8.26.0451
1510601-35.2019.8.26.0451,6º Promotor de Justiça de Piracicaba,Foro de Piracicaba,1ª Vara Criminal,2019/002030,Ação Penal - Procedimento Ordinário,Furto Qualificado,2019-10-31,False,2025-12-30,2026-01-07,,,,Público,https://esaj.tjsp.jus.br/cpopg/show.do?processo.codigo=CJ000M94P0000&processo.numero=1510601-35.2019.8.26.0451
1509957-92.2019.8.26.0451,1º Promotor de Justiça Auxiliar de Piracicaba,Foro de Piracicaba,4ª Vara Criminal,2019/001931,Ação Penal - Procedimento Ordinário,Apropriação indébita,2019-10-14,False,2025-02-11,2025-02-18,,,,Público,https://esaj.tjsp.jus.br/cpopg/show.do?processo.codigo=CJ000M6700000&processo.numero=1509957-92.2019.8.26.0451
1501222-14.2019.8.26.0599,10º Promotor de Justiça de Piracicaba,Foro de Piracicaba,2ª Vara Criminal,2019/001446,Ação Penal - Procedimento Ordinário,Estelionato,2019-08-13,False,2019-08-19,2025-09-23,2025-09-29,,,Público,https://esaj.tjsp.jus.br/cpopg/show.do?processo.codigo=GN00005BP0000&processo.numero=1501222-14.2019.8.26.0599
1505923-74.2019.8.26.0451,7º Promotor de Justiça de Piracicaba,Foro de Piracicaba,3ª Vara Criminal,2019/001168,Ação Penal - Procedimento Ordinário,Crimes de Trânsito,2019-06-25,False,2024-05-20,2025-02-20,,,,Público,https://esaj.tjsp.jus.br/cpopg/show.do?processo.codigo=CJ000LMSI0000&processo.numero=1505923-74.2019.8.26.0451
1505806-83.2019.8.26.0451,4º Promotor de Justiça de Piracicaba,Foro de Piracicaba,3ª Vara Criminal,2019/001091,Ação Penal - Procedimento Ordinário,Estelionato,2019-06-12,False,2022-11-29,2025-02-17,,,,Público,https://esaj.tjsp.jus.br/cpopg/show.do?processo.codigo=CJ000LL8Z0000&processo.numero=1505806-83.2019.8.26.0451
1503904-95.2019.8.26.0451,7º Promotor de Justiça de Piracicaba,Foro de Piracicaba,3ª Vara Criminal,2019/000797,Ação Penal - Procedimento Ordinário,Estupro de vulnerável,2019-05-04,False,2021-06-17,2026-05-04,,,,Restrito,https://esaj.tjsp.jus.br/cpopg/show.do?processo.codigo=CJ000LE2E0000&processo.numero=1503904-95.2019.8.26.0451
1503906-65.2019.8.26.0451,7º Promotor de Justiça de Piracicaba,Foro de Piracicaba,3ª Vara Criminal,2019/000798,Ação Penal - Procedimento Ordinário,Abandono Material,2019-05-04,False,2020-09-26,2025-08-29,,,,Restrito,https://esaj.tjsp.jus.br/cpopg/show.do?processo.codigo=CJ000LE2G0000&processo.numero=1503906-65.2019.8.26.0451
1502851-79.2019.8.26.0451,7º Promotor de Justiça de Piracicaba,Foro de Piracicaba,3ª Vara Criminal,2019/000455,Ação Penal - Procedimento Ordinário,Crimes contra a Ordem Tributária,2019-03-14,False,2022-03-09,2025-06-18,,,,Público,https://esaj.tjsp.jus.br/cpopg/show.do?processo.codigo=CJ000L6790000&processo.numero=1502851-79.2019.8.26.0451
1500432-30.2019.8.26.0599,7º Promotor de Justiça de Piracicaba,Foro de Piracicaba,3ª Vara Criminal,2019/000449,Ação Penal - Procedimento Ordinário,Receptação Qualificada,2019-03-14,False,2019-04-04,2025-06-09,2025-07-01,,,Público,https://esaj.tjsp.jus.br/cpopg/show.do?processo.codigo=GN000045A0000&processo.numero=1500432-30.2019.8.26.0599
1502504-46.2019.8.26.0451,7º Promotor de Justiça de Piracicaba,Foro de Piracicaba,3ª Vara Criminal,2019/000375,Ação Penal - Procedimento Ordinário,Estelionato,2019-03-01,False,2025-10-14,2026-05-18,,,,Público,https://esaj.tjsp.jus.br/cpopg/show.do?processo.codigo=CJ000L4IQ0000&processo.numero=1502504-46.2019.8.26.0451
1500154-85.2019.8.26.0451,7º Promotor de Justiça de Piracicaba,Foro de Piracicaba,3ª Vara Criminal,2019/000037,Ação Penal - Procedimento Ordinário,Furto Qualificado,2019-01-10,False,2024-08-14,2025-06-09,,,,Público,https://esaj.tjsp.jus.br/cpopg/show.do?processo.codigo=CJ000KVA90000&processo.numero=1500154-85.2019.8.26.0451
1541203-43.2018.8.26.0451,7º Promotor de Justiça de Piracicaba,Foro de Piracicaba,3ª Vara Criminal,2018/002075,Ação Penal - Procedimento Ordinário,Crimes de Trânsito,2018-11-26,False,2020-11-19,2025-09-01,,,,Público,https://esaj.tjsp.jus.br/cpopg/show.do?processo.codigo=CJ000KNG90000&processo.numero=1541203-43.2018.8.26.0451
1536905-08.2018.8.26.0451,6º Promotor de Justiça de Piracicaba,Foro de Piracicaba,1ª Vara Criminal,2018/001941,Ação Penal - Procedimento Ordinário,Furto,2018-11-08,False,2025-04-01,2025-04-02,2025-04-30,,,Restrito,https://esaj.tjsp.jus.br/cpopg/show.do?processo.codigo=CJ000KI400000&processo.numero=1536905-08.2018.8.26.0451
1522448-68.2018.8.26.0451,18º Promotor de Justiça de Piracicaba,Foro de Piracicaba,4ª Vara Criminal,2018/001611,Ação Penal - Procedimento Ordinário,Estelionato,2018-09-20,False,2022-08-16,2025-11-27,,,,Público,https://esaj.tjsp.jus.br/cpopg/show.do?processo.codigo=CJ000I7UX0000&processo.numero=1522448-68.2018.8.26.0451
1519390-57.2018.8.26.0451,7º Promotor de Justiça de Piracicaba,Foro de Piracicaba,3ª Vara Criminal,2018/001596,Ação Penal - Procedimento Ordinário,Falso testemunho ou falsa perícia,2018-09-11,False,2022-07-12,2025-09-01,,,,Restrito,https://esaj.tjsp.jus.br/cpopg/show.do?processo.codigo=CJ000I4DA0000&processo.numero=1519390-57.2018.8.26.0451
0013445-66.2018.8.26.0451,11º Promotor de Justiça de Piracicaba,Foro de Piracicaba,1ª Vara Criminal,2018/001425,Ação Penal - Procedimento Ordinário,Furto Qualificado,2018-08-23,False,,2025-02-25,,,,Restrito,https://esaj.tjsp.jus.br/cpopg/show.do?processo.codigo=CJ000I13F0000&processo.numero=0013445-66.2018.8.26.0451
1500201-10.2018.8.26.0511,7º Promotor de Justiça de Piracicaba,Foro de Piracicaba,3ª Vara Criminal,2020/000918,Ação Penal - Procedimento Ordinário,Estupro de vulnerável,2020-07-28,False,2020-04-29,2025-03-13,,,,Restrito,https://esaj.tjsp.jus.br/cpopg/show.do?processo.codigo=E70000EP60000&processo.numero=1500201-10.2018.8.26.0511
0011286-53.2018.8.26.0451,4º Promotor de Justiça de Piracicaba,Foro de Piracicaba,3ª Vara Criminal,2018/001181,Ação Penal - Procedimento Ordinário,Furto,2018-07-14,False,,2025-06-04,,,,Restrito,https://esaj.tjsp.jus.br/cpopg/show.do?processo.codigo=CJ000HKDD0000&processo.numero=0011286-53.2018.8.26.0451
0010579-85.2018.8.26.0451,9º Promotor de Justiça de Piracicaba,Foro de Piracicaba,2ª Vara Criminal,2018/001093,Ação Penal - Procedimento Ordinário,Apropriação indébita,2018-06-30,False,,2025-05-28,,,,Restrito,https://esaj.tjsp.jus.br/cpopg/show.do?processo.codigo=CJ000HILQ0000&processo.numero=0010579-85.2018.8.26.0451
0010466-34.2018.8.26.0451,11º Promotor de Justiça de Piracicaba,Foro de Piracicaba,1ª Vara Criminal,2018/001084,Ação Penal - Procedimento Ordinário,Estelionato,2018-06-28,False,,2025-12-03,,,,Restrito,https://esaj.tjsp.jus.br/cpopg/show.do?processo.codigo=CJ000HIB90000&processo.numero=0010466-34.2018.8.26.0451
0007739-05.2018.8.26.0451,7º Promotor de Justiça de Piracicaba,Foro de Piracicaba,3ª Vara Criminal,2018/000768,Ação Penal - Procedimento Ordinário,Estelionato,2018-05-18,False,,2025-04-04,,,,Restrito,https://esaj.tjsp.jus.br/cpopg/show.do?processo.codigo=CJ000HCLU0000&processo.numero=0007739-05.2018.8.26.0451
0037551-05.2012.8.26.0451,7º Promotor de Justiça de Piracicaba,Foro de Piracicaba,3ª Vara Criminal,2012/002815,Ação Penal - Procedimento Ordinário,Furto,2012-12-18,False,,2026-03-25,,,,Restrito,https://esaj.tjsp.jus.br/cpopg/show.do?processo.codigo=CJY0C0SZ30000&processo.numero=0037551-05.2012.8.26.0451
